id,decision,score,category,family,question,correct_answer,reasons
q018,KEEP,8.0,Coğrafya,geo,Tamamı Türkiye sınırları içinde bulunan deniz hangisidir?,Marmara Denizi,
q021,KEEP,8.0,Eğlence,entertainment,Friends dizisindeki ünlü kahve dükkânının adı nedir?,Central Perk,
q041,KEEP,8.0,Tarih,history,İstanbul hangi yılda Osmanlı tarafından fethedildi?,1453,
q086,KEEP,8.0,Bilim & Doğa,science,“Kızıl Gezegen” olarak bilinen gezegen hangisidir?,Mars,
q116,KEEP,8.0,Spor,sport,Modern Olimpiyat Oyunlarının tarihsel kökeni hangi ülkeye dayanır?,Yunanistan,
q1092,KEEP,8.0,Tarih,history,Keops Piramidi'nin yaklaşık olarak hangi tarihte tamamlandığı kabul edilir?,MÖ 2560 dolayları,
q1153,KEEP,8.0,Tarih,history,Jül Sezar MÖ 44'te hangi şehirde öldürüldü?,Roma,
q2920,KEEP,8.0,Spor,sport,1936 Yaz Olimpiyatları hangi şehirde düzenlendi?,Berlin,
q064,KEEP,7.5,Sanat & Edebiyat,art,Küçük Prens’in yazarı kimdir?,Antoine de Saint-Exupéry,
q070,KEEP,7.5,Sanat & Edebiyat,art,Suç ve Ceza romanının yazarı kimdir?,Dostoyevski,
q073,KEEP,7.5,Sanat & Edebiyat,art,İnce Memed romanının yazarı kimdir?,Yaşar Kemal,
q076,KEEP,7.5,Sanat & Edebiyat,art,Hababam Sınıfı’nın yazarı kimdir?,Rıfat Ilgaz,
q079,KEEP,7.5,Sanat & Edebiyat,art,Madame Bovary romanının yazarı kimdir?,Gustave Flaubert,
q1582,KEEP,7.5,Sanat & Edebiyat,art,Dante'nin İlahi Komedya adlı eserini tamamladığı kabul edilen yıl hangisidir?,1321,
q1813,KEEP,7.5,Sanat & Edebiyat,art,Gülün Adı romanının yazarı kimdir?,Umberto Eco,
q6956,KEEP,7.5,Spor,sport,Rio de Janeiro şehrinde ve Brezilya ülkesinde düzenlenen Yaz Olimpiyatları hangisidir?,2016 Yaz Olimpiyatları,
q6968,KEEP,7.5,Spor,sport,Atina şehrinde ve Yunanistan ülkesinde düzenlenen Yaz Olimpiyatları hangisidir?,1896 Yaz Olimpiyatları,
q6980,KEEP,7.5,Spor,sport,Stockholm şehrinde ve İsveç ülkesinde düzenlenen Yaz Olimpiyatları hangisidir?,1912 Yaz Olimpiyatları,
q6992,KEEP,7.5,Spor,sport,Tokyo şehrinde ve Japonya ülkesinde düzenlenen Yaz Olimpiyatları hangisidir?,1964 Yaz Olimpiyatları,
q7004,KEEP,7.5,Spor,sport,Anvers şehrinde ve Belçika ülkesinde düzenlenen Yaz Olimpiyatları hangisidir?,1920 Yaz Olimpiyatları,
q7016,KEEP,7.5,Spor,sport,Londra şehrinde ve Birleşik Krallık ülkesinde düzenlenen Yaz Olimpiyatları hangisidir?,1908 Yaz Olimpiyatları,
q7028,KEEP,7.5,Spor,sport,Meksiko şehrinde ve Meksika ülkesinde düzenlenen Yaz Olimpiyatları hangisidir?,1968 Yaz Olimpiyatları,
q7052,KEEP,7.5,Spor,sport,Münih şehrinde ve Batı Almanya ülkesinde düzenlenen Yaz Olimpiyatları hangisidir?,1972 Yaz Olimpiyatları,
q024,KEEP,7.0,Eğlence,entertainment,Yüzüklerin Efendisi’nde yok edilmesi gereken nesne hangisidir?,Tek Yüzük,
q031,KEEP,7.0,Eğlence,entertainment,Frozen filmindeki iki kız kardeş kimdir?,Anna ve Elsa,
q033,KEEP,7.0,Eğlence,entertainment,Superman’in doğduğu gezegen hangisidir?,Krypton,
q035,KEEP,7.0,Eğlence,entertainment,Breaking Bad dizisinin ana karakteri kimdir?,Walter White,
q037,KEEP,7.0,Eğlence,entertainment,Minyonların en çok hizmet ettiği karakter kimdir?,Gru,
q042,KEEP,7.0,Tarih,history,Türkiye Cumhuriyeti hangi yılda ilan edildi?,1923,
q053,KEEP,7.0,Tarih,history,Osmanlı Devleti’nin kurucusu kimdir?,Osman Gazi,
q083,KEEP,7.0,Bilim & Doğa,science,Bitkilerin ışık enerjisini kullanarak besin üretmesine ne denir?,Fotosentez,
q117,KEEP,7.0,Spor,sport,Buz hokeyinde kullanılan disk biçimli oyun aracının adı nedir?,Pak,
q605,KEEP,7.0,Eğlence,entertainment,Francis Ford Coppola'nın Baba filmi hangi yılda gösterime girdi?,1972,
q994,KEEP,7.0,Eğlence,entertainment,Nintendo'nun Super Mario Bros. oyunu ilk kez hangi yılda yayımlandı?,1985,
q3955,KEEP,7.0,Spor,sport,1896 Yaz Olimpiyat Oyunları’nın ana ev sahibi şehri hangisidir?,Atina,
q4042,KEEP,7.0,Spor,sport,Squash sporunda bir oyun normalde kaç sayıda kazanılır?,11,
q6026,KEEP,7.0,Spor,sport,Tokyo Dome hangi ülkede bulunur?,Japonya,
q13638,KEEP,7.0,Sanat & Edebiyat,art,Rhapsody in Blue ile An American in Paris eserlerinin ortak yaratıcısı kimdir?,George Gershwin,
q006,KEEP,6.5,Coğrafya,capital,Türkiye’nin başkenti hangisidir?,Ankara,
q069,KEEP,6.5,Sanat & Edebiyat,art,Yıldızlı Gece tablosunun ressamı kimdir?,Van Gogh,
q075,KEEP,6.5,Sanat & Edebiyat,art,Safahat’ın yazarı kimdir?,Mehmet Akif Ersoy,
q085,KEEP,6.5,Bilim & Doğa,science,Güneş Sistemi’nin en büyük gezegeni hangisidir?,Jüpiter,açıklama çoğunlukla cevabı tekrar ediyor
q121,KEEP,6.5,Coğrafya,geo,Ankara hangi ülkenin başkentidir?,Türkiye,açıklama çoğunlukla cevabı tekrar ediyor
q122,KEEP,6.5,Coğrafya,geo,Türkiye için kullanılan internet ülke kodu uzantısı hangisidir?,.tr,açıklama çoğunlukla cevabı tekrar ediyor
q124,KEEP,6.5,Coğrafya,geo,Paris hangi ülkenin başkentidir?,Fransa,açıklama çoğunlukla cevabı tekrar ediyor
q1102,KEEP,6.5,Tarih,history,Babil ile ilişkilendirilen tarihî olay hangisidir?,Hammurabi Kanunları’nın hazırlanması,açıklama çoğunlukla cevabı tekrar ediyor
q1171,KEEP,6.5,Tarih,history,Roma İmparatorluğu ile ilişkilendirilen tarihî olay hangisidir?,Roma İmparatorluğu’nun ikiye ayrılması,açıklama çoğunlukla cevabı tekrar ediyor
q1628,KEEP,6.5,Sanat & Edebiyat,art,"Veronalı iki gencin trajik aşkını anlatan, William Shakespeare imzalı eser hangisidir?",Romeo ve Juliet,
q1706,KEEP,6.5,Sanat & Edebiyat,art,"Raskolnikov karakterini merkeze alan, Fyodor Dostoyevski imzalı eser hangisidir?",Suç ve Ceza,
q4091,KEEP,6.5,Spor,sport,Bir oyunun normalde 21 sayıda kazanılması aşağıdaki sporlardan hangisinin standart kurallarında görülür?,Badminton,
q4092,KEEP,6.5,Spor,sport,Bir setin normalde 11 sayıda kazanılması aşağıdaki sporlardan hangisinin standart kurallarında görülür?,Masa tenisi,
q6163,KEEP,6.5,Coğrafya,geo,Asya bölgesindeki traverten terasları örneklerinden biri hangisidir?,Pamukkale,
q6966,KEEP,6.5,Spor,sport,2024 Yaz Olimpiyatları hangi şehirde düzenlendi?,Paris,
q6967,KEEP,6.5,Spor,sport,Milano şehrinde bulunan ve ağırlıklı olarak futbol için kullanılan spor tesisi hangisidir?,San Siro,
q7051,KEEP,6.5,Spor,sport,Londra şehrinde bulunan ve ağırlıklı olarak kriket için kullanılan spor tesisi hangisidir?,Lord’s Cricket Ground,
q7526,KEEP,6.5,Tarih,history,Tunç Çağı dönemine tarihlenen ve Türkiye sınırlarında bulunan alan hangisidir?,Troya,
q7560,KEEP,6.5,Tarih,history,Peru sınırlarında bulunan ve İnkalar ile ilişkilendirilen arkeolojik alan hangisidir?,Machu Picchu,
q8455,KEEP,6.5,Tarih,history,Antik Çağ dönemine tarihlenen ve Türkiye sınırlarında bulunan alan hangisidir?,Efes,
q8457,KEEP,6.5,Tarih,history,Türkiye sınırlarında bulunan ve Hititler ile ilişkilendirilen arkeolojik alan hangisidir?,Hattuşa,
q23767,KEEP,6.5,Spor,sport,2026 Kış Olimpiyat Oyunları’nın ana ev sahibi şehri veya ortak ev sahibi adı hangisidir?,Milano Cortina,
q24456,KEEP,6.5,Spor,sport,1924 Kış Olimpiyat Oyunları hangi ülkede düzenlenmiştir?,Fransa,
q025,KEEP,6.0,Eğlence,director,Titanic filminin yönetmeni kimdir?,James Cameron,
q066,KEEP,6.0,Sanat & Edebiyat,art,İlahi Komedya’nın yazarı kimdir?,Dante Alighieri,açıklama çoğunlukla cevabı tekrar ediyor
q071,KEEP,6.0,Sanat & Edebiyat,art,Sefiller romanının yazarı kimdir?,Victor Hugo,açıklama çoğunlukla cevabı tekrar ediyor
q074,KEEP,6.0,Sanat & Edebiyat,art,Çalıkuşu romanının yazarı kimdir?,Reşat Nuri Güntekin,açıklama çoğunlukla cevabı tekrar ediyor
q077,KEEP,6.0,Sanat & Edebiyat,art,Romeo ve Juliet’in yazarı kimdir?,Shakespeare,açıklama çoğunlukla cevabı tekrar ediyor
q1689,KEEP,6.0,Sanat & Edebiyat,art,Gotik roman türünde değerlendirilen eser hangisidir?,Frankenstein,açıklama çoğunlukla cevabı tekrar ediyor
q3622,KEEP,6.0,Sanat & Edebiyat,author,İlahi Komedya adlı eserin yazarı kimdir?,Dante Alighieri,
q3624,KEEP,6.0,Sanat & Edebiyat,author,Don Kişot adlı eserin yazarı kimdir?,Miguel de Cervantes,
q3628,KEEP,6.0,Sanat & Edebiyat,author,Faust adlı eserin yazarı kimdir?,Johann Wolfgang von Goethe,
q3634,KEEP,6.0,Sanat & Edebiyat,author,Anna Karenina adlı eserin yazarı kimdir?,Lev Tolstoy,
q3640,KEEP,6.0,Sanat & Edebiyat,author,Sefiller adlı eserin yazarı kimdir?,Victor Hugo,
q3650,KEEP,6.0,Sanat & Edebiyat,author,Moby-Dick adlı eserin yazarı kimdir?,Herman Melville,
q4047,KEEP,6.0,Spor,sport,Yarı maraton sporunda resmî yarış mesafesi kaç kilometredir?,"21,0975",doğru seçenek uzunluğuyla ayrışıyor
q4054,KEEP,6.0,Spor,sport,Dekatlon sporunda kaç atletizm yarışından oluşur?,10,
q4055,KEEP,6.0,Spor,sport,Heptatlon sporunda kaç atletizm yarışından oluşur?,7,
q4296,KEEP,6.0,Eğlence,director,En İyi Film Oscarını kazanan Rocky filminin yönetmeni kimdir?,John G. Avildsen,
q4314,KEEP,6.0,Eğlence,director,En İyi Film Oscarını kazanan Forrest Gump filminin yönetmeni kimdir?,Robert Zemeckis,
q4317,KEEP,6.0,Eğlence,director,En İyi Film Oscarını kazanan Titanic filminin yönetmeni kimdir?,James Cameron,
q4322,KEEP,6.0,Eğlence,director,En İyi Film Oscarını kazanan Chicago filminin yönetmeni kimdir?,Rob Marshall,
q4955,KEEP,6.0,Spor,champion,1930 FIFA Dünya Kupası’nı hangi ülke kazandı?,Uruguay,
q5072,KEEP,6.0,Spor,champion,2000 NBA Finalleri’ni hangi takım kazandı?,Los Angeles Lakers,
q6717,KEEP,6.0,Sanat & Edebiyat,art,Slav Dansları ile aynı yaratıcıya ait başka bir eser hangisidir?,Yeni Dünya Senfonisi,
q13722,KEEP,6.0,Sanat & Edebiyat,art,Şehrazat ile Arının Uçuşu eserlerinin ortak yaratıcısı kimdir?,Nikolay Rimski-Korsakov,
q13730,KEEP,6.0,Sanat & Edebiyat,art,Düğün Marşı ile Hebridler Uvertürü eserlerinin ortak yaratıcısı kimdir?,Felix Mendelssohn,
q16769,KEEP,6.0,Sanat & Edebiyat,art,Peter ve Kurt ile Romeo ve Juliet eserlerinin ortak yaratıcısı kimdir?,Sergey Prokofyev,
q17650,KEEP,6.0,Sanat & Edebiyat,art,Anna Karenina ile İvan İlyiç’in Ölümü eserlerinin ortak yaratıcısı kimdir?,Lev Tolstoy,
q17778,KEEP,6.0,Sanat & Edebiyat,art,Sefiller ile Notre Dame’ın Kamburu eserlerinin ortak yaratıcısı kimdir?,Victor Hugo,
q19700,KEEP,6.0,Sanat & Edebiyat,art,Yeni Dünya Senfonisi ile Slav Dansları eserlerinin ortak yaratıcısı kimdir?,Antonín Dvořák,
q003,KEEP,5.5,Coğrafya,geo,İstanbul Boğazı hangi iki denizi birbirine bağlar?,Karadeniz ve Marmara,açıklama çoğunlukla cevabı tekrar ediyor
q013,KEEP,5.5,Coğrafya,geo,Türkiye’nin en büyük gölü hangisidir?,Van Gölü,açıklama çoğunlukla cevabı tekrar ediyor
q017,KEEP,5.5,Coğrafya,geo,Kıtalar hariç dünyanın en büyük adası hangisidir?,Grönland,açıklama çoğunlukla cevabı tekrar ediyor
q023,KEEP,5.5,Eğlence,entertainment,Star Wars evreninde Darth Vader’ın oğlu kimdir?,Luke Skywalker,açıklama çoğunlukla cevabı tekrar ediyor
q044,KEEP,5.5,Tarih,history,Birinci Dünya Savaşı hangi yılda başladı?,1914,açıklama çoğunlukla cevabı tekrar ediyor
q045,KEEP,5.5,Tarih,history,İkinci Dünya Savaşı hangi yılda sona erdi?,1945,açıklama çoğunlukla cevabı tekrar ediyor
q047,KEEP,5.5,Tarih,history,Magna Carta hangi yılda imzalandı?,1215,açıklama çoğunlukla cevabı tekrar ediyor
q049,KEEP,5.5,Tarih,history,Matbaanın Avrupa’da yaygınlaşmasını sağlayan kişi kimdir?,Gutenberg,
q054,KEEP,5.5,Tarih,history,Mustafa Kemal Atatürk hangi şehirde doğdu?,Selanik,açıklama çoğunlukla cevabı tekrar ediyor
q092,KEEP,5.5,Bilim & Doğa,science,Dünya atmosferinde en çok bulunan gaz hangisidir?,Azot,
q097,KEEP,5.5,Bilim & Doğa,science,İnsan vücudunun en büyük organı hangisidir?,Deri,
q131,KEEP,5.5,Coğrafya,capital,İtalya’nın başkenti hangisidir?,Roma,
q132,KEEP,5.5,Coğrafya,geo,Roma hangi ülkenin başkentidir?,İtalya,açıklama çoğunlukla cevabı tekrar ediyor
q198,KEEP,5.5,Coğrafya,geo,Budapeşte hangi ülkenin başkentidir?,Macaristan,açıklama çoğunlukla cevabı tekrar ediyor
q201,KEEP,5.5,Coğrafya,geo,Bükreş hangi ülkenin başkentidir?,Romanya,açıklama çoğunlukla cevabı tekrar ediyor
q205,KEEP,5.5,Coğrafya,geo,Sofia hangi ülkenin başkentidir?,Bulgaristan,açıklama çoğunlukla cevabı tekrar ediyor
q261,KEEP,5.5,Coğrafya,geo,Rusya için kullanılan internet ülke kodu uzantısı hangisidir?,.ru,açıklama çoğunlukla cevabı tekrar ediyor
q272,KEEP,5.5,Coğrafya,geo,Azerbaycan için kullanılan internet ülke kodu uzantısı hangisidir?,.az,açıklama çoğunlukla cevabı tekrar ediyor
q418,KEEP,5.5,Coğrafya,geo,Kazakistan için kullanılan internet ülke kodu uzantısı hangisidir?,.kz,açıklama çoğunlukla cevabı tekrar ediyor
q587,KEEP,5.5,Coğrafya,geo,Kıbrıs için kullanılan internet ülke kodu uzantısı hangisidir?,.cy,açıklama çoğunlukla cevabı tekrar ediyor
q658,KEEP,5.5,Eğlence,entertainment,Robert Zemeckis'in yönettiği Geleceğe Dönüş filmi hangi yılda gösterime girdi?,1985,açıklama çoğunlukla cevabı tekrar ediyor
q708,KEEP,5.5,Eğlence,entertainment,Forrest Gump filmi hangi yılda gösterime girdi?,1994,açıklama çoğunlukla cevabı tekrar ediyor
q1093,KEEP,5.5,Tarih,history,Gize ile ilişkilendirilen tarihî olay hangisidir?,Keops Piramidi’nin tamamlanması,açıklama çoğunlukla cevabı tekrar ediyor
q1111,KEEP,5.5,Tarih,history,Maraton Ovası ile ilişkilendirilen tarihî olay hangisidir?,Maraton Savaşı,açıklama çoğunlukla cevabı tekrar ediyor
q1145,KEEP,5.5,Tarih,history,Çin ile ilişkilendirilen tarihî olay hangisidir?,Çin’in Qin Hanedanı altında birleşmesi,açıklama çoğunlukla cevabı tekrar ediyor
q1197,KEEP,5.5,Tarih,history,Orta Asya ile ilişkilendirilen tarihî olay hangisidir?,Talas Savaşı,açıklama çoğunlukla cevabı tekrar ediyor
q1214,KEEP,5.5,Tarih,history,Horasan ile ilişkilendirilen tarihî olay hangisidir?,Dandanakan Savaşı,açıklama çoğunlukla cevabı tekrar ediyor
q1223,KEEP,5.5,Tarih,history,Malazgirt ile ilişkilendirilen tarihî olay hangisidir?,Malazgirt Savaşı,açıklama çoğunlukla cevabı tekrar ediyor
q1232,KEEP,5.5,Tarih,history,Avrupa ve Doğu Akdeniz ile ilişkilendirilen tarihî olay hangisidir?,Birinci Haçlı Seferi’nin başlaması,açıklama çoğunlukla cevabı tekrar ediyor
q1240,KEEP,5.5,Tarih,history,Moğolistan ile ilişkilendirilen tarihî olay hangisidir?,Cengiz Han’ın Moğol hükümdarı ilan edilmesi,açıklama çoğunlukla cevabı tekrar ediyor
q2998,KEEP,5.5,Spor,sport,2010 FIBA Dünya Basketbol Şampiyonası hangi ülkede düzenlendi?,Türkiye,açıklama çoğunlukla cevabı tekrar ediyor
q4097,KEEP,5.5,Spor,sport,Kusursuz oyunun 300 puan olması aşağıdaki sporlardan hangisinin standart kurallarında görülür?,On kuka bowling,
q4117,KEEP,5.5,Spor,sport,Başlangıçta masada 22 top bulunması aşağıdaki sporlardan hangisinin standart kurallarında görülür?,Snooker,
q4667,KEEP,5.5,Sanat & Edebiyat,art,Marilyn Diptych adlı eserin sanatçısı kimdir?,Andy Warhol,
q5289,KEEP,5.5,Eğlence,creator,The Wire dizisinin yaratıcısı veya yaratıcıları kimdir?,David Simon,
q5290,KEEP,5.5,Eğlence,creator,Mad Men dizisinin yaratıcısı veya yaratıcıları kimdir?,Matthew Weiner,
q5294,KEEP,5.5,Eğlence,creator,Community dizisinin yaratıcısı veya yaratıcıları kimdir?,Dan Harmon,
q5299,KEEP,5.5,Eğlence,creator,Deadwood dizisinin yaratıcısı veya yaratıcıları kimdir?,David Milch,
q5301,KEEP,5.5,Eğlence,creator,Fargo dizisinin yaratıcısı veya yaratıcıları kimdir?,Noah Hawley,
q5303,KEEP,5.5,Eğlence,creator,Mr. Robot dizisinin yaratıcısı veya yaratıcıları kimdir?,Sam Esmail,
q5306,KEEP,5.5,Eğlence,creator,Succession dizisinin yaratıcısı veya yaratıcıları kimdir?,Jesse Armstrong,
q5307,KEEP,5.5,Eğlence,creator,Severance dizisinin yaratıcısı veya yaratıcıları kimdir?,Dan Erickson,
q5308,KEEP,5.5,Eğlence,creator,The Bear dizisinin yaratıcısı veya yaratıcıları kimdir?,Christopher Storer,
q5311,KEEP,5.5,Eğlence,creator,Westworld dizisinin yaratıcısı veya yaratıcıları kimdir?,Jonathan Nolan ve Lisa Joy,
q5319,KEEP,5.5,Eğlence,creator,Doctor Who dizisinin yaratıcısı veya yaratıcıları kimdir?,"Sydney Newman, C. E. Webber ve Donald Wilson",
q5320,KEEP,5.5,Eğlence,creator,Fleabag dizisinin yaratıcısı veya yaratıcıları kimdir?,Phoebe Waller-Bridge,
q5321,KEEP,5.5,Eğlence,creator,Killing Eve dizisinin yaratıcısı veya yaratıcıları kimdir?,Phoebe Waller-Bridge,
q5326,KEEP,5.5,Eğlence,creator,Élite dizisinin yaratıcısı veya yaratıcıları kimdir?,Carlos Montero ve Darío Madrona,
q5328,KEEP,5.5,Eğlence,creator,Squid Game dizisinin yaratıcısı veya yaratıcıları kimdir?,Hwang Dong-hyuk,
q5329,KEEP,5.5,Eğlence,creator,Kingdom dizisinin yaratıcısı veya yaratıcıları kimdir?,Kim Eun-hee,
q5330,KEEP,5.5,Eğlence,creator,Reply 1988 dizisinin yaratıcısı veya yaratıcıları kimdir?,Lee Woo-jung,
q5331,KEEP,5.5,Eğlence,creator,My Mister dizisinin yaratıcısı veya yaratıcıları kimdir?,Park Hae-young,
q5332,KEEP,5.5,Eğlence,creator,Delhi Crime dizisinin yaratıcısı veya yaratıcıları kimdir?,Richie Mehta,
q5333,KEEP,5.5,Eğlence,creator,Paatal Lok dizisinin yaratıcısı veya yaratıcıları kimdir?,Sudip Sharma,
q5334,KEEP,5.5,Eğlence,creator,Fauda dizisinin yaratıcısı veya yaratıcıları kimdir?,Lior Raz ve Avi Issacharoff,
q5335,KEEP,5.5,Eğlence,creator,Tehran dizisinin yaratıcısı veya yaratıcıları kimdir?,Moshe Zonder,
q5336,KEEP,5.5,Eğlence,creator,Borgen dizisinin yaratıcısı veya yaratıcıları kimdir?,Adam Price,
q5337,KEEP,5.5,Eğlence,creator,The Bridge dizisinin yaratıcısı veya yaratıcıları kimdir?,Hans Rosenfeldt,
q5338,KEEP,5.5,Eğlence,creator,The Killing dizisinin yaratıcısı veya yaratıcıları kimdir?,Søren Sveistrup,
q6121,KEEP,5.5,Coğrafya,geo,Norveç sınırlarında bulunan ve fiyort olarak sınıflandırılan doğal oluşum hangisidir?,Geirangerfjord,
q6123,KEEP,5.5,Coğrafya,geo,Asya bölgesindeki kumtaşı sütunları örneklerinden biri hangisidir?,Zhangjiajie,
q6137,KEEP,5.5,Coğrafya,geo,Endonezya sınırlarında bulunan ve takımada olarak sınıflandırılan doğal oluşum hangisidir?,Raja Ampat,
q6155,KEEP,5.5,Coğrafya,geo,Avrupa bölgesindeki kumtaşı dağları örneklerinden biri hangisidir?,Sakson İsviçresi,
q6169,KEEP,5.5,Coğrafya,geo,Ürdün sınırlarında bulunan ve çöl vadisi olarak sınıflandırılan doğal oluşum hangisidir?,Vadi Rum,
q6209,KEEP,5.5,Coğrafya,geo,Arjantin sınırlarında bulunan ve buzul olarak sınıflandırılan doğal oluşum hangisidir?,Perito Moreno Buzulu,
q6227,KEEP,5.5,Coğrafya,geo,Avrupa bölgesindeki bazalt sütunları örneklerinden biri hangisidir?,Giant’s Causeway,
q6243,KEEP,5.5,Coğrafya,geo,Kuzey Amerika bölgesindeki kanyon örneklerinden biri hangisidir?,Grand Canyon,
q6477,KEEP,5.5,Tarih,history,Klasik Maya Dönemi dönemine tarihlenen ve Meksika sınırlarında bulunan alan hangisidir?,Palenque,
q6487,KEEP,5.5,Tarih,history,Guatemala sınırlarında bulunan ve Mayalar ile ilişkilendirilen arkeolojik alan hangisidir?,Tikal,
q6519,KEEP,5.5,Tarih,history,Irak sınırlarında bulunan ve Asurlular ile ilişkilendirilen arkeolojik alan hangisidir?,Ninova,
q6543,KEEP,5.5,Tarih,history,Meksika sınırlarında bulunan ve Mayalar ile ilişkilendirilen arkeolojik alan hangisidir?,Chichén Itzá,
q6567,KEEP,5.5,Tarih,history,Honduras sınırlarında bulunan ve Mayalar ile ilişkilendirilen arkeolojik alan hangisidir?,Copán,
q6959,KEEP,5.5,Spor,sport,İtalya sınırlarında bulunan futbol tesisi hangisidir?,San Siro,
q6962,KEEP,5.5,Spor,champion,Almanya takımının kazandığı 2014 FIFA Dünya Kupası hangi ülkede düzenlenmiştir?,Brezilya,
q6971,KEEP,5.5,Spor,sport,Almanya sınırlarında bulunan futbol tesisi hangisidir?,Signal Iduna Park,
q6974,KEEP,5.5,Spor,champion,Arjantin takımının kazandığı 1986 FIFA Dünya Kupası hangi ülkede düzenlenmiştir?,Meksika,
q6983,KEEP,5.5,Spor,sport,Yunanistan sınırlarında bulunan atletizm tesisi hangisidir?,Panathenaic Stadyumu,
q6995,KEEP,5.5,Spor,sport,Birleşik Krallık sınırlarında bulunan tenis tesisi hangisidir?,All England Club,
q7007,KEEP,5.5,Spor,sport,Monako sınırlarında bulunan motor sporları tesisi hangisidir?,Monako Pisti,
q7010,KEEP,5.5,Spor,champion,İspanya takımının kazandığı 2010 FIFA Dünya Kupası hangi ülkede düzenlenmiştir?,Güney Afrika,
q7019,KEEP,5.5,Spor,sport,Hindistan sınırlarında bulunan kriket tesisi hangisidir?,Eden Gardens,
q7031,KEEP,5.5,Spor,sport,Brezilya sınırlarında bulunan futbol tesisi hangisidir?,Maracanã,
q7034,KEEP,5.5,Spor,champion,Batı Almanya takımının kazandığı 1990 FIFA Dünya Kupası hangi ülkede düzenlenmiştir?,İtalya,
q7043,KEEP,5.5,Spor,sport,Birleşik Krallık sınırlarında bulunan ragbi tesisi hangisidir?,Twickenham Stadyumu,
q7058,KEEP,5.5,Spor,champion,İtalya takımının kazandığı 1982 FIFA Dünya Kupası hangi ülkede düzenlenmiştir?,İspanya,
q7470,KEEP,5.5,Tarih,history,Klasik Maya Dönemi dönemine tarihlenen ve Guatemala sınırlarında bulunan alan hangisidir?,Tikal,
q7496,KEEP,5.5,Tarih,history,Mısır sınırlarında bulunan ve Eski Mısır ile ilişkilendirilen arkeolojik alan hangisidir?,Sakkara,
q7964,KEEP,5.5,Spor,champion,Uruguay takımının kazandığı 1950 FIFA Dünya Kupası hangi ülkede düzenlenmiştir?,Brezilya,
q7976,KEEP,5.5,Spor,champion,Batı Almanya takımının kazandığı 1954 FIFA Dünya Kupası hangi ülkede düzenlenmiştir?,İsviçre,
q8012,KEEP,5.5,Spor,champion,İtalya takımının kazandığı 1938 FIFA Dünya Kupası hangi ülkede düzenlenmiştir?,Fransa,
q12018,KEEP,5.5,Spor,champion,2003 NBA Finalleri'ni hangi takım kazandı?,San Antonio Spurs,
q25902,KEEP,5.5,Sanat & Edebiyat,author,Dava eserinin yazarı kimdir?,Franz Kafka,
q27240,KEEP,5.5,Sanat & Edebiyat,author,Frankenstein eserinin yazarı kimdir?,Mary Shelley,
q27874,KEEP,5.5,Sanat & Edebiyat,author,Ağır Roman eserinin yazarı kimdir?,Metin Kaçan,
q28333,KEEP,5.5,Sanat & Edebiyat,author,1984 eserinin yazarı kimdir?,George Orwell,
q29924,KEEP,5.5,Sanat & Edebiyat,author,İnce Memed eserinin yazarı kimdir?,Yaşar Kemal,
q29982,KEEP,5.5,Sanat & Edebiyat,author,Uğultulu Tepeler eserinin yazarı kimdir?,Emily Brontë,
q063,KEEP,5.0,Sanat & Edebiyat,art,Don Kişot’un yazarı kimdir?,Miguel de Cervantes,açıklama çoğunlukla cevabı tekrar ediyor | doğru seçenek uzunluğuyla ayrışıyor
q1579,KEEP,5.0,Sanat & Edebiyat,art,Dante Alighieri tarafından oluşturulan eser hangisidir?,İlahi Komedya,açıklama çoğunlukla cevabı tekrar ediyor
q1585,KEEP,5.0,Sanat & Edebiyat,art,Dante Alighieri tarafından oluşturulan epik şiir hangisidir?,İlahi Komedya,açıklama çoğunlukla cevabı tekrar ediyor
q1645,KEEP,5.0,Sanat & Edebiyat,art,Daniel Defoe tarafından oluşturulan roman hangisidir?,Robinson Crusoe,açıklama çoğunlukla cevabı tekrar ediyor
q1654,KEEP,5.0,Sanat & Edebiyat,art,Hiciv romanı türünde değerlendirilen eser hangisidir?,Gulliver’in Gezileri,açıklama çoğunlukla cevabı tekrar ediyor
q1666,KEEP,5.0,Sanat & Edebiyat,art,Johann Wolfgang von Goethe tarafından oluşturulan eser hangisidir?,Faust,açıklama çoğunlukla cevabı tekrar ediyor
q1671,KEEP,5.0,Sanat & Edebiyat,art,Dramatik eser türünde değerlendirilen eser hangisidir?,Faust,açıklama çoğunlukla cevabı tekrar ediyor
q1680,KEEP,5.0,Sanat & Edebiyat,art,Jane Austen tarafından oluşturulan roman hangisidir?,Gurur ve Önyargı,açıklama çoğunlukla cevabı tekrar ediyor
q1683,KEEP,5.0,Sanat & Edebiyat,art,Mary Shelley tarafından oluşturulan eser hangisidir?,Frankenstein,açıklama çoğunlukla cevabı tekrar ediyor
q1692,KEEP,5.0,Sanat & Edebiyat,art,Victor Hugo tarafından oluşturulan eser hangisidir?,Sefiller,açıklama çoğunlukla cevabı tekrar ediyor
q3291,KEEP,5.0,Eğlence,director,Tokyo Story filminin yönetmeni kimdir?,Yasujirō Ozu,
q3298,KEEP,5.0,Eğlence,director,Solaris filminin yönetmeni kimdir?,Andrei Tarkovsky,
q3309,KEEP,5.0,Eğlence,director,Roma filminin yönetmeni kimdir?,Alfonso Cuarón,
q3623,KEEP,5.0,Sanat & Edebiyat,author,Decameron adlı eserin yazarı kimdir?,Giovanni Boccaccio,
q3625,KEEP,5.0,Sanat & Edebiyat,author,Kayıp Cennet adlı eserin yazarı kimdir?,John Milton,
q3626,KEEP,5.0,Sanat & Edebiyat,author,Candide adlı eserin yazarı kimdir?,Voltaire,
q3630,KEEP,5.0,Sanat & Edebiyat,author,Parma Manastırı adlı eserin yazarı kimdir?,Stendhal,
q3631,KEEP,5.0,Sanat & Edebiyat,author,Ölü Canlar adlı eserin yazarı kimdir?,Nikolay Gogol,
q3636,KEEP,5.0,Sanat & Edebiyat,author,Vişne Bahçesi adlı eserin yazarı kimdir?,Anton Çehov,
q3637,KEEP,5.0,Sanat & Edebiyat,author,Doktor Jivago adlı eserin yazarı kimdir?,Boris Pasternak,
q3638,KEEP,5.0,Sanat & Edebiyat,author,Madame Bovary adlı eserin yazarı kimdir?,Gustave Flaubert,
q3642,KEEP,5.0,Sanat & Edebiyat,author,Germinal adlı eserin yazarı kimdir?,Émile Zola,
q3644,KEEP,5.0,Sanat & Edebiyat,author,Ulysses adlı eserin yazarı kimdir?,James Joyce,
q3645,KEEP,5.0,Sanat & Edebiyat,author,Dublinliler adlı eserin yazarı kimdir?,James Joyce,
q3646,KEEP,5.0,Sanat & Edebiyat,author,Ses ve Öfke adlı eserin yazarı kimdir?,William Faulkner,
q3648,KEEP,5.0,Sanat & Edebiyat,author,Gazap Üzümleri adlı eserin yazarı kimdir?,John Steinbeck,
q3649,KEEP,5.0,Sanat & Edebiyat,author,Cennetin Doğusu adlı eserin yazarı kimdir?,John Steinbeck,
q3651,KEEP,5.0,Sanat & Edebiyat,author,Kızıl Damga adlı eserin yazarı kimdir?,Nathaniel Hawthorne,
q3652,KEEP,5.0,Sanat & Edebiyat,author,Walden adlı eserin yazarı kimdir?,Henry David Thoreau,
q3654,KEEP,5.0,Sanat & Edebiyat,author,Muhteşem Gatsby adlı eserin yazarı kimdir?,F. Scott Fitzgerald,
q3656,KEEP,5.0,Sanat & Edebiyat,author,Görünmez Adam adlı eserin yazarı kimdir?,Ralph Ellison,
q3657,KEEP,5.0,Sanat & Edebiyat,author,Sevilen adlı eserin yazarı kimdir?,Toni Morrison,
q3661,KEEP,5.0,Sanat & Edebiyat,author,Ruhlar Evi adlı eserin yazarı kimdir?,Isabel Allende,
q3662,KEEP,5.0,Sanat & Edebiyat,author,Seksek adlı eserin yazarı kimdir?,Julio Cortázar,
q3663,KEEP,5.0,Sanat & Edebiyat,author,Ficciones adlı eserin yazarı kimdir?,Jorge Luis Borges,
q3664,KEEP,5.0,Sanat & Edebiyat,author,Alef adlı eserin yazarı kimdir?,Jorge Luis Borges,
q3665,KEEP,5.0,Sanat & Edebiyat,author,Pedro Páramo adlı eserin yazarı kimdir?,Juan Rulfo,
q3668,KEEP,5.0,Sanat & Edebiyat,author,Yıldızın Saati adlı eserin yazarı kimdir?,Clarice Lispector,
q3669,KEEP,5.0,Sanat & Edebiyat,author,Parçalanma adlı eserin yazarı kimdir?,Chinua Achebe,
q3671,KEEP,5.0,Sanat & Edebiyat,author,Kahire Üçlemesi adlı eserin yazarı kimdir?,Necib Mahfuz,
q3674,KEEP,5.0,Sanat & Edebiyat,author,A Fine Balance adlı eserin yazarı kimdir?,Rohinton Mistry,
q3675,KEEP,5.0,Sanat & Edebiyat,author,Karlar Ülkesi adlı eserin yazarı kimdir?,Yasunari Kawabata,
q3676,KEEP,5.0,Sanat & Edebiyat,author,Kokoro adlı eserin yazarı kimdir?,Natsume Sōseki,
q3677,KEEP,5.0,Sanat & Edebiyat,author,Kumların Kadını adlı eserin yazarı kimdir?,Kōbō Abe,
q3678,KEEP,5.0,Sanat & Edebiyat,author,Vejetaryen adlı eserin yazarı kimdir?,Han Kang,
q3679,KEEP,5.0,Sanat & Edebiyat,author,Hafıza Polisi adlı eserin yazarı kimdir?,Yōko Ogawa,
q4046,KEEP,5.0,Spor,sport,Maraton sporunda resmî yarış mesafesi kaç kilometredir?,"42,195",doğru seçenek uzunluğuyla ayrışıyor
q4288,KEEP,5.0,Eğlence,director,En İyi Film Oscarını kazanan Oliver! filminin yönetmeni kimdir?,Carol Reed,
q4289,KEEP,5.0,Eğlence,director,En İyi Film Oscarını kazanan Midnight Cowboy filminin yönetmeni kimdir?,John Schlesinger,
q4290,KEEP,5.0,Eğlence,director,En İyi Film Oscarını kazanan Patton filminin yönetmeni kimdir?,Franklin J. Schaffner,
q4292,KEEP,5.0,Eğlence,director,En İyi Film Oscarını kazanan The Godfather filminin yönetmeni kimdir?,Francis Ford Coppola,
q4293,KEEP,5.0,Eğlence,director,En İyi Film Oscarını kazanan The Sting filminin yönetmeni kimdir?,George Roy Hill,
q4297,KEEP,5.0,Eğlence,director,En İyi Film Oscarını kazanan Annie Hall filminin yönetmeni kimdir?,Woody Allen,
q4302,KEEP,5.0,Eğlence,director,En İyi Film Oscarını kazanan Gandhi filminin yönetmeni kimdir?,Richard Attenborough,
q4304,KEEP,5.0,Eğlence,director,En İyi Film Oscarını kazanan Amadeus filminin yönetmeni kimdir?,Miloš Forman,
q4305,KEEP,5.0,Eğlence,director,En İyi Film Oscarını kazanan Out of Africa filminin yönetmeni kimdir?,Sydney Pollack,
q4306,KEEP,5.0,Eğlence,director,En İyi Film Oscarını kazanan Platoon filminin yönetmeni kimdir?,Oliver Stone,
q4308,KEEP,5.0,Eğlence,director,En İyi Film Oscarını kazanan Rain Man filminin yönetmeni kimdir?,Barry Levinson,
q4312,KEEP,5.0,Eğlence,director,En İyi Film Oscarını kazanan Unforgiven filminin yönetmeni kimdir?,Clint Eastwood,
q4315,KEEP,5.0,Eğlence,director,En İyi Film Oscarını kazanan Braveheart filminin yönetmeni kimdir?,Mel Gibson,
q4320,KEEP,5.0,Eğlence,director,En İyi Film Oscarını kazanan Gladiator filminin yönetmeni kimdir?,Ridley Scott,
q4325,KEEP,5.0,Eğlence,director,En İyi Film Oscarını kazanan Crash filminin yönetmeni kimdir?,Paul Haggis,
q4326,KEEP,5.0,Eğlence,director,En İyi Film Oscarını kazanan The Departed filminin yönetmeni kimdir?,Martin Scorsese,
q4331,KEEP,5.0,Eğlence,director,En İyi Film Oscarını kazanan The Artist filminin yönetmeni kimdir?,Michel Hazanavicius,
q4332,KEEP,5.0,Eğlence,director,En İyi Film Oscarını kazanan Argo filminin yönetmeni kimdir?,Ben Affleck,
q4334,KEEP,5.0,Eğlence,director,En İyi Film Oscarını kazanan Birdman filminin yönetmeni kimdir?,Alejandro G. Iñárritu,
q4335,KEEP,5.0,Eğlence,director,En İyi Film Oscarını kazanan Spotlight filminin yönetmeni kimdir?,Tom McCarthy,
q4336,KEEP,5.0,Eğlence,director,En İyi Film Oscarını kazanan Moonlight filminin yönetmeni kimdir?,Barry Jenkins,
q4338,KEEP,5.0,Eğlence,director,En İyi Film Oscarını kazanan Green Book filminin yönetmeni kimdir?,Peter Farrelly,
q4339,KEEP,5.0,Eğlence,director,En İyi Film Oscarını kazanan Parasite filminin yönetmeni kimdir?,Bong Joon Ho,
q4340,KEEP,5.0,Eğlence,director,En İyi Film Oscarını kazanan Nomadland filminin yönetmeni kimdir?,Chloé Zhao,
q4341,KEEP,5.0,Eğlence,director,En İyi Film Oscarını kazanan CODA filminin yönetmeni kimdir?,Sian Heder,
q4343,KEEP,5.0,Eğlence,director,En İyi Film Oscarını kazanan Oppenheimer filminin yönetmeni kimdir?,Christopher Nolan,
q6955,KEEP,5.0,Spor,sport,Glasgow şehrinde bulunan ve ağırlıklı olarak futbol için kullanılan spor tesisi hangisidir?,Celtic Park,
q7015,KEEP,5.0,Spor,sport,Edinburgh şehrinde bulunan ve ağırlıklı olarak ragbi için kullanılan spor tesisi hangisidir?,Murrayfield Stadyumu,
q15435,KEEP,5.0,Eğlence,entertainment,The Office (ABD) ve 30 Rock dizilerinin ilk yayınlandığı ortak kanal veya platform hangisidir?,NBC,
q25802,KEEP,5.0,Tarih,year,Roma’nın geleneksel kuruluş tarihi hangi yılda gerçekleşti?,MÖ 753,
q002,KEEP,4.5,Coğrafya,geo,Dünyanın en büyük okyanusu hangisidir?,Pasifik Okyanusu,
q005,KEEP,4.5,Coğrafya,location,Sahra Çölü hangi kıtadadır?,Afrika,
q012,KEEP,4.5,Coğrafya,geo,Ekvator çizgisinden adını alan ülke hangisidir?,Ekvador,
q014,KEEP,4.5,Coğrafya,geo,Akdeniz hangi iki kıta arasında yer alır?,Avrupa ve Afrika,
q057,KEEP,4.5,Tarih,history,Moğol İmparatorluğu’nun kurucusu kimdir?,Cengiz Han,
q058,KEEP,4.5,Tarih,history,Amerikan Bağımsızlık Bildirgesi hangi yılda kabul edildi?,1776,
q062,KEEP,4.5,Sanat & Edebiyat,art,Hamlet’in yazarı kimdir?,William Shakespeare,açıklama çoğunlukla cevabı tekrar ediyor
q095,KEEP,4.5,Bilim & Doğa,science,Doğada bulunan en sert madde hangisidir?,Elmas,
q100,KEEP,4.5,Bilim & Doğa,science,Hücrenin enerji üretim merkezi olarak bilinen organel hangisidir?,Mitokondri,
q119,KEEP,4.5,Spor,sport,Ragbi oyununda topu rakip sayı alanına bırakmaya ne denir?,Try,
q602,KEEP,4.5,Eğlence,director,Francis Ford Coppola tarafından yönetilen film hangisidir?,Baba,açıklama çoğunlukla cevabı tekrar ediyor
q856,KEEP,4.5,Eğlence,entertainment,Bong Joon-ho'nun Parazit filmi hangi yılda gösterime girdi?,2019,
q949,KEEP,4.5,Eğlence,entertainment,Peaky Blinders dizisi ilk kez hangi yılda yayımlandı?,2013,
q1044,KEEP,4.5,Eğlence,entertainment,Michael Jackson'ın Thriller albümü hangi yılda yayımlandı?,1982,
q2822,KEEP,4.5,Spor,champion,1986 FIFA Dünya Kupası hangi ülkede düzenlendi?,Meksika,açıklama çoğunlukla cevabı tekrar ediyor
q2849,KEEP,4.5,Spor,champion,2014 FIFA Dünya Kupası hangi ülkede düzenlendi?,Brezilya,açıklama çoğunlukla cevabı tekrar ediyor
q2859,KEEP,4.5,Spor,champion,2018 FIFA Dünya Kupası hangi ülkede düzenlendi?,Rusya,açıklama çoğunlukla cevabı tekrar ediyor
q2892,KEEP,4.5,Spor,sport,2016 Avrupa Futbol Şampiyonası hangi ülkede düzenlendi?,Fransa,
q4031,KEEP,4.5,Spor,sport,Polo sporunda bir takım sahada kaç biniciyle yer alır?,4,
q4061,KEEP,4.5,Spor,sport,Satranç sporunda standart tahtada kaç kare bulunur?,64,
q4068,KEEP,4.5,Spor,sport,Bir takımın sahada beş oyuncuyla yer alması aşağıdaki sporlardan hangisinin standart kurallarında görülür?,Basketbol,
q4084,KEEP,4.5,Spor,sport,Bir takımın dört atlı oyuncuyla yer alması aşağıdaki sporlardan hangisinin standart kurallarında görülür?,Polo,doğru seçenek uzunluğuyla ayrışıyor
q4096,KEEP,4.5,Spor,sport,Standart en yüksek serinin 147 puan olması aşağıdaki sporlardan hangisinin standart kurallarında görülür?,Snooker,
q4102,KEEP,4.5,Spor,sport,Uzun kulvar havuzunun 50 metre olması aşağıdaki sporlardan hangisinin standart kurallarında görülür?,Yüzme,
q4103,KEEP,4.5,Spor,sport,Yarış havuzunun 25 metre olması aşağıdaki sporlardan hangisinin standart kurallarında görülür?,Kısa kulvar yüzme,
q4106,KEEP,4.5,Spor,sport,Olimpik velodrom pistinin 250 metre olması aşağıdaki sporlardan hangisinin standart kurallarında görülür?,Pist bisikleti,
q4109,KEEP,4.5,Spor,sport,Beş temel disiplini birleştiren spor aşağıdaki sporlardan hangisinin standart kurallarında görülür?,Modern pentatlon,
q4114,KEEP,4.5,Spor,sport,Sekize sekiz düzeninde 64 kareli tahta aşağıdaki sporlardan hangisinin standart kurallarında görülür?,Satranç,
q4115,KEEP,4.5,Spor,sport,Her oyuncunun oyuna 16 taşla başlaması aşağıdaki sporlardan hangisinin standart kurallarında görülür?,Satranç,
q4118,KEEP,4.5,Spor,sport,Her frame başında 10 kuka dizilmesi aşağıdaki sporlardan hangisinin standart kurallarında görülür?,On kuka bowling,
q5877,KEEP,4.5,Bilim & Doğa,science,Aort insan vücudunda nerede bulunur?,Kalbin sol karıncığından çıkar,açıklama çoğunlukla cevabı tekrar ediyor
q5886,KEEP,4.5,Bilim & Doğa,science,Apandis insan vücudunda nerede bulunur?,Kör bağırsağa bağlı olarak sağ alt karında,açıklama çoğunlukla cevabı tekrar ediyor
q5937,KEEP,4.5,Bilim & Doğa,science,Mide yapısının temel görevlerinden biri hangisidir?,Besini karıştırır ve protein sindirimini başlatır,açıklama çoğunlukla cevabı tekrar ediyor
q5940,KEEP,4.5,Bilim & Doğa,science,İleum yapısının temel görevlerinden biri hangisidir?,B12 vitamini ve safra tuzlarının emilimine katkı sağlar,açıklama çoğunlukla cevabı tekrar ediyor
q5945,KEEP,4.5,Bilim & Doğa,science,Patella yapısının temel görevlerinden biri hangisidir?,Diz eklemini korur ve kasların kaldıraç etkisini artırır,açıklama çoğunlukla cevabı tekrar ediyor
q5953,KEEP,4.5,Bilim & Doğa,science,Sternum yapısının temel görevlerinden biri hangisidir?,Kaburgalarla birlikte göğüs organlarını korur,açıklama çoğunlukla cevabı tekrar ediyor
q5956,KEEP,4.5,Spor,sport,Camp Nou hangi şehirde bulunur?,Barselona,
q5958,KEEP,4.5,Spor,sport,San Siro hangi şehirde bulunur?,Milano,
q5959,KEEP,4.5,Spor,sport,Maracanã hangi şehirde bulunur?,Rio de Janeiro,
q5960,KEEP,4.5,Spor,sport,La Bombonera hangi şehirde bulunur?,Buenos Aires,
q5963,KEEP,4.5,Spor,sport,Old Trafford hangi şehirde bulunur?,Manchester,
q5964,KEEP,4.5,Spor,sport,Anfield hangi şehirde bulunur?,Liverpool,
q5976,KEEP,4.5,Spor,sport,TD Garden hangi şehirde bulunur?,Boston,
q5978,KEEP,4.5,Spor,sport,Chase Center hangi şehirde bulunur?,San Francisco,
q5980,KEEP,4.5,Spor,sport,Bell Centre hangi şehirde bulunur?,Montreal,
q6008,KEEP,4.5,Spor,sport,Rose Bowl hangi şehirde bulunur?,Pasadena,
q6012,KEEP,4.5,Spor,sport,Camp Nou hangi ülkede bulunur?,İspanya,
q6014,KEEP,4.5,Spor,sport,San Siro hangi ülkede bulunur?,İtalya,
q6020,KEEP,4.5,Spor,sport,Anfield hangi ülkede bulunur?,Birleşik Krallık,
q6032,KEEP,4.5,Spor,sport,TD Garden hangi ülkede bulunur?,Amerika Birleşik Devletleri,
q6036,KEEP,4.5,Spor,sport,Bell Centre hangi ülkede bulunur?,Kanada,
q6060,KEEP,4.5,Spor,sport,Ellis Park hangi ülkede bulunur?,Güney Afrika,
q6648,KEEP,4.5,Sanat & Edebiyat,art,Lev Tolstoy tarafından oluşturulan ve roman niteliğindeki eser hangisidir?,Anna Karenina,açıklama çoğunlukla cevabı tekrar ediyor
q7550,KEEP,4.5,Tarih,history,Klasik Maya Dönemi dönemine tarihlenen ve Honduras sınırlarında bulunan alan hangisidir?,Copán,doğru seçenek uzunluğuyla ayrışıyor
q23145,KEEP,4.5,Sanat & Edebiyat,author,Sevgili Arsız Ölüm eserinin yazarı kimdir?,Latife Tekin,
q23243,KEEP,4.5,Sanat & Edebiyat,author,Gece eserinin yazarı kimdir?,Bilge Karasu,
q23285,KEEP,4.5,Sanat & Edebiyat,author,Hakkâri’de Bir Mevsim eserinin yazarı kimdir?,Ferit Edgü,
q23292,KEEP,4.5,Sanat & Edebiyat,author,Mantıku’t-Tayr eserinin yazarı kimdir?,Ferîdüddin Attâr,
q23302,KEEP,4.5,Sanat & Edebiyat,author,Kar eserinin yazarı kimdir?,Orhan Pamuk,
q23336,KEEP,4.5,Sanat & Edebiyat,author,Puslu Kıtalar Atlası eserinin yazarı kimdir?,İhsan Oktay Anar,
q23462,KEEP,4.5,Sanat & Edebiyat,author,Araba Sevdası eserinin yazarı kimdir?,Recaizade Mahmut Ekrem,
q23518,KEEP,4.5,Sanat & Edebiyat,author,David Copperfield eserinin yazarı kimdir?,Charles Dickens,
q23698,KEEP,4.5,Sanat & Edebiyat,author,Anayurt Oteli eserinin yazarı kimdir?,Yusuf Atılgan,
q23790,KEEP,4.5,Sanat & Edebiyat,author,Veba eserinin yazarı kimdir?,Albert Camus,
q23800,KEEP,4.5,Sanat & Edebiyat,author,Robinson Crusoe eserinin yazarı kimdir?,Daniel Defoe,
q23830,KEEP,4.5,Sanat & Edebiyat,author,Usta ile Margarita eserinin yazarı kimdir?,Mihail Bulgakov,
q23880,KEEP,4.5,Sanat & Edebiyat,author,Mai ve Siyah eserinin yazarı kimdir?,Halit Ziya Uşaklıgil,
q24098,KEEP,4.5,Sanat & Edebiyat,author,Hüsn ü Aşk eserinin yazarı kimdir?,Şeyh Galip,
q24250,KEEP,4.5,Sanat & Edebiyat,author,Mor Yıllar eserinin yazarı kimdir?,Alice Walker,
q072,KEEP,4.0,Sanat & Edebiyat,art,Sistina Şapeli’nin tavan freskleriyle tanınan sanatçı kimdir?,Michelangelo,
q2531,KEEP,4.0,Spor,sport,Beşer oyunculu iki takımın topu rakip potaya atarak sayı kazanmaya çalıştığı spor hangisidir?,Basketbol,
q5633,KEEP,4.0,Sanat & Edebiyat,art,Der Freischütz adlı klasik müzik eserinin bestecisi kimdir?,Carl Maria von Weber,açıklama çoğunlukla cevabı tekrar ediyor
q5640,KEEP,4.0,Sanat & Edebiyat,art,Düğün Marşı adlı klasik müzik eserinin bestecisi kimdir?,Felix Mendelssohn,açıklama çoğunlukla cevabı tekrar ediyor
q5648,KEEP,4.0,Sanat & Edebiyat,art,Radetzky Marşı adlı klasik müzik eserinin bestecisi kimdir?,Johann Strauss I,açıklama çoğunlukla cevabı tekrar ediyor
q5655,KEEP,4.0,Sanat & Edebiyat,art,Arının Uçuşu adlı klasik müzik eserinin bestecisi kimdir?,Nikolay Rimski-Korsakov,açıklama çoğunlukla cevabı tekrar ediyor
q5659,KEEP,4.0,Sanat & Edebiyat,art,Slav Dansları adlı klasik müzik eserinin bestecisi kimdir?,Antonín Dvořák,açıklama çoğunlukla cevabı tekrar ediyor
q5675,KEEP,4.0,Sanat & Edebiyat,art,Romeo ve Juliet adlı klasik müzik eserinin bestecisi kimdir?,Sergey Prokofyev,açıklama çoğunlukla cevabı tekrar ediyor
q6479,KEEP,4.0,Tarih,history,Myanmar sınırlarında bulunan ve Pagan Krallığı ile ilişkilendirilen arkeolojik alan hangisidir?,Bagan,
q6964,KEEP,4.0,Spor,champion,Los Angeles Lakers ile Orlando Magic takımlarının finalde karşılaştığı NBA Finalleri hangi yılda oynanmıştır?,2009,
q6976,KEEP,4.0,Spor,champion,İspanya ile Hollanda takımlarının finalde karşılaştığı FIFA Dünya Kupası hangi yılda oynanmıştır?,2010,
q6988,KEEP,4.0,Spor,sport,İspanya ile Almanya takımlarının finalde karşılaştığı Avrupa Futbol Şampiyonası hangi yılda oynanmıştır?,2008,
q6998,KEEP,4.0,Spor,sport,İtalya takımının kazandığı 2020 Avrupa Futbol Şampiyonası hangi ülkede düzenlenmiştir?,Avrupa genelinde,
q7000,KEEP,4.0,Spor,sport,Danimarka ile Almanya takımlarının finalde karşılaştığı Avrupa Futbol Şampiyonası hangi yılda oynanmıştır?,1992,
q7012,KEEP,4.0,Spor,champion,İngiltere ile Batı Almanya takımlarının finalde karşılaştığı FIFA Dünya Kupası hangi yılda oynanmıştır?,1966,
q7024,KEEP,4.0,Spor,sport,Portekiz ile Fransa takımlarının finalde karşılaştığı Avrupa Futbol Şampiyonası hangi yılda oynanmıştır?,2016,
q7036,KEEP,4.0,Spor,champion,Arjantin ile Batı Almanya takımlarının finalde karşılaştığı FIFA Dünya Kupası hangi yılda oynanmıştır?,1986,
q7046,KEEP,4.0,Spor,sport,Hollanda takımının kazandığı 1988 Avrupa Futbol Şampiyonası hangi ülkede düzenlenmiştir?,Batı Almanya,
q7048,KEEP,4.0,Spor,champion,Brezilya ile Çekoslovakya takımlarının finalde karşılaştığı FIFA Dünya Kupası hangi yılda oynanmıştır?,1962,
q7082,KEEP,4.0,Spor,sport,Yunanistan takımının kazandığı 2004 Avrupa Futbol Şampiyonası hangi ülkede düzenlenmiştir?,Portekiz,
q7094,KEEP,4.0,Spor,sport,İspanya takımının kazandığı 2024 Avrupa Futbol Şampiyonası hangi ülkede düzenlenmiştir?,Almanya,
q7118,KEEP,4.0,Spor,sport,Fransa takımının kazandığı 2000 Avrupa Futbol Şampiyonası hangi ülkede düzenlenmiştir?,Belçika ve Hollanda,
q7120,KEEP,4.0,Spor,champion,İtalya ile Fransa takımlarının finalde karşılaştığı FIFA Dünya Kupası hangi yılda oynanmıştır?,2006,
q7456,KEEP,4.0,Tarih,history,Sudan sınırlarında bulunan ve Kuş Krallığı ile ilişkilendirilen arkeolojik alan hangisidir?,Meroë,
q7512,KEEP,4.0,Tarih,history,Peru sınırlarında bulunan ve Chimú uygarlığı ile ilişkilendirilen arkeolojik alan hangisidir?,Chan Chan,
q7520,KEEP,4.0,Tarih,history,Peru sınırlarında bulunan ve Nazca kültürü ile ilişkilendirilen arkeolojik alan hangisidir?,Nazca Çizgileri,
q7528,KEEP,4.0,Tarih,history,Vietnam sınırlarında bulunan ve Çampa Krallığı ile ilişkilendirilen arkeolojik alan hangisidir?,Mỹ Sơn,
q7600,KEEP,4.0,Tarih,history,Çin sınırlarında bulunan ve Shang Hanedanı ile ilişkilendirilen arkeolojik alan hangisidir?,Anyang,
q8002,KEEP,4.0,Spor,champion,Brezilya ile İsveç takımlarının finalde karşılaştığı FIFA Dünya Kupası hangi yılda oynanmıştır?,1958,
q8048,KEEP,4.0,Spor,sport,Almanya takımının kazandığı 1996 Avrupa Futbol Şampiyonası hangi ülkede düzenlenmiştir?,İngiltere,
q14323,KEEP,4.0,Eğlence,entertainment,Élite ve Kingdom dizilerinin ilk yayınlandığı ortak kanal veya platform hangisidir?,Netflix,
q15351,KEEP,4.0,Eğlence,entertainment,Delhi Crime ve Lupin dizilerinin ilk yayınlandığı ortak kanal veya platform hangisidir?,Netflix,
q16356,KEEP,4.0,Eğlence,entertainment,The Crown ve Squid Game dizilerinin ilk yayınlandığı ortak kanal veya platform hangisidir?,Netflix,
q18426,KEEP,4.0,Eğlence,entertainment,Borgen ve The Killing dizilerinin ilk yayınlandığı ortak kanal veya platform hangisidir?,DR1,
q23213,KEEP,4.0,Tarih,year,Hammurabi Kanunları’nın derlenmesi hangi yılda gerçekleşti?,MÖ 1754,
q29359,KEEP,4.0,Tarih,year,Titanic’in batması hangi yılda gerçekleşti?,1912,
q31628,KEEP,4.0,Tarih,year,Kadeş Muharebesi hangi yılda gerçekleşti?,MÖ 1274,
q32823,KEEP,4.0,Tarih,year,Küba Füze Krizi hangi yılda gerçekleşti?,1962,
q4018,KEEP,3.5,Spor,sport,Plaj voleybolu sporunda bir takım kaç oyuncudan oluşur?,2,
q4029,KEEP,3.5,Spor,sport,Kriket sporunda bir takım kaç oyuncudan oluşur?,11,
q4116,KEEP,3.5,Spor,sport,19’a 19 çizgili strateji tahtası aşağıdaki sporlardan hangisinin standart kurallarında görülür?,Go,doğru seçenek uzunluğuyla ayrışıyor
q4122,KEEP,3.5,Coğrafya,geo,Almanya ile kara sınırı bulunan ülkelerden biri hangisidir?,Avusturya,
q4124,KEEP,3.5,Coğrafya,geo,Angola ile kara sınırı bulunan ülkelerden biri hangisidir?,Kongo - Brazavil,
q4130,KEEP,3.5,Coğrafya,geo,Belarus ile kara sınırı bulunan ülkelerden biri hangisidir?,Letonya,
q4131,KEEP,3.5,Coğrafya,geo,Belize ile kara sınırı bulunan ülkelerden biri hangisidir?,Guatemala,
q4132,KEEP,3.5,Coğrafya,geo,Belçika ile kara sınırı bulunan ülkelerden biri hangisidir?,Almanya,
q4133,KEEP,3.5,Coğrafya,geo,Benin ile kara sınırı bulunan ülkelerden biri hangisidir?,Burkina Faso,
q4136,KEEP,3.5,Coğrafya,geo,Bolivya ile kara sınırı bulunan ülkelerden biri hangisidir?,Arjantin,
q4140,KEEP,3.5,Coğrafya,geo,Brunei ile kara sınırı bulunan ülkelerden biri hangisidir?,Malezya,
q4143,KEEP,3.5,Coğrafya,geo,Burundi ile kara sınırı bulunan ülkelerden biri hangisidir?,Kongo - Kinşasa,
q4144,KEEP,3.5,Coğrafya,geo,Butan ile kara sınırı bulunan ülkelerden biri hangisidir?,Hindistan,
q4145,KEEP,3.5,Coğrafya,geo,Cezayir ile kara sınırı bulunan ülkelerden biri hangisidir?,Fas,
q4146,KEEP,3.5,Coğrafya,geo,Cibuti ile kara sınırı bulunan ülkelerden biri hangisidir?,Eritre,
q4150,KEEP,3.5,Coğrafya,geo,Ekvador ile kara sınırı bulunan ülkelerden biri hangisidir?,Kolombiya,
q4154,KEEP,3.5,Coğrafya,geo,Eritre ile kara sınırı bulunan ülkelerden biri hangisidir?,Cibuti,
q4159,KEEP,3.5,Coğrafya,geo,Fas ile kara sınırı bulunan ülkelerden biri hangisidir?,Cezayir,
q4162,KEEP,3.5,Coğrafya,geo,Gabon ile kara sınırı bulunan ülkelerden biri hangisidir?,Ekvator Ginesi,
q4163,KEEP,3.5,Coğrafya,geo,Gambiya ile kara sınırı bulunan ülkelerden biri hangisidir?,Senegal,
q4165,KEEP,3.5,Coğrafya,geo,Gine ile kara sınırı bulunan ülkelerden biri hangisidir?,Côte d’Ivoire,
q4168,KEEP,3.5,Coğrafya,geo,Guyana ile kara sınırı bulunan ülkelerden biri hangisidir?,Brezilya,
q4178,KEEP,3.5,Coğrafya,geo,Irak ile kara sınırı bulunan ülkelerden biri hangisidir?,Kuveyt,
q5021,KEEP,3.5,Spor,champion,UEFA Euro 1960 turnuvasını hangi takım kazandı?,Sovyetler Birliği,
q5234,KEEP,3.5,Coğrafya,geo,Uluru hangi kıtada veya coğrafi bölgede yer alır?,Okyanusya,
q5251,KEEP,3.5,Coğrafya,geo,Vadi Rum hangi kıtada veya coğrafi bölgede yer alır?,Batı Asya,
q5790,KEEP,3.5,Bilim & Doğa,science,Beyincik öncelikle hangi organ sistemiyle ilişkilidir?,Sinir sistemi,
q5793,KEEP,3.5,Bilim & Doğa,science,Amigdala öncelikle hangi organ sistemiyle ilişkilidir?,Sinir sistemi,
q5794,KEEP,3.5,Bilim & Doğa,science,Hipotalamus öncelikle hangi organ sistemiyle ilişkilidir?,Sinir ve endokrin sistem,
q5796,KEEP,3.5,Bilim & Doğa,science,Epifiz bezi öncelikle hangi organ sistemiyle ilişkilidir?,Endokrin sistem,
q5799,KEEP,3.5,Bilim & Doğa,science,Retina öncelikle hangi organ sistemiyle ilişkilidir?,Duyu sistemi,
q5800,KEEP,3.5,Bilim & Doğa,science,Kornea öncelikle hangi organ sistemiyle ilişkilidir?,Duyu sistemi,
q5806,KEEP,3.5,Bilim & Doğa,science,Timus öncelikle hangi organ sistemiyle ilişkilidir?,Bağışıklık sistemi,
q5808,KEEP,3.5,Bilim & Doğa,science,Pankreas öncelikle hangi organ sistemiyle ilişkilidir?,Sindirim ve endokrin sistem,
q5811,KEEP,3.5,Bilim & Doğa,science,Dalak öncelikle hangi organ sistemiyle ilişkilidir?,Lenf ve bağışıklık sistemi,
q5812,KEEP,3.5,Bilim & Doğa,science,Böbrekler öncelikle hangi organ sistemiyle ilişkilidir?,Üriner sistem,
q5813,KEEP,3.5,Bilim & Doğa,science,Üreterler öncelikle hangi organ sistemiyle ilişkilidir?,Üriner sistem,
q5816,KEEP,3.5,Bilim & Doğa,science,Diyafram öncelikle hangi organ sistemiyle ilişkilidir?,Solunum sistemi,
q5818,KEEP,3.5,Bilim & Doğa,science,Bronşlar öncelikle hangi organ sistemiyle ilişkilidir?,Solunum sistemi,
q5820,KEEP,3.5,Bilim & Doğa,science,Kalp öncelikle hangi organ sistemiyle ilişkilidir?,Dolaşım sistemi,
q5821,KEEP,3.5,Bilim & Doğa,science,Aort öncelikle hangi organ sistemiyle ilişkilidir?,Dolaşım sistemi,
q5825,KEEP,3.5,Bilim & Doğa,science,Mide öncelikle hangi organ sistemiyle ilişkilidir?,Sindirim sistemi,
q5828,KEEP,3.5,Bilim & Doğa,science,İleum öncelikle hangi organ sistemiyle ilişkilidir?,Sindirim sistemi,
q5830,KEEP,3.5,Bilim & Doğa,science,Apandis öncelikle hangi organ sistemiyle ilişkilidir?,Sindirim ve bağışıklık sistemi,
q5832,KEEP,3.5,Bilim & Doğa,science,Femur öncelikle hangi organ sistemiyle ilişkilidir?,İskelet sistemi,
q5838,KEEP,3.5,Bilim & Doğa,science,Ulna öncelikle hangi organ sistemiyle ilişkilidir?,İskelet sistemi,
q5888,KEEP,3.5,Bilim & Doğa,science,Femur insan vücudunda nerede bulunur?,Uylukta,doğru seçenek uzunluğuyla ayrışıyor
q6021,KEEP,3.5,Spor,sport,Celtic Park hangi ülkede bulunur?,Birleşik Krallık,doğru seçenek uzunluğuyla ayrışıyor
q6064,KEEP,3.5,Spor,sport,Rose Bowl hangi ülkede bulunur?,Amerika Birleşik Devletleri,doğru seçenek uzunluğuyla ayrışıyor
q6624,KEEP,3.5,Sanat & Edebiyat,art,Gabriel García Márquez tarafından oluşturulan ve roman niteliğindeki eser hangisidir?,Yüzyıllık Yalnızlık,açıklama çoğunlukla cevabı tekrar ediyor
q6629,KEEP,3.5,Sanat & Edebiyat,art,Olympia ile aynı yaratıcıya ait başka bir eser hangisidir?,The Luncheon on the Grass,
q6632,KEEP,3.5,Sanat & Edebiyat,art,F. Scott Fitzgerald tarafından oluşturulan ve roman niteliğindeki eser hangisidir?,Muhteşem Gatsby,açıklama çoğunlukla cevabı tekrar ediyor
q6645,KEEP,3.5,Sanat & Edebiyat,art,Guillaume Tell ile aynı yaratıcıya ait başka bir eser hangisidir?,Sevil Berberi,
q6653,KEEP,3.5,Sanat & Edebiyat,art,Cennetin Doğusu ile aynı yaratıcıya ait başka bir eser hangisidir?,Gazap Üzümleri,
q6661,KEEP,3.5,Sanat & Edebiyat,art,Ateş Kuşu ile aynı yaratıcıya ait başka bir eser hangisidir?,Bahar Ayini,
q6664,KEEP,3.5,Sanat & Edebiyat,art,Stendhal tarafından oluşturulan ve roman niteliğindeki eser hangisidir?,Kırmızı ve Siyah,açıklama çoğunlukla cevabı tekrar ediyor
q6669,KEEP,3.5,Sanat & Edebiyat,art,Yüzyıllık Yalnızlık ile aynı yaratıcıya ait başka bir eser hangisidir?,Kolera Günlerinde Aşk,
q6672,KEEP,3.5,Sanat & Edebiyat,art,Nikolay Gogol tarafından oluşturulan ve roman niteliğindeki eser hangisidir?,Ölü Canlar,açıklama çoğunlukla cevabı tekrar ediyor
q6677,KEEP,3.5,Sanat & Edebiyat,art,Mesih ile aynı yaratıcıya ait başka bir eser hangisidir?,Su Müziği,
q6680,KEEP,3.5,Sanat & Edebiyat,art,Juan Rulfo tarafından oluşturulan ve roman niteliğindeki eser hangisidir?,Pedro Páramo,açıklama çoğunlukla cevabı tekrar ediyor
q6685,KEEP,3.5,Sanat & Edebiyat,art,Sevilen ile aynı yaratıcıya ait başka bir eser hangisidir?,Süleyman’ın Şarkısı,
q6693,KEEP,3.5,Sanat & Edebiyat,art,Rigoletto ile aynı yaratıcıya ait başka bir eser hangisidir?,La Traviata,
q6701,KEEP,3.5,Sanat & Edebiyat,art,Süleyman’ın Şarkısı ile aynı yaratıcıya ait başka bir eser hangisidir?,Sevilen,
q6709,KEEP,3.5,Sanat & Edebiyat,art,The Gleaners ile aynı yaratıcıya ait başka bir eser hangisidir?,The Angelus,
q13646,KEEP,3.5,Sanat & Edebiyat,art,Bahar Ayini ile Petruşka eserlerinin ortak yaratıcısı kimdir?,Igor Stravinski,
q13774,KEEP,3.5,Sanat & Edebiyat,art,Kuğu Gölü ile Fındıkkıran eserlerinin ortak yaratıcısı kimdir?,Pyotr İlyiç Çaykovski,
q14631,KEEP,3.5,Sanat & Edebiyat,art,Peer Gynt ile La minör Piyano Konçertosu eserlerinin ortak yaratıcısı kimdir?,Edvard Grieg,
q14667,KEEP,3.5,Sanat & Edebiyat,art,"Ses ve Öfke ile Abşalom, Abşalom! eserlerinin ortak yaratıcısı kimdir?",William Faulkner,
q14715,KEEP,3.5,Sanat & Edebiyat,art,Ficciones ile Alef eserlerinin ortak yaratıcısı kimdir?,Jorge Luis Borges,
q14743,KEEP,3.5,Sanat & Edebiyat,art,Mesih ile Su Müziği eserlerinin ortak yaratıcısı kimdir?,George Frideric Handel,
q14763,KEEP,3.5,Sanat & Edebiyat,art,Sevilen ile Süleyman’ın Şarkısı eserlerinin ortak yaratıcısı kimdir?,Toni Morrison,
q15632,KEEP,3.5,Sanat & Edebiyat,art,Valkürlerin Uçuşu ile Tristan und Isolde eserlerinin ortak yaratıcısı kimdir?,Richard Wagner,
q15652,KEEP,3.5,Sanat & Edebiyat,art,The Gleaners ile The Angelus eserlerinin ortak yaratıcısı kimdir?,Jean-François Millet,
q15680,KEEP,3.5,Sanat & Edebiyat,art,9. Senfoni ile Ay Işığı Sonatı eserlerinin ortak yaratıcısı kimdir?,Ludwig van Beethoven,
q16625,KEEP,3.5,Sanat & Edebiyat,art,Kuğu Gölü ile 1812 Uvertürü eserlerinin ortak yaratıcısı kimdir?,Pyotr İlyiç Çaykovski,
q16629,KEEP,3.5,Sanat & Edebiyat,art,The Night Café ile The Starry Night eserlerinin ortak yaratıcısı kimdir?,Vincent van Gogh,
q18739,KEEP,3.5,Sanat & Edebiyat,art,Ulysses ile Dublinliler eserlerinin ortak yaratıcısı kimdir?,James Joyce,
q18763,KEEP,3.5,Sanat & Edebiyat,art,Ateş Kuşu ile Petruşka eserlerinin ortak yaratıcısı kimdir?,Igor Stravinski,
q19636,KEEP,3.5,Sanat & Edebiyat,art,Gazap Üzümleri ile Cennetin Doğusu eserlerinin ortak yaratıcısı kimdir?,John Steinbeck,
q19640,KEEP,3.5,Sanat & Edebiyat,art,Sevil Berberi ile Guillaume Tell eserlerinin ortak yaratıcısı kimdir?,Gioachino Rossini,
q19656,KEEP,3.5,Sanat & Edebiyat,art,The Potato Eaters ile The Night Café eserlerinin ortak yaratıcısı kimdir?,Vincent van Gogh,
q19712,KEEP,3.5,Sanat & Edebiyat,art,Aida ile Rigoletto eserlerinin ortak yaratıcısı kimdir?,Giuseppe Verdi,
q20761,KEEP,3.5,Sanat & Edebiyat,art,Kırmızı ve Siyah ile Parma Manastırı eserlerinin ortak yaratıcısı kimdir?,Stendhal,
q20777,KEEP,3.5,Sanat & Edebiyat,art,Olympia ile The Luncheon on the Grass eserlerinin ortak yaratıcısı kimdir?,Édouard Manet,
q21666,KEEP,3.5,Sanat & Edebiyat,art,Muhteşem Gatsby ile Geceler Güzeldir eserlerinin ortak yaratıcısı kimdir?,F. Scott Fitzgerald,
q21738,KEEP,3.5,Sanat & Edebiyat,art,Eine kleine Nachtmusik ile Requiem eserlerinin ortak yaratıcısı kimdir?,Wolfgang Amadeus Mozart,
q21782,KEEP,3.5,Sanat & Edebiyat,art,Gayane ile Spartaküs eserlerinin ortak yaratıcısı kimdir?,Aram Haçaturyan,
q22687,KEEP,3.5,Sanat & Edebiyat,art,Woman with a Hat ile The Dance eserlerinin ortak yaratıcısı kimdir?,Henri Matisse,
q22727,KEEP,3.5,Sanat & Edebiyat,art,La Traviata ile Aida eserlerinin ortak yaratıcısı kimdir?,Giuseppe Verdi,
q22743,KEEP,3.5,Sanat & Edebiyat,art,Madame Bovary ile Duygusal Eğitim eserlerinin ortak yaratıcısı kimdir?,Gustave Flaubert,
q22751,KEEP,3.5,Sanat & Edebiyat,art,Boléro ile Daphnis et Chloé eserlerinin ortak yaratıcısı kimdir?,Maurice Ravel,
q008,KEEP,3.0,Coğrafya,geo,Brezilya’nın resmî dili hangisidir?,Portekizce,açıklama çoğunlukla cevabı tekrar ediyor
q010,KEEP,3.0,Coğrafya,geo,Dünyanın yüzölçümü bakımından en büyük ülkesi hangisidir?,Rusya,açıklama çoğunlukla cevabı tekrar ediyor
q015,KEEP,3.0,Coğrafya,location,Güney Kutbu hangi kıtadadır?,Antarktika,açıklama çoğunlukla cevabı tekrar ediyor
q019,KEEP,3.0,Coğrafya,location,Nil Nehri hangi kıtadadır?,Afrika,açıklama çoğunlukla cevabı tekrar ediyor
q055,KEEP,3.0,Tarih,history,Malazgirt Meydan Muharebesi hangi yılda yapıldı?,1071,açıklama çoğunlukla cevabı tekrar ediyor
q082,KEEP,3.0,Bilim & Doğa,science,Dünya’ya en yakın yıldız hangisidir?,Güneş,açıklama çoğunlukla cevabı tekrar ediyor
q118,KEEP,3.0,Spor,sport,Badmintonda raketle vurulan tüylü oyun aracına ne denir?,Mekik,açıklama çoğunlukla cevabı tekrar ediyor
q127,KEEP,3.0,Coğrafya,capital,Almanya’nın başkenti hangisidir?,Berlin,
q129,KEEP,3.0,Coğrafya,geo,Almanya hangi kıtada yer alır?,Avrupa,açıklama çoğunlukla cevabı tekrar ediyor
q135,KEEP,3.0,Coğrafya,capital,İspanya’nın başkenti hangisidir?,Madrid,
q138,KEEP,3.0,Coğrafya,capital,Portekiz’in başkenti hangisidir?,Lizbon,
q139,KEEP,3.0,Coğrafya,geo,Lizbon hangi ülkenin başkentidir?,Portekiz,açıklama çoğunlukla cevabı tekrar ediyor
q140,KEEP,3.0,Coğrafya,geo,Portekiz hangi kıtada yer alır?,Avrupa,açıklama çoğunlukla cevabı tekrar ediyor
q142,KEEP,3.0,Coğrafya,capital,Birleşik Krallık’ın başkenti hangisidir?,Londra,
q143,KEEP,3.0,Coğrafya,geo,Londra hangi ülkenin başkentidir?,Birleşik Krallık,açıklama çoğunlukla cevabı tekrar ediyor
q144,KEEP,3.0,Coğrafya,geo,Birleşik Krallık hangi kıtada yer alır?,Avrupa,açıklama çoğunlukla cevabı tekrar ediyor
q146,KEEP,3.0,Coğrafya,capital,İrlanda’nın başkenti hangisidir?,Dublin,
q147,KEEP,3.0,Coğrafya,geo,Dublin hangi ülkenin başkentidir?,İrlanda,açıklama çoğunlukla cevabı tekrar ediyor
q150,KEEP,3.0,Coğrafya,capital,Hollanda’nın başkenti hangisidir?,Amsterdam,
q151,KEEP,3.0,Coğrafya,geo,Amsterdam hangi ülkenin başkentidir?,Hollanda,açıklama çoğunlukla cevabı tekrar ediyor
q154,KEEP,3.0,Coğrafya,capital,Belçika’nın başkenti hangisidir?,Brüksel,
q155,KEEP,3.0,Coğrafya,geo,Brüksel hangi ülkenin başkentidir?,Belçika,açıklama çoğunlukla cevabı tekrar ediyor
q158,KEEP,3.0,Coğrafya,capital,İsviçre’nin başkenti hangisidir?,Bern,
q159,KEEP,3.0,Coğrafya,geo,Bern hangi ülkenin başkentidir?,İsviçre,açıklama çoğunlukla cevabı tekrar ediyor
q162,KEEP,3.0,Coğrafya,capital,Avusturya’nın başkenti hangisidir?,Viyana,
q163,KEEP,3.0,Coğrafya,geo,Viyana hangi ülkenin başkentidir?,Avusturya,açıklama çoğunlukla cevabı tekrar ediyor
q166,KEEP,3.0,Coğrafya,capital,Yunanistan’ın başkenti hangisidir?,Atina,
q169,KEEP,3.0,Coğrafya,capital,Norveç’in başkenti hangisidir?,Oslo,
q170,KEEP,3.0,Coğrafya,geo,Oslo hangi ülkenin başkentidir?,Norveç,açıklama çoğunlukla cevabı tekrar ediyor
q173,KEEP,3.0,Coğrafya,capital,İsveç’in başkenti hangisidir?,Stokholm,
q174,KEEP,3.0,Coğrafya,geo,Stokholm hangi ülkenin başkentidir?,İsveç,açıklama çoğunlukla cevabı tekrar ediyor
q177,KEEP,3.0,Coğrafya,capital,Finlandiya’nın başkenti hangisidir?,Helsinki,
q178,KEEP,3.0,Coğrafya,geo,Helsinki hangi ülkenin başkentidir?,Finlandiya,açıklama çoğunlukla cevabı tekrar ediyor
q182,KEEP,3.0,Coğrafya,geo,Kopenhag hangi ülkenin başkentidir?,Danimarka,açıklama çoğunlukla cevabı tekrar ediyor
q186,KEEP,3.0,Coğrafya,geo,Reykjavik hangi ülkenin başkentidir?,İzlanda,açıklama çoğunlukla cevabı tekrar ediyor
q190,KEEP,3.0,Coğrafya,geo,Varşova hangi ülkenin başkentidir?,Polonya,açıklama çoğunlukla cevabı tekrar ediyor
q209,KEEP,3.0,Coğrafya,geo,Zagreb hangi ülkenin başkentidir?,Hırvatistan,açıklama çoğunlukla cevabı tekrar ediyor
q213,KEEP,3.0,Coğrafya,geo,Belgrad hangi ülkenin başkentidir?,Sırbistan,açıklama çoğunlukla cevabı tekrar ediyor
q217,KEEP,3.0,Coğrafya,geo,Sarajevo hangi ülkenin başkentidir?,Bosna-Hersek,açıklama çoğunlukla cevabı tekrar ediyor
q221,KEEP,3.0,Coğrafya,geo,Tirana hangi ülkenin başkentidir?,Arnavutluk,açıklama çoğunlukla cevabı tekrar ediyor
q225,KEEP,3.0,Coğrafya,geo,Üsküp hangi ülkenin başkentidir?,Kuzey Makedonya,açıklama çoğunlukla cevabı tekrar ediyor
q229,KEEP,3.0,Coğrafya,geo,Ljubljana hangi ülkenin başkentidir?,Slovenya,açıklama çoğunlukla cevabı tekrar ediyor
q236,KEEP,3.0,Coğrafya,geo,Tallinn hangi ülkenin başkentidir?,Estonya,açıklama çoğunlukla cevabı tekrar ediyor
q240,KEEP,3.0,Coğrafya,geo,Riga hangi ülkenin başkentidir?,Letonya,açıklama çoğunlukla cevabı tekrar ediyor
q244,KEEP,3.0,Coğrafya,geo,Vilnius hangi ülkenin başkentidir?,Litvanya,açıklama çoğunlukla cevabı tekrar ediyor
q248,KEEP,3.0,Coğrafya,geo,Kiev hangi ülkenin başkentidir?,Ukrayna,açıklama çoğunlukla cevabı tekrar ediyor
q252,KEEP,3.0,Coğrafya,geo,Minsk hangi ülkenin başkentidir?,Belarus,açıklama çoğunlukla cevabı tekrar ediyor
q256,KEEP,3.0,Coğrafya,geo,Kişinev hangi ülkenin başkentidir?,Moldova,açıklama çoğunlukla cevabı tekrar ediyor
q260,KEEP,3.0,Coğrafya,geo,Moskova hangi ülkenin başkentidir?,Rusya,açıklama çoğunlukla cevabı tekrar ediyor
q264,KEEP,3.0,Coğrafya,geo,Tiflis hangi ülkenin başkentidir?,Gürcistan,açıklama çoğunlukla cevabı tekrar ediyor
q267,KEEP,3.0,Coğrafya,geo,Erivan hangi ülkenin başkentidir?,Ermenistan,açıklama çoğunlukla cevabı tekrar ediyor
q268,KEEP,3.0,Coğrafya,geo,Ermenistan hangi kıtada yer alır?,Asya,açıklama çoğunlukla cevabı tekrar ediyor
q271,KEEP,3.0,Coğrafya,geo,Bakü hangi ülkenin başkentidir?,Azerbaycan,açıklama çoğunlukla cevabı tekrar ediyor
q276,KEEP,3.0,Coğrafya,geo,Amerika Birleşik Devletleri hangi kıtada yer alır?,Kuzey Amerika,açıklama çoğunlukla cevabı tekrar ediyor
q278,KEEP,3.0,Coğrafya,geo,Ottawa hangi ülkenin başkentidir?,Kanada,açıklama çoğunlukla cevabı tekrar ediyor
q279,KEEP,3.0,Coğrafya,geo,Kanada hangi kıtada yer alır?,Kuzey Amerika,açıklama çoğunlukla cevabı tekrar ediyor
q282,KEEP,3.0,Coğrafya,geo,Meksiko hangi ülkenin başkentidir?,Meksika,açıklama çoğunlukla cevabı tekrar ediyor
q283,KEEP,3.0,Coğrafya,geo,Meksika hangi kıtada yer alır?,Kuzey Amerika,açıklama çoğunlukla cevabı tekrar ediyor
q286,KEEP,3.0,Coğrafya,geo,Brasília hangi ülkenin başkentidir?,Brezilya,açıklama çoğunlukla cevabı tekrar ediyor
q287,KEEP,3.0,Coğrafya,geo,Brezilya hangi kıtada yer alır?,Güney Amerika,açıklama çoğunlukla cevabı tekrar ediyor
q290,KEEP,3.0,Coğrafya,geo,Buenos Aires hangi ülkenin başkentidir?,Arjantin,açıklama çoğunlukla cevabı tekrar ediyor
q291,KEEP,3.0,Coğrafya,geo,Arjantin hangi kıtada yer alır?,Güney Amerika,açıklama çoğunlukla cevabı tekrar ediyor
q294,KEEP,3.0,Coğrafya,geo,Santiago hangi ülkenin başkentidir?,Şili,açıklama çoğunlukla cevabı tekrar ediyor
q295,KEEP,3.0,Coğrafya,geo,Şili hangi kıtada yer alır?,Güney Amerika,açıklama çoğunlukla cevabı tekrar ediyor
q301,KEEP,3.0,Coğrafya,geo,Bogotá hangi ülkenin başkentidir?,Kolombiya,açıklama çoğunlukla cevabı tekrar ediyor
q367,KEEP,3.0,Coğrafya,geo,Güney Kore hangi kıtada yer alır?,Asya,açıklama çoğunlukla cevabı tekrar ediyor
q371,KEEP,3.0,Coğrafya,geo,Hindistan hangi kıtada yer alır?,Asya,açıklama çoğunlukla cevabı tekrar ediyor
q488,KEEP,3.0,Coğrafya,geo,Cezayir hangi kıtada yer alır?,Afrika,açıklama çoğunlukla cevabı tekrar ediyor
q568,KEEP,3.0,Coğrafya,geo,Avustralya hangi kıtada yer alır?,Okyanusya,açıklama çoğunlukla cevabı tekrar ediyor
q572,KEEP,3.0,Coğrafya,geo,Yeni Zelanda hangi kıtada yer alır?,Okyanusya,açıklama çoğunlukla cevabı tekrar ediyor
q623,KEEP,3.0,Eğlence,entertainment,Steven Spielberg'in Jaws filmi hangi yılda gösterime girdi?,1975,açıklama çoğunlukla cevabı tekrar ediyor
q795,KEEP,3.0,Eğlence,entertainment,Christopher Nolan'ın Kara Şövalye filmi hangi yılda gösterime girdi?,2008,açıklama çoğunlukla cevabı tekrar ediyor
q829,KEEP,3.0,Eğlence,entertainment,Christopher Nolan'ın yönettiği Yıldızlararası filmi hangi yılda gösterime girdi?,2014,açıklama çoğunlukla cevabı tekrar ediyor
q4624,KEEP,3.0,Sanat & Edebiyat,art,The Hay Wain adlı eserin sanatçısı kimdir?,John Constable,
q4627,KEEP,3.0,Sanat & Edebiyat,art,The Stone Breakers adlı eserin sanatçısı kimdir?,Gustave Courbet,
q4628,KEEP,3.0,Sanat & Edebiyat,art,The Gleaners adlı eserin sanatçısı kimdir?,Jean-François Millet,
q4629,KEEP,3.0,Sanat & Edebiyat,art,The Angelus adlı eserin sanatçısı kimdir?,Jean-François Millet,
q4630,KEEP,3.0,Sanat & Edebiyat,art,Olympia adlı eserin sanatçısı kimdir?,Édouard Manet,
q4632,KEEP,3.0,Sanat & Edebiyat,art,Whistler’s Mother adlı eserin sanatçısı kimdir?,James McNeill Whistler,
q4633,KEEP,3.0,Sanat & Edebiyat,art,"Impression, Sunrise adlı eserin sanatçısı kimdir?",Claude Monet,
q4634,KEEP,3.0,Sanat & Edebiyat,art,The Ballet Class adlı eserin sanatçısı kimdir?,Edgar Degas,
q4639,KEEP,3.0,Sanat & Edebiyat,art,The Night Café adlı eserin sanatçısı kimdir?,Vincent van Gogh,
q4641,KEEP,3.0,Sanat & Edebiyat,art,The Scream adlı eserin sanatçısı kimdir?,Edvard Munch,
q4642,KEEP,3.0,Sanat & Edebiyat,art,At the Moulin Rouge adlı eserin sanatçısı kimdir?,Henri de Toulouse-Lautrec,
q4644,KEEP,3.0,Sanat & Edebiyat,art,The Sleeping Gypsy adlı eserin sanatçısı kimdir?,Henri Rousseau,
q4645,KEEP,3.0,Sanat & Edebiyat,art,The Large Bathers adlı eserin sanatçısı kimdir?,Paul Cézanne,
q4646,KEEP,3.0,Sanat & Edebiyat,art,Woman with a Hat adlı eserin sanatçısı kimdir?,Henri Matisse,
q4648,KEEP,3.0,Sanat & Edebiyat,art,The Dance adlı eserin sanatçısı kimdir?,Henri Matisse,
q4649,KEEP,3.0,Sanat & Edebiyat,art,The City Rises adlı eserin sanatçısı kimdir?,Umberto Boccioni,
q4651,KEEP,3.0,Sanat & Edebiyat,art,Composition VII adlı eserin sanatçısı kimdir?,Wassily Kandinsky,
q4652,KEEP,3.0,Sanat & Edebiyat,art,Black Square adlı eserin sanatçısı kimdir?,Kazimir Malevich,
q4653,KEEP,3.0,Sanat & Edebiyat,art,Fountain adlı eserin sanatçısı kimdir?,Marcel Duchamp,
q4655,KEEP,3.0,Sanat & Edebiyat,art,American Gothic adlı eserin sanatçısı kimdir?,Grant Wood,
q4657,KEEP,3.0,Sanat & Edebiyat,art,Girl Before a Mirror adlı eserin sanatçısı kimdir?,Pablo Picasso,
q4658,KEEP,3.0,Sanat & Edebiyat,art,The Two Fridas adlı eserin sanatçısı kimdir?,Frida Kahlo,
q4659,KEEP,3.0,Sanat & Edebiyat,art,Nighthawks adlı eserin sanatçısı kimdir?,Edward Hopper,
q4660,KEEP,3.0,Sanat & Edebiyat,art,Christina’s World adlı eserin sanatçısı kimdir?,Andrew Wyeth,
q4663,KEEP,3.0,Sanat & Edebiyat,art,Mountains and Sea adlı eserin sanatçısı kimdir?,Helen Frankenthaler,
q4665,KEEP,3.0,Sanat & Edebiyat,art,Flag adlı eserin sanatçısı kimdir?,Jasper Johns,
q4668,KEEP,3.0,Sanat & Edebiyat,art,Drowning Girl adlı eserin sanatçısı kimdir?,Roy Lichtenstein,
q4669,KEEP,3.0,Sanat & Edebiyat,art,One and Three Chairs adlı eserin sanatçısı kimdir?,Joseph Kosuth,
q4670,KEEP,3.0,Sanat & Edebiyat,art,Spiral Jetty adlı eserin sanatçısı kimdir?,Robert Smithson,
q4672,KEEP,3.0,Sanat & Edebiyat,art,The Dinner Party adlı eserin sanatçısı kimdir?,Judy Chicago,
q4674,KEEP,3.0,Sanat & Edebiyat,art,My Bed adlı eserin sanatçısı kimdir?,Tracey Emin,
q4675,KEEP,3.0,Sanat & Edebiyat,art,The Weather Project adlı eserin sanatçısı kimdir?,Olafur Eliasson,
q4676,KEEP,3.0,Sanat & Edebiyat,art,Sunflower Seeds adlı eserin sanatçısı kimdir?,Ai Weiwei,
q5516,KEEP,3.0,Tarih,history,"Pompeii en çok hangi uygarlık, hanedan veya kültürle ilişkilidir?",Roma İmparatorluğu,seri arkeoloji sorusu
q6131,KEEP,3.0,Coğrafya,geo,Avrupa bölgesindeki fiyort örneklerinden biri hangisidir?,Geirangerfjord,
q6139,KEEP,3.0,Coğrafya,geo,Okyanusya bölgesindeki volkanik ada örneklerinden biri hangisidir?,Bora Bora,
q6147,KEEP,3.0,Coğrafya,geo,Avrupa bölgesindeki tatlı su gölü örneklerinden biri hangisidir?,Loch Ness,
q6171,KEEP,3.0,Coğrafya,geo,Orta Amerika bölgesindeki denizel obruk örneklerinden biri hangisidir?,Great Blue Hole,
q6179,KEEP,3.0,Coğrafya,geo,Avrupa bölgesindeki nehir deltası örneklerinden biri hangisidir?,Tuna Deltası,
q6187,KEEP,3.0,Coğrafya,geo,Güney Amerika bölgesindeki sulak alan örneklerinden biri hangisidir?,Pantanal,
q6195,KEEP,3.0,Coğrafya,geo,Kuzey Amerika bölgesindeki buzul vadisi örneklerinden biri hangisidir?,Yosemite Vadisi,
q6211,KEEP,3.0,Coğrafya,geo,Asya bölgesindeki karstik körfez örneklerinden biri hangisidir?,Ha Long Körfezi,
q6219,KEEP,3.0,Coğrafya,geo,Afrika bölgesindeki yassı tepeli dağ örneklerinden biri hangisidir?,Masa Dağı,
q6235,KEEP,3.0,Coğrafya,geo,Afrika bölgesindeki stratovolkan örneklerinden biri hangisidir?,Kilimanjaro,
q6288,KEEP,3.0,Eğlence,entertainment,The Salesman aşağıdaki yapım türlerinden hangisidir?,Sinema filmi,
q6291,KEEP,3.0,Eğlence,entertainment,Woody Allen tarafından 1977 yılında hazırlanan yapım hangisidir?,Annie Hall,
q6293,KEEP,3.0,Eğlence,entertainment,1999 yılında HBO üzerinden başlayan dizi hangisidir?,The Sopranos,
q6295,KEEP,3.0,Eğlence,entertainment,Get Out aşağıdaki yapım türlerinden hangisidir?,Sinema filmi,
q6298,KEEP,3.0,Eğlence,entertainment,Bernardo Bertolucci tarafından 1987 yılında hazırlanan yapım hangisidir?,The Last Emperor,
q6300,KEEP,3.0,Eğlence,entertainment,2006 yılında NBC üzerinden başlayan dizi hangisidir?,30 Rock,
q6302,KEEP,3.0,Eğlence,entertainment,A Separation aşağıdaki yapım türlerinden hangisidir?,Sinema filmi,
q6305,KEEP,3.0,Eğlence,entertainment,Jean-Luc Godard tarafından 1960 yılında hazırlanan yapım hangisidir?,Breathless,
q6307,KEEP,3.0,Eğlence,entertainment,2007 yılında AMC üzerinden başlayan dizi hangisidir?,Mad Men,
q6312,KEEP,3.0,Eğlence,entertainment,Nic Pizzolatto tarafından 2014 yılında hazırlanan yapım hangisidir?,True Detective,
q6314,KEEP,3.0,Eğlence,entertainment,2002 yılında HBO üzerinden başlayan dizi hangisidir?,The Wire,
q6319,KEEP,3.0,Eğlence,entertainment,Ryan Condal ve George R. R. Martin tarafından 2022 yılında hazırlanan yapım hangisidir?,House of the Dragon,
q6321,KEEP,3.0,Eğlence,entertainment,2004 yılında HBO üzerinden başlayan dizi hangisidir?,Deadwood,
q6323,KEEP,3.0,Eğlence,entertainment,Dark aşağıdaki yapım türlerinden hangisidir?,Televizyon dizisi,
q6326,KEEP,3.0,Eğlence,entertainment,Christopher Storer tarafından 2022 yılında hazırlanan yapım hangisidir?,The Bear,
q6328,KEEP,3.0,Eğlence,entertainment,2018 yılında BBC America üzerinden başlayan dizi hangisidir?,Killing Eve,
q6333,KEEP,3.0,Eğlence,entertainment,Danny Boyle tarafından 2008 yılında hazırlanan yapım hangisidir?,Slumdog Millionaire,
q6335,KEEP,3.0,Eğlence,entertainment,2004 yılında ABC üzerinden başlayan dizi hangisidir?,Lost,
q6340,KEEP,3.0,Eğlence,entertainment,Steven Knight tarafından 2013 yılında hazırlanan yapım hangisidir?,Peaky Blinders,
q6358,KEEP,3.0,Eğlence,entertainment,Spiral aşağıdaki yapım türlerinden hangisidir?,Televizyon dizisi,
q6407,KEEP,3.0,Eğlence,entertainment,The Sopranos aşağıdaki yapım türlerinden hangisidir?,Televizyon dizisi,
q6790,KEEP,3.0,Bilim & Doğa,science,Eşdeğer doz büyüklüğünün birimi sievert ise bu birimin sembolü hangisidir?,Sv,
q6795,KEEP,3.0,Bilim & Doğa,science,Endokrin sistem içinde yer alan ve tiroit bezinin arka yüzünde bulunan yapı hangisidir?,Paratiroit bezleri,
q6802,KEEP,3.0,Bilim & Doğa,science,Elektrik iletkenliği büyüklüğünün birimi siemens ise bu birimin sembolü hangisidir?,S,
q6807,KEEP,3.0,Bilim & Doğa,science,Endokrin sistem içinde yer alan ve boynun ön bölümünde bulunan yapı hangisidir?,Tiroit bezi,
q6814,KEEP,3.0,Bilim & Doğa,science,Manyetik akı büyüklüğünün birimi weber ise bu birimin sembolü hangisidir?,Wb,
q6819,KEEP,3.0,Bilim & Doğa,science,İskelet sistemi içinde yer alan ve sırtın üst bölümünde bulunan yapı hangisidir?,Skapula,
q6826,KEEP,3.0,Bilim & Doğa,science,Işık akısı büyüklüğünün birimi lumen ise bu birimin sembolü hangisidir?,lm,
q6838,KEEP,3.0,Bilim & Doğa,science,Elektrik akımı büyüklüğünün birimi amper ise bu birimin sembolü hangisidir?,A,
q6843,KEEP,3.0,Bilim & Doğa,science,Endokrin sistem içinde yer alan ve böbreklerin üstünde bulunan yapı hangisidir?,Böbreküstü bezleri,
q6850,KEEP,3.0,Bilim & Doğa,science,Aydınlanma düzeyi büyüklüğünün birimi lux ise bu birimin sembolü hangisidir?,lx,
q6862,KEEP,3.0,Bilim & Doğa,science,Manyetik akı yoğunluğu büyüklüğünün birimi tesla ise bu birimin sembolü hangisidir?,T,
q6867,KEEP,3.0,Bilim & Doğa,science,Sinir sistemi içinde yer alan ve kafatası içinde bulunan yapı hangisidir?,Büyük beyin,
q6874,KEEP,3.0,Bilim & Doğa,science,Enerji büyüklüğünün birimi joule ise bu birimin sembolü hangisidir?,J,
q6879,KEEP,3.0,Bilim & Doğa,science,Sindirim sistemi içinde yer alan ve boğaz ile mide arasında bulunan yapı hangisidir?,Yemek borusu,
q6886,KEEP,3.0,Bilim & Doğa,science,Soğurulan doz büyüklüğünün birimi gray ise bu birimin sembolü hangisidir?,Gy,
q6891,KEEP,3.0,Bilim & Doğa,science,İskelet sistemi içinde yer alan ve dizin önünde bulunan yapı hangisidir?,Patella,
q6898,KEEP,3.0,Bilim & Doğa,science,Işık şiddeti büyüklüğünün birimi candela ise bu birimin sembolü hangisidir?,cd,
q6903,KEEP,3.0,Bilim & Doğa,science,İskelet sistemi içinde yer alan ve uylukta bulunan yapı hangisidir?,Femur,
q13362,KEEP,3.0,Eğlence,entertainment,The Wire ve Deadwood dizilerinin ilk yayınlandığı ortak kanal veya platform hangisidir?,HBO,doğru seçenek uzunluğuyla ayrışıyor
q080,KEEP,2.5,Sanat & Edebiyat,art,Düşünen Adam heykelinin sanatçısı kimdir?,Auguste Rodin,açıklama çoğunlukla cevabı tekrar ediyor
q1573,KEEP,2.5,Sanat & Edebiyat,art,Antik Çağ dönemine ait olan ve Odysseus’un eve dönüş yolculuğunu anlatan eser hangisidir?,Odysseia,açıklama çoğunlukla cevabı tekrar ediyor
q1588,KEEP,2.5,Sanat & Edebiyat,art,Giovanni Boccaccio tarafından oluşturulan eser hangisidir?,Decameron,açıklama çoğunlukla cevabı tekrar ediyor
q1594,KEEP,2.5,Sanat & Edebiyat,art,Öykü derlemesi türünde değerlendirilen eser hangisidir?,Decameron,açıklama çoğunlukla cevabı tekrar ediyor
q1631,KEEP,2.5,Sanat & Edebiyat,art,John Milton tarafından oluşturulan eser hangisidir?,Kayıp Cennet,açıklama çoğunlukla cevabı tekrar ediyor
q1637,KEEP,2.5,Sanat & Edebiyat,art,John Milton tarafından oluşturulan epik şiir hangisidir?,Kayıp Cennet,açıklama çoğunlukla cevabı tekrar ediyor
q1640,KEEP,2.5,Sanat & Edebiyat,art,Daniel Defoe tarafından oluşturulan eser hangisidir?,Robinson Crusoe,açıklama çoğunlukla cevabı tekrar ediyor
q1648,KEEP,2.5,Sanat & Edebiyat,art,Jonathan Swift tarafından oluşturulan eser hangisidir?,Gulliver’in Gezileri,açıklama çoğunlukla cevabı tekrar ediyor
q1674,KEEP,2.5,Sanat & Edebiyat,art,Jane Austen tarafından oluşturulan eser hangisidir?,Gurur ve Önyargı,açıklama çoğunlukla cevabı tekrar ediyor
q4030,KEEP,2.5,Spor,sport,Netbol sporunda bir takım sahada kaç oyuncuyla yer alır?,7,doğru seçenek uzunluğuyla ayrışıyor
q4173,KEEP,2.5,Coğrafya,geo,Haiti ile kara sınırı bulunan ülkelerden biri hangisidir?,Dominik Cumhuriyeti,doğru seçenek uzunluğuyla ayrışıyor
q6637,KEEP,2.5,Sanat & Edebiyat,art,Kırmızı ve Siyah ile aynı yaratıcıya ait başka bir eser hangisidir?,Parma Manastırı,
q7070,KEEP,2.5,Spor,sport,Batı Almanya takımının kazandığı 1980 Avrupa Futbol Şampiyonası hangi ülkede düzenlenmiştir?,İtalya,
q8024,KEEP,2.5,Spor,sport,Batı Almanya takımının kazandığı 1972 Avrupa Futbol Şampiyonası hangi ülkede düzenlenmiştir?,Belçika,
q13485,KEEP,2.5,Tarih,history,Spirit keşif aracının Mars’a inişi olayının temel sonucu veya tarihsel önemi hangisidir?,Mars yüzeyinde uzun süreli jeolojik incelemelerin başlaması,seri tarihsel önem sorusu
q13742,KEEP,2.5,Sanat & Edebiyat,art,Clair de Lune ile La Mer eserlerinin ortak yaratıcısı kimdir?,Claude Debussy,
q15339,KEEP,2.5,Eğlence,entertainment,The Sopranos ve Westworld dizilerinin ilk yayınlandığı ortak kanal veya platform hangisidir?,HBO,
q16361,KEEP,2.5,Eğlence,entertainment,The Wire ve Six Feet Under dizilerinin ilk yayınlandığı ortak kanal veya platform hangisidir?,HBO,
q16532,KEEP,2.5,Tarih,history,Londra Yaz Olimpiyat Oyunları olayının temel sonucu veya tarihsel önemi hangisidir?,Londra’nın modern Yaz Olimpiyatlarına üçüncü kez ev sahipliği yapması,seri tarihsel önem sorusu
q18485,KEEP,2.5,Tarih,history,Paris Yaz Olimpiyat Oyunları olayının temel sonucu veya tarihsel önemi hangisidir?,Yaz Olimpiyatlarının Paris’te üçüncü kez düzenlenmesi,seri tarihsel önem sorusu
q18506,KEEP,2.5,Tarih,history,Pekin Yaz Olimpiyat Oyunları olayının temel sonucu veya tarihsel önemi hangisidir?,Yaz Olimpiyatlarının Çin’de ilk kez düzenlenmesi,seri tarihsel önem sorusu
q19439,KEEP,2.5,Eğlence,entertainment,Parks and Recreation ve Community dizilerinin ilk yayınlandığı ortak kanal veya platform hangisidir?,NBC,
q19515,KEEP,2.5,Tarih,history,InSight uzay aracının Mars’a inişi olayının temel sonucu veya tarihsel önemi hangisidir?,Mars’ın iç yapısını sismik ölçümlerle inceleyen görevin başlaması,seri tarihsel önem sorusu
q20575,KEEP,2.5,Tarih,history,COP30 iklim konferansı olayının temel sonucu veya tarihsel önemi hangisidir?,Taraf ülkelerin iklim hedefleri ve uygulama gündemini Amazon bölgesinde ele alması,seri tarihsel önem sorusu
q22541,KEEP,2.5,Tarih,history,ʻOumuamua’nın keşfedilmesi olayının temel sonucu veya tarihsel önemi hangisidir?,Güneş Sistemi dışından geldiği doğrulanan ilk gözlemsel cismin belirlenmesi,seri tarihsel önem sorusu
q275,KEEP,2.0,Coğrafya,geo,Washington hangi ülkenin başkentidir?,Amerika Birleşik Devletleri,açıklama çoğunlukla cevabı tekrar ediyor | doğru seçenek uzunluğuyla ayrışıyor
q4789,KEEP,2.0,Bilim & Doğa,science,Su bileşiğinin kimyasal formülü hangisidir?,H₂O,açıklama çoğunlukla cevabı tekrar ediyor
q4790,KEEP,2.0,Bilim & Doğa,science,Karbondioksit bileşiğinin kimyasal formülü hangisidir?,CO₂,açıklama çoğunlukla cevabı tekrar ediyor
q4791,KEEP,2.0,Bilim & Doğa,science,Metan bileşiğinin kimyasal formülü hangisidir?,CH₄,açıklama çoğunlukla cevabı tekrar ediyor
q4792,KEEP,2.0,Bilim & Doğa,science,Amonyak bileşiğinin kimyasal formülü hangisidir?,NH₃,açıklama çoğunlukla cevabı tekrar ediyor
q4793,KEEP,2.0,Bilim & Doğa,science,Sülfürik asit bileşiğinin kimyasal formülü hangisidir?,H₂SO₄,açıklama çoğunlukla cevabı tekrar ediyor
q4795,KEEP,2.0,Bilim & Doğa,science,Nitrik asit bileşiğinin kimyasal formülü hangisidir?,HNO₃,açıklama çoğunlukla cevabı tekrar ediyor
q4797,KEEP,2.0,Bilim & Doğa,science,Asetik asit bileşiğinin kimyasal formülü hangisidir?,CH₃COOH,açıklama çoğunlukla cevabı tekrar ediyor
q4810,KEEP,2.0,Bilim & Doğa,science,Ozon bileşiğinin kimyasal formülü hangisidir?,O₃,açıklama çoğunlukla cevabı tekrar ediyor
q4811,KEEP,2.0,Bilim & Doğa,science,Glikoz bileşiğinin kimyasal formülü hangisidir?,C₆H₁₂O₆,açıklama çoğunlukla cevabı tekrar ediyor
q4812,KEEP,2.0,Bilim & Doğa,science,Sakkaroz bileşiğinin kimyasal formülü hangisidir?,C₁₂H₂₂O₁₁,açıklama çoğunlukla cevabı tekrar ediyor
q4813,KEEP,2.0,Bilim & Doğa,science,Etanol bileşiğinin kimyasal formülü hangisidir?,C₂H₅OH,açıklama çoğunlukla cevabı tekrar ediyor
q4814,KEEP,2.0,Bilim & Doğa,science,Metanol bileşiğinin kimyasal formülü hangisidir?,CH₃OH,açıklama çoğunlukla cevabı tekrar ediyor
q4815,KEEP,2.0,Bilim & Doğa,science,Aseton bileşiğinin kimyasal formülü hangisidir?,C₃H₆O,açıklama çoğunlukla cevabı tekrar ediyor
q4816,KEEP,2.0,Bilim & Doğa,science,Üre bileşiğinin kimyasal formülü hangisidir?,CH₄N₂O,açıklama çoğunlukla cevabı tekrar ediyor
q4822,KEEP,2.0,Bilim & Doğa,science,Gümüş nitrat bileşiğinin kimyasal formülü hangisidir?,AgNO₃,açıklama çoğunlukla cevabı tekrar ediyor
q4827,KEEP,2.0,Bilim & Doğa,science,Kloroform bileşiğinin kimyasal formülü hangisidir?,CHCl₃,açıklama çoğunlukla cevabı tekrar ediyor
q4828,KEEP,2.0,Bilim & Doğa,science,Benzen bileşiğinin kimyasal formülü hangisidir?,C₆H₆,açıklama çoğunlukla cevabı tekrar ediyor
q4833,KEEP,2.0,Bilim & Doğa,science,Bütan bileşiğinin kimyasal formülü hangisidir?,C₄H₁₀,açıklama çoğunlukla cevabı tekrar ediyor
q4838,KEEP,2.0,Bilim & Doğa,science,Fosfin bileşiğinin kimyasal formülü hangisidir?,PH₃,açıklama çoğunlukla cevabı tekrar ediyor
q4843,KEEP,2.0,Bilim & Doğa,science,Çinko oksit bileşiğinin kimyasal formülü hangisidir?,ZnO,açıklama çoğunlukla cevabı tekrar ediyor
q5514,KEEP,2.0,Tarih,history,"Troya en çok hangi uygarlık, hanedan veya kültürle ilişkilidir?",Troya kültürü,seri arkeoloji sorusu
q5515,KEEP,2.0,Tarih,history,"Efes en çok hangi uygarlık, hanedan veya kültürle ilişkilidir?",Antik Yunan ve Roma,seri arkeoloji sorusu
q5536,KEEP,2.0,Tarih,history,"Petra en çok hangi uygarlık, hanedan veya kültürle ilişkilidir?",Nebatiler,seri arkeoloji sorusu
q5537,KEEP,2.0,Tarih,history,"Palmira en çok hangi uygarlık, hanedan veya kültürle ilişkilidir?",Palmira ve Roma kültürü,seri arkeoloji sorusu
q5541,KEEP,2.0,Tarih,history,"Babil en çok hangi uygarlık, hanedan veya kültürle ilişkilidir?",Babilliler,seri arkeoloji sorusu
q5855,KEEP,2.0,Bilim & Doğa,science,Retina insan vücudunda nerede bulunur?,Göz küresinin arka iç yüzeyinde,açıklama çoğunlukla cevabı tekrar ediyor
q5856,KEEP,2.0,Bilim & Doğa,science,Kornea insan vücudunda nerede bulunur?,Gözün ön yüzeyinde,açıklama çoğunlukla cevabı tekrar ediyor
q5862,KEEP,2.0,Bilim & Doğa,science,Timus insan vücudunda nerede bulunur?,Göğüs kemiğinin arkasında,açıklama çoğunlukla cevabı tekrar ediyor
q5867,KEEP,2.0,Bilim & Doğa,science,Dalak insan vücudunda nerede bulunur?,Karnın sol üst bölümünde,açıklama çoğunlukla cevabı tekrar ediyor
q5876,KEEP,2.0,Bilim & Doğa,science,Kalp insan vücudunda nerede bulunur?,Göğüs boşluğunda iki akciğer arasında,açıklama çoğunlukla cevabı tekrar ediyor
q5881,KEEP,2.0,Bilim & Doğa,science,Mide insan vücudunda nerede bulunur?,Karnın sol üst bölümünde,açıklama çoğunlukla cevabı tekrar ediyor
q5883,KEEP,2.0,Bilim & Doğa,science,Jejunum insan vücudunda nerede bulunur?,İnce bağırsağın orta bölümünde,açıklama çoğunlukla cevabı tekrar ediyor
q5884,KEEP,2.0,Bilim & Doğa,science,İleum insan vücudunda nerede bulunur?,İnce bağırsağın son bölümünde,açıklama çoğunlukla cevabı tekrar ediyor
q5887,KEEP,2.0,Bilim & Doğa,science,Rektum insan vücudunda nerede bulunur?,Kalın bağırsağın son bölümünde,açıklama çoğunlukla cevabı tekrar ediyor
q5889,KEEP,2.0,Bilim & Doğa,science,Patella insan vücudunda nerede bulunur?,Dizin önünde,açıklama çoğunlukla cevabı tekrar ediyor
q5890,KEEP,2.0,Bilim & Doğa,science,Tibia insan vücudunda nerede bulunur?,Alt bacağın iç tarafında,açıklama çoğunlukla cevabı tekrar ediyor
q5891,KEEP,2.0,Bilim & Doğa,science,Fibula insan vücudunda nerede bulunur?,Alt bacağın dış tarafında,açıklama çoğunlukla cevabı tekrar ediyor
q5893,KEEP,2.0,Bilim & Doğa,science,Radius insan vücudunda nerede bulunur?,Ön kolun başparmak tarafında,açıklama çoğunlukla cevabı tekrar ediyor
q5894,KEEP,2.0,Bilim & Doğa,science,Ulna insan vücudunda nerede bulunur?,Ön kolun serçe parmak tarafında,açıklama çoğunlukla cevabı tekrar ediyor
q5895,KEEP,2.0,Bilim & Doğa,science,Skapula insan vücudunda nerede bulunur?,Sırtın üst bölümünde,açıklama çoğunlukla cevabı tekrar ediyor
q5897,KEEP,2.0,Bilim & Doğa,science,Sternum insan vücudunda nerede bulunur?,Göğsün ön orta hattında,açıklama çoğunlukla cevabı tekrar ediyor
q5898,KEEP,2.0,Bilim & Doğa,science,Omurlar insan vücudunda nerede bulunur?,Omurga boyunca,açıklama çoğunlukla cevabı tekrar ediyor
q5902,KEEP,2.0,Bilim & Doğa,science,Beyincik yapısının temel görevlerinden biri hangisidir?,Dengeyi ve hareketlerin koordinasyonunu düzenler,açıklama çoğunlukla cevabı tekrar ediyor
q5905,KEEP,2.0,Bilim & Doğa,science,Amigdala yapısının temel görevlerinden biri hangisidir?,Duygusal tepkilerin işlenmesine katkı sağlar,açıklama çoğunlukla cevabı tekrar ediyor
q5910,KEEP,2.0,Bilim & Doğa,science,Omurilik yapısının temel görevlerinden biri hangisidir?,Beyin ile vücut arasında sinir iletilerini taşır,açıklama çoğunlukla cevabı tekrar ediyor
q5911,KEEP,2.0,Bilim & Doğa,science,Retina yapısının temel görevlerinden biri hangisidir?,Işığı sinir sinyallerine dönüştürür,açıklama çoğunlukla cevabı tekrar ediyor
q5912,KEEP,2.0,Bilim & Doğa,science,Kornea yapısının temel görevlerinden biri hangisidir?,Işığın göze girişinde kırılmasını sağlar,açıklama çoğunlukla cevabı tekrar ediyor
q5914,KEEP,2.0,Bilim & Doğa,science,Koklea yapısının temel görevlerinden biri hangisidir?,Ses titreşimlerini sinir sinyallerine dönüştürür,açıklama çoğunlukla cevabı tekrar ediyor
q5918,KEEP,2.0,Bilim & Doğa,science,Timus yapısının temel görevlerinden biri hangisidir?,T lenfositlerinin olgunlaşmasına katkı sağlar,açıklama çoğunlukla cevabı tekrar ediyor
q5923,KEEP,2.0,Bilim & Doğa,science,Dalak yapısının temel görevlerinden biri hangisidir?,Kan hücrelerini süzer ve bağışıklığa katkı sağlar,açıklama çoğunlukla cevabı tekrar ediyor
q5932,KEEP,2.0,Bilim & Doğa,science,Kalp yapısının temel görevlerinden biri hangisidir?,Kanı vücuda ve akciğerlere pompalar,açıklama çoğunlukla cevabı tekrar ediyor
q5933,KEEP,2.0,Bilim & Doğa,science,Aort yapısının temel görevlerinden biri hangisidir?,Oksijenli kanı sistemik dolaşıma taşır,açıklama çoğunlukla cevabı tekrar ediyor
q5939,KEEP,2.0,Bilim & Doğa,science,Jejunum yapısının temel görevlerinden biri hangisidir?,Besinlerin önemli bir kısmının emilmesini sağlar,açıklama çoğunlukla cevabı tekrar ediyor
q5942,KEEP,2.0,Bilim & Doğa,science,Apandis yapısının temel görevlerinden biri hangisidir?,Bağırsak bağışıklık dokusuna katkı sağlar,açıklama çoğunlukla cevabı tekrar ediyor
q5943,KEEP,2.0,Bilim & Doğa,science,Rektum yapısının temel görevlerinden biri hangisidir?,Dışkıyı boşaltım öncesinde geçici olarak depolar,açıklama çoğunlukla cevabı tekrar ediyor
q5944,KEEP,2.0,Bilim & Doğa,science,Femur yapısının temel görevlerinden biri hangisidir?,Kalça ile diz arasında vücut ağırlığını taşır,açıklama çoğunlukla cevabı tekrar ediyor
q5946,KEEP,2.0,Bilim & Doğa,science,Tibia yapısının temel görevlerinden biri hangisidir?,Diz ile ayak bileği arasında ağırlığın büyük bölümünü taşır,açıklama çoğunlukla cevabı tekrar ediyor
q5947,KEEP,2.0,Bilim & Doğa,science,Fibula yapısının temel görevlerinden biri hangisidir?,Ayak bileğinin kararlılığına ve kas tutunmasına katkı sağlar,açıklama çoğunlukla cevabı tekrar ediyor
q5948,KEEP,2.0,Bilim & Doğa,science,Humerus yapısının temel görevlerinden biri hangisidir?,Omuz ile dirsek arasında kolun ana kemiğini oluşturur,açıklama çoğunlukla cevabı tekrar ediyor
q5949,KEEP,2.0,Bilim & Doğa,science,Radius yapısının temel görevlerinden biri hangisidir?,El bileği hareketleri ve ön kol dönüşüne katkı sağlar,açıklama çoğunlukla cevabı tekrar ediyor
q5950,KEEP,2.0,Bilim & Doğa,science,Ulna yapısının temel görevlerinden biri hangisidir?,Dirsek ekleminin temel kemik yapısını oluşturur,açıklama çoğunlukla cevabı tekrar ediyor
q5951,KEEP,2.0,Bilim & Doğa,science,Skapula yapısının temel görevlerinden biri hangisidir?,Omuz eklemi ve birçok kas için tutunma yüzeyi sağlar,açıklama çoğunlukla cevabı tekrar ediyor
q5954,KEEP,2.0,Bilim & Doğa,science,Omurlar yapısının temel görevlerinden biri hangisidir?,Omuriliği korur ve gövdeye destek sağlar,açıklama çoğunlukla cevabı tekrar ediyor
q6203,KEEP,2.0,Coğrafya,geo,Kuzey Amerika bölgesindeki dağlık milli park örneklerinden biri hangisidir?,Banff,doğru seçenek uzunluğuyla ayrışıyor
q5124,KEEP,1.5,Coğrafya,location,Pamukkale hangi ülkede veya ülkelerde bulunur?,Türkiye,seri ülke-konum sorusu
q5140,KEEP,1.5,Coğrafya,location,Kapadokya hangi ülkede veya ülkelerde bulunur?,Türkiye,seri ülke-konum sorusu
q5458,KEEP,1.5,Tarih,location,Troya arkeolojik alanı günümüzde hangi ülkededir?,Türkiye,seri arkeoloji sorusu
q5622,KEEP,1.5,Sanat & Edebiyat,art,Dört Mevsim adlı klasik müzik eserinin bestecisi kimdir?,Antonio Vivaldi,açıklama çoğunlukla cevabı tekrar ediyor
q5624,KEEP,1.5,Sanat & Edebiyat,art,Mesih adlı klasik müzik eserinin bestecisi kimdir?,George Frideric Handel,açıklama çoğunlukla cevabı tekrar ediyor
q5625,KEEP,1.5,Sanat & Edebiyat,art,Su Müziği adlı klasik müzik eserinin bestecisi kimdir?,George Frideric Handel,açıklama çoğunlukla cevabı tekrar ediyor
q5627,KEEP,1.5,Sanat & Edebiyat,art,Requiem adlı klasik müzik eserinin bestecisi kimdir?,Wolfgang Amadeus Mozart,açıklama çoğunlukla cevabı tekrar ediyor
q5628,KEEP,1.5,Sanat & Edebiyat,art,5. Senfoni adlı klasik müzik eserinin bestecisi kimdir?,Ludwig van Beethoven,açıklama çoğunlukla cevabı tekrar ediyor
q5630,KEEP,1.5,Sanat & Edebiyat,art,Ay Işığı Sonatı adlı klasik müzik eserinin bestecisi kimdir?,Ludwig van Beethoven,açıklama çoğunlukla cevabı tekrar ediyor
q5631,KEEP,1.5,Sanat & Edebiyat,art,Sevil Berberi adlı klasik müzik eserinin bestecisi kimdir?,Gioachino Rossini,açıklama çoğunlukla cevabı tekrar ediyor
q5632,KEEP,1.5,Sanat & Edebiyat,art,Guillaume Tell adlı klasik müzik eserinin bestecisi kimdir?,Gioachino Rossini,açıklama çoğunlukla cevabı tekrar ediyor
q5638,KEEP,1.5,Sanat & Edebiyat,art,Dakika Valsi adlı klasik müzik eserinin bestecisi kimdir?,Frédéric Chopin,açıklama çoğunlukla cevabı tekrar ediyor
q5639,KEEP,1.5,Sanat & Edebiyat,art,Träumerei adlı klasik müzik eserinin bestecisi kimdir?,Robert Schumann,açıklama çoğunlukla cevabı tekrar ediyor
q5643,KEEP,1.5,Sanat & Edebiyat,art,Aida adlı klasik müzik eserinin bestecisi kimdir?,Giuseppe Verdi,açıklama çoğunlukla cevabı tekrar ediyor
q5647,KEEP,1.5,Sanat & Edebiyat,art,Mavi Tuna adlı klasik müzik eserinin bestecisi kimdir?,Johann Strauss II,açıklama çoğunlukla cevabı tekrar ediyor
q5651,KEEP,1.5,Sanat & Edebiyat,art,Kuğu Gölü adlı klasik müzik eserinin bestecisi kimdir?,Pyotr İlyiç Çaykovski,açıklama çoğunlukla cevabı tekrar ediyor
q5654,KEEP,1.5,Sanat & Edebiyat,art,Şehrazat adlı klasik müzik eserinin bestecisi kimdir?,Nikolay Rimski-Korsakov,açıklama çoğunlukla cevabı tekrar ediyor
q5656,KEEP,1.5,Sanat & Edebiyat,art,Peer Gynt adlı klasik müzik eserinin bestecisi kimdir?,Edvard Grieg,açıklama çoğunlukla cevabı tekrar ediyor
q5660,KEEP,1.5,Sanat & Edebiyat,art,Finlandia adlı klasik müzik eserinin bestecisi kimdir?,Jean Sibelius,açıklama çoğunlukla cevabı tekrar ediyor
q5661,KEEP,1.5,Sanat & Edebiyat,art,Vltava adlı klasik müzik eserinin bestecisi kimdir?,Bedřich Smetana,açıklama çoğunlukla cevabı tekrar ediyor
q5662,KEEP,1.5,Sanat & Edebiyat,art,Carmen adlı klasik müzik eserinin bestecisi kimdir?,Georges Bizet,açıklama çoğunlukla cevabı tekrar ediyor
q5663,KEEP,1.5,Sanat & Edebiyat,art,Boléro adlı klasik müzik eserinin bestecisi kimdir?,Maurice Ravel,açıklama çoğunlukla cevabı tekrar ediyor
q5665,KEEP,1.5,Sanat & Edebiyat,art,Clair de Lune adlı klasik müzik eserinin bestecisi kimdir?,Claude Debussy,açıklama çoğunlukla cevabı tekrar ediyor
q5666,KEEP,1.5,Sanat & Edebiyat,art,La Mer adlı klasik müzik eserinin bestecisi kimdir?,Claude Debussy,açıklama çoğunlukla cevabı tekrar ediyor
q5668,KEEP,1.5,Sanat & Edebiyat,art,Ateş Kuşu adlı klasik müzik eserinin bestecisi kimdir?,Igor Stravinski,açıklama çoğunlukla cevabı tekrar ediyor
q5672,KEEP,1.5,Sanat & Edebiyat,art,Carmina Burana adlı klasik müzik eserinin bestecisi kimdir?,Carl Orff,açıklama çoğunlukla cevabı tekrar ediyor
q5674,KEEP,1.5,Sanat & Edebiyat,art,Peter ve Kurt adlı klasik müzik eserinin bestecisi kimdir?,Sergey Prokofyev,açıklama çoğunlukla cevabı tekrar ediyor
q5676,KEEP,1.5,Sanat & Edebiyat,art,Gayane adlı klasik müzik eserinin bestecisi kimdir?,Aram Haçaturyan,açıklama çoğunlukla cevabı tekrar ediyor
q5677,KEEP,1.5,Sanat & Edebiyat,art,Spartaküs adlı klasik müzik eserinin bestecisi kimdir?,Aram Haçaturyan,açıklama çoğunlukla cevabı tekrar ediyor
q5965,KEEP,1.5,Spor,venue,Celtic Park hangi şehirde bulunur?,Glasgow,
q5972,KEEP,1.5,Spor,venue,Fenway Park hangi şehirde bulunur?,Boston,
q6004,KEEP,1.5,Spor,venue,Ellis Park hangi şehirde bulunur?,Johannesburg,
q6831,KEEP,1.5,Bilim & Doğa,science,İskelet sistemi içinde yer alan ve ön kolun serçe parmak tarafında bulunan yapı hangisidir?,Ulna,
q6855,KEEP,1.5,Bilim & Doğa,science,Solunum sistemi içinde yer alan ve akciğerlerin uç hava keseciklerinde bulunan yapı hangisidir?,Alveoller,
q13505,KEEP,1.5,Tarih,history,Artemis I görevinin fırlatılması olayının temel sonucu veya tarihsel önemi hangisidir?,Ay çevresine insansız Orion uçuşuyla Artemis programının ilk bütünleşik testinin yapılması,seri tarihsel önem sorusu
q13536,KEEP,1.5,Tarih,history,2024 Nobel Kimya Ödülü olayının temel sonucu veya tarihsel önemi hangisidir?,Hesaplamalı protein tasarımı ve protein yapı tahmininin ödüllendirilmesi,seri tarihsel önem sorusu
q13557,KEEP,1.5,Tarih,history,Haiti depremi olayının temel sonucu veya tarihsel önemi hangisidir?,Başkent çevresinde ağır can kaybı ve altyapı yıkımı yaşanması,seri tarihsel önem sorusu
q13572,KEEP,1.5,Tarih,history,2024 Nobel Fizik Ödülü olayının temel sonucu veya tarihsel önemi hangisidir?,Yapay sinir ağlarıyla makine öğrenmesini mümkün kılan temel keşiflerin ödüllendirilmesi,seri tarihsel önem sorusu
q14525,KEEP,1.5,Tarih,history,Fukuşima Daiichi nükleer kazası olayının temel sonucu veya tarihsel önemi hangisidir?,Deprem ve tsunaminin ardından ciddi nükleer reaktör kazalarının yaşanması,seri tarihsel önem sorusu
q15462,KEEP,1.5,Tarih,history,Kahramanmaraş merkezli depremler olayının temel sonucu veya tarihsel önemi hangisidir?,Geniş bir bölgede ağır can kaybı ve yıkım meydana gelmesi,seri tarihsel önem sorusu
q15523,KEEP,1.5,Tarih,history,Expo 2025 Osaka’nın açılması olayının temel sonucu veya tarihsel önemi hangisidir?,Dünya fuarının “Designing Future Society for Our Lives” temasıyla başlaması,seri tarihsel önem sorusu
q15578,KEEP,1.5,Tarih,history,DART aracının Dimorphos’a çarpması olayının temel sonucu veya tarihsel önemi hangisidir?,Bir gökcisminin yörüngesini değiştirmeye yönelik ilk gezegen savunma testinin yapılması,seri tarihsel önem sorusu
q16467,KEEP,1.5,Tarih,history,İnsan Genomu Projesinin tamamlanması olayının temel sonucu veya tarihsel önemi hangisidir?,İnsan genomunun referans dizisinin büyük ölçüde tamamlanması,seri tarihsel önem sorusu
q16520,KEEP,1.5,Tarih,history,İsveç’in NATO’ya katılması olayının temel sonucu veya tarihsel önemi hangisidir?,İsveç’in ittifakın 32. üyesi olması,seri tarihsel önem sorusu
q16567,KEEP,1.5,Tarih,history,YouTube’un kurulması olayının temel sonucu veya tarihsel önemi hangisidir?,Çevrim içi video paylaşım platformunun faaliyete başlaması,seri tarihsel önem sorusu
q17469,KEEP,1.5,Tarih,history,Beyrut Limanı patlaması olayının temel sonucu veya tarihsel önemi hangisidir?,Liman çevresinde büyük can kaybı ve kent çapında hasar meydana gelmesi,seri tarihsel önem sorusu
q17512,KEEP,1.5,Tarih,history,11 Eylül saldırıları olayının temel sonucu veya tarihsel önemi hangisidir?,New York ve Washington çevresindeki hedeflere koordineli terör saldırıları düzenlenmesi,seri tarihsel önem sorusu
q17564,KEEP,1.5,Tarih,history,2025 Nobel Barış Ödülü olayının temel sonucu veya tarihsel önemi hangisidir?,Venezuela’da demokratik haklar için yürütülen çalışmaların ödüllendirilmesi,seri tarihsel önem sorusu
q18530,KEEP,1.5,Tarih,history,Chandrayaan-3’ün Ay’a inişi olayının temel sonucu veya tarihsel önemi hangisidir?,Hindistan’ın Ay yüzeyine kontrollü iniş yapan dördüncü ülke olması,seri tarihsel önem sorusu
q18558,KEEP,1.5,Tarih,history,Gelecek İçin Pakt’ın kabul edilmesi olayının temel sonucu veya tarihsel önemi hangisidir?,"Çok taraflı iş birliği, dijital yönetişim ve gelecek kuşaklara ilişkin yeni taahhütlerin benimsenmesi",seri tarihsel önem sorusu
q19503,KEEP,1.5,Tarih,history,Tayland mağara kurtarma operasyonu olayının temel sonucu veya tarihsel önemi hangisidir?,Mahsur kalan genç futbol takımı üyelerinin tamamının kurtarılması,seri tarihsel önem sorusu
q19538,KEEP,1.5,Tarih,history,Uzay Mekiği programının son görevi olayının temel sonucu veya tarihsel önemi hangisidir?,Atlantis’in STS-135 uçuşuyla Uzay Mekiği programının sona ermesi,seri tarihsel önem sorusu
q19611,KEEP,1.5,Tarih,history,Haiyan Tayfunu olayının temel sonucu veya tarihsel önemi hangisidir?,Şiddetli tayfunun geniş çaplı insani krize yol açması,seri tarihsel önem sorusu
q21544,KEEP,1.5,Tarih,history,2025 Nobel Edebiyat Ödülü olayının temel sonucu veya tarihsel önemi hangisidir?,Macar yazarın vizyoner edebî külliyatının ödüllendirilmesi,seri tarihsel önem sorusu
q21560,KEEP,1.5,Tarih,history,Columbia uzay mekiği kazası olayının temel sonucu veya tarihsel önemi hangisidir?,Uzay mekiğinin atmosfere dönüş sırasında parçalanması,seri tarihsel önem sorusu
q21561,KEEP,1.5,Tarih,history,Deepwater Horizon petrol sızıntısı olayının temel sonucu veya tarihsel önemi hangisidir?,Deniz ortamında büyük ölçekli petrol kirliliği meydana gelmesi,seri tarihsel önem sorusu
q22585,KEEP,1.5,Tarih,history,İlk iPhone’un tanıtılması olayının temel sonucu veya tarihsel önemi hangisidir?,Dokunmatik ekran merkezli akıllı telefon çağının hızlanması,seri tarihsel önem sorusu
q22617,KEEP,1.5,Tarih,history,Hint Okyanusu depremi ve tsunamisi olayının temel sonucu veya tarihsel önemi hangisidir?,Çok sayıda ülkede büyük can kaybı ve yıkıma yol açan tsunami felaketi,seri tarihsel önem sorusu
q23425,KEEP,1.5,Tarih,year,Boston Çay Partisi hangi yılda gerçekleşti?,1773,
q24197,KEEP,1.5,Tarih,year,Verdun Antlaşması hangi yılda gerçekleşti?,843,
q24397,KEEP,1.5,Tarih,year,Jül Sezar suikastı hangi yılda gerçekleşti?,MÖ 44,
q24506,KEEP,1.5,Tarih,year,Jön Türk Devrimi hangi yılda gerçekleşti?,1908,
q26262,KEEP,1.5,Tarih,year,Kadıköy Konsili hangi yılda gerçekleşti?,451,
q27279,KEEP,1.5,Tarih,year,Peloponez Savaşı’nın başlaması hangi yılda gerçekleşti?,MÖ 431,
q28053,KEEP,1.5,Tarih,year,Büyük İskender’in Mısır’a girişi hangi yılda gerçekleşti?,MÖ 332,
q29735,KEEP,1.5,Tarih,year,Selanik Fermanı hangi yılda gerçekleşti?,380,
q31017,KEEP,1.5,Tarih,year,Salamis Deniz Muharebesi hangi yılda gerçekleşti?,MÖ 480,
q31107,KEEP,1.5,Tarih,year,Maurya İmparatorluğu’nun kurulması hangi yılda gerçekleşti?,MÖ 322,
q32232,KEEP,1.5,Tarih,year,Talas Muharebesi hangi yılda gerçekleşti?,751,
q5340,REWRITE,5.5,Eğlence,creator,Gomorrah dizisinin yaratıcısı veya yaratıcıları kimdir?,Roberto Saviano,aynı soru ailesi gereğinden fazla tekrar ediyor
q5342,REWRITE,5.5,Eğlence,creator,Lupin dizisinin yaratıcısı veya yaratıcıları kimdir?,George Kay ve François Uzan,aynı soru ailesi gereğinden fazla tekrar ediyor
q5343,REWRITE,5.5,Eğlence,creator,The Bureau dizisinin yaratıcısı veya yaratıcıları kimdir?,Éric Rochant,aynı soru ailesi gereğinden fazla tekrar ediyor
q3639,REWRITE,5.0,Sanat & Edebiyat,author,Duygusal Eğitim adlı eserin yazarı kimdir?,Gustave Flaubert,aynı doğru cevap gereğinden fazla tekrar ediyor
q628,REWRITE,4.5,Eğlence,director,John G. Avildsen tarafından yönetilen film hangisidir?,Rocky,açıklama çoğunlukla cevabı tekrar ediyor | aynı soru ailesi gereğinden fazla tekrar ediyor
q697,REWRITE,4.5,Eğlence,director,Quentin Tarantino tarafından yönetilen film hangisidir?,Ucuz Roman,açıklama çoğunlukla cevabı tekrar ediyor | aynı soru ailesi gereğinden fazla tekrar ediyor
q723,REWRITE,4.5,Eğlence,director,John Lasseter tarafından yönetilen film hangisidir?,Oyuncak Hikâyesi,açıklama çoğunlukla cevabı tekrar ediyor | aynı soru ailesi gereğinden fazla tekrar ediyor
q5295,REWRITE,4.5,Eğlence,creator,30 Rock dizisinin yaratıcısı veya yaratıcıları kimdir?,Tina Fey,doğru seçenek uzunluğuyla ayrışıyor | aynı soru ailesi gereğinden fazla tekrar ediyor
q5339,REWRITE,4.5,Eğlence,creator,Spiral dizisinin yaratıcısı veya yaratıcıları kimdir?,Alexandra Clert ve Guy-Patrick Sainderichin,doğru seçenek uzunluğuyla ayrışıyor | aynı soru ailesi gereğinden fazla tekrar ediyor
q6015,REWRITE,4.5,Spor,sport,Maracanã hangi ülkede bulunur?,Brezilya,aynı doğru cevap gereğinden fazla tekrar ediyor
q24442,REWRITE,4.5,Sanat & Edebiyat,author,Huzur eserinin yazarı kimdir?,Ahmet Hamdi Tanpınar,aynı soru ailesi gereğinden fazla tekrar ediyor
q24480,REWRITE,4.5,Sanat & Edebiyat,author,Yabancı eserinin yazarı kimdir?,Albert Camus,aynı soru ailesi gereğinden fazla tekrar ediyor
q24515,REWRITE,4.5,Sanat & Edebiyat,author,Zehra eserinin yazarı kimdir?,Nabizade Nâzım,aynı soru ailesi gereğinden fazla tekrar ediyor
q24526,REWRITE,4.5,Sanat & Edebiyat,author,Eylül eserinin yazarı kimdir?,Mehmet Rauf,aynı soru ailesi gereğinden fazla tekrar ediyor
q24600,REWRITE,4.5,Sanat & Edebiyat,author,Sinekli Bakkal eserinin yazarı kimdir?,Halide Edib Adıvar,aynı soru ailesi gereğinden fazla tekrar ediyor
q24702,REWRITE,4.5,Sanat & Edebiyat,author,Mesnevi eserinin yazarı kimdir?,Mevlânâ Celâleddîn-i Rûmî,aynı soru ailesi gereğinden fazla tekrar ediyor
q24820,REWRITE,4.5,Sanat & Edebiyat,author,Çalıkuşu eserinin yazarı kimdir?,Reşat Nuri Güntekin,aynı soru ailesi gereğinden fazla tekrar ediyor
q24900,REWRITE,4.5,Sanat & Edebiyat,author,Tehlikeli Oyunlar eserinin yazarı kimdir?,Oğuz Atay,aynı soru ailesi gereğinden fazla tekrar ediyor
q24920,REWRITE,4.5,Sanat & Edebiyat,author,Sineklerin Tanrısı eserinin yazarı kimdir?,William Golding,aynı soru ailesi gereğinden fazla tekrar ediyor
q24955,REWRITE,4.5,Sanat & Edebiyat,author,Cesur Yeni Dünya eserinin yazarı kimdir?,Aldous Huxley,aynı soru ailesi gereğinden fazla tekrar ediyor
q24992,REWRITE,4.5,Sanat & Edebiyat,author,Gölgesizler eserinin yazarı kimdir?,Hasan Ali Toptaş,aynı soru ailesi gereğinden fazla tekrar ediyor
q25131,REWRITE,4.5,Sanat & Edebiyat,author,Günden Kalanlar eserinin yazarı kimdir?,Kazuo Ishiguro,aynı soru ailesi gereğinden fazla tekrar ediyor
q25181,REWRITE,4.5,Sanat & Edebiyat,author,Karanlığın Sol Eli eserinin yazarı kimdir?,Ursula K. Le Guin,aynı soru ailesi gereğinden fazla tekrar ediyor
q25282,REWRITE,4.5,Sanat & Edebiyat,author,Zaman Makinesi eserinin yazarı kimdir?,H. G. Wells,aynı soru ailesi gereğinden fazla tekrar ediyor
q25569,REWRITE,4.5,Sanat & Edebiyat,author,Serenad eserinin yazarı kimdir?,Zülfü Livaneli,aynı soru ailesi gereğinden fazla tekrar ediyor
q25607,REWRITE,4.5,Sanat & Edebiyat,author,Ayaşlı ve Kiracıları eserinin yazarı kimdir?,Memduh Şevket Esendal,aynı soru ailesi gereğinden fazla tekrar ediyor
q25672,REWRITE,4.5,Sanat & Edebiyat,author,Deniz Feneri eserinin yazarı kimdir?,Virginia Woolf,aynı soru ailesi gereğinden fazla tekrar ediyor
q25720,REWRITE,4.5,Sanat & Edebiyat,author,Dokuzuncu Hariciye Koğuşu eserinin yazarı kimdir?,Peyami Safa,aynı soru ailesi gereğinden fazla tekrar ediyor
q25979,REWRITE,4.5,Sanat & Edebiyat,author,Peri Kraliçesi eserinin yazarı kimdir?,Edmund Spenser,aynı soru ailesi gereğinden fazla tekrar ediyor
q26019,REWRITE,4.5,Sanat & Edebiyat,author,İngiliz Hasta eserinin yazarı kimdir?,Michael Ondaatje,aynı soru ailesi gereğinden fazla tekrar ediyor
q26077,REWRITE,4.5,Sanat & Edebiyat,author,Aşk eserinin yazarı kimdir?,Elif Şafak,aynı soru ailesi gereğinden fazla tekrar ediyor
q26328,REWRITE,4.5,Sanat & Edebiyat,author,Hükümdar eserinin yazarı kimdir?,Niccolò Machiavelli,aynı soru ailesi gereğinden fazla tekrar ediyor
q26341,REWRITE,4.5,Sanat & Edebiyat,author,Karanlığın Yüreği eserinin yazarı kimdir?,Joseph Conrad,aynı soru ailesi gereğinden fazla tekrar ediyor
q26445,REWRITE,4.5,Sanat & Edebiyat,author,Fatih-Harbiye eserinin yazarı kimdir?,Peyami Safa,aynı soru ailesi gereğinden fazla tekrar ediyor
q26455,REWRITE,4.5,Sanat & Edebiyat,author,Kiralık Konak eserinin yazarı kimdir?,Yakup Kadri Karaosmanoğlu,aynı soru ailesi gereğinden fazla tekrar ediyor
q26787,REWRITE,4.5,Sanat & Edebiyat,author,Ölmeye Yatmak eserinin yazarı kimdir?,Adalet Ağaoğlu,aynı soru ailesi gereğinden fazla tekrar ediyor
q26900,REWRITE,4.5,Sanat & Edebiyat,author,Gülün Adı eserinin yazarı kimdir?,Umberto Eco,aynı soru ailesi gereğinden fazla tekrar ediyor
q26939,REWRITE,4.5,Sanat & Edebiyat,author,Son Mohikan eserinin yazarı kimdir?,James Fenimore Cooper,aynı soru ailesi gereğinden fazla tekrar ediyor
q27016,REWRITE,4.5,Sanat & Edebiyat,author,Muhakemetü’l-Lügateyn eserinin yazarı kimdir?,Ali Şîr Nevâî,aynı soru ailesi gereğinden fazla tekrar ediyor
q27017,REWRITE,4.5,Sanat & Edebiyat,author,Fırtına eserinin yazarı kimdir?,William Shakespeare,aynı soru ailesi gereğinden fazla tekrar ediyor
q27297,REWRITE,4.5,Sanat & Edebiyat,author,Mezbaha No. 5 eserinin yazarı kimdir?,Kurt Vonnegut,aynı soru ailesi gereğinden fazla tekrar ediyor
q27359,REWRITE,4.5,Sanat & Edebiyat,author,Çarmıh Yolcusu eserinin yazarı kimdir?,John Bunyan,aynı soru ailesi gereğinden fazla tekrar ediyor
q27628,REWRITE,4.5,Sanat & Edebiyat,author,Saatleri Ayarlama Enstitüsü eserinin yazarı kimdir?,Ahmet Hamdi Tanpınar,aynı soru ailesi gereğinden fazla tekrar ediyor
q27652,REWRITE,4.5,Sanat & Edebiyat,author,Canterbury Hikâyeleri eserinin yazarı kimdir?,Geoffrey Chaucer,aynı soru ailesi gereğinden fazla tekrar ediyor
q27664,REWRITE,4.5,Sanat & Edebiyat,author,Beowulf eserinin yazarı kimdir?,Anonim,aynı soru ailesi gereğinden fazla tekrar ediyor
q27751,REWRITE,4.5,Sanat & Edebiyat,author,The Sympathizer eserinin yazarı kimdir?,Viet Thanh Nguyen,aynı soru ailesi gereğinden fazla tekrar ediyor
q27903,REWRITE,4.5,Sanat & Edebiyat,author,Kutadgu Bilig eserinin yazarı kimdir?,Yusuf Has Hacib,aynı soru ailesi gereğinden fazla tekrar ediyor
q27986,REWRITE,4.5,Sanat & Edebiyat,author,Kuyucaklı Yusuf eserinin yazarı kimdir?,Sabahattin Ali,aynı soru ailesi gereğinden fazla tekrar ediyor
q28434,REWRITE,4.5,Sanat & Edebiyat,author,Lüzumsuz Adam eserinin yazarı kimdir?,Sait Faik Abasıyanık,aynı soru ailesi gereğinden fazla tekrar ediyor
q28474,REWRITE,4.5,Sanat & Edebiyat,author,Dorian Gray’in Portresi eserinin yazarı kimdir?,Oscar Wilde,aynı soru ailesi gereğinden fazla tekrar ediyor
q28728,REWRITE,4.5,Sanat & Edebiyat,author,Semaver eserinin yazarı kimdir?,Sait Faik Abasıyanık,aynı soru ailesi gereğinden fazla tekrar ediyor
q28781,REWRITE,4.5,Sanat & Edebiyat,author,Bir Düğün Gecesi eserinin yazarı kimdir?,Adalet Ağaoğlu,aynı soru ailesi gereğinden fazla tekrar ediyor
q28799,REWRITE,4.5,Sanat & Edebiyat,author,Wolf Hall eserinin yazarı kimdir?,Hilary Mantel,aynı soru ailesi gereğinden fazla tekrar ediyor
q28947,REWRITE,4.5,Sanat & Edebiyat,author,İntibah eserinin yazarı kimdir?,Namık Kemal,aynı soru ailesi gereğinden fazla tekrar ediyor
q29104,REWRITE,4.5,Sanat & Edebiyat,author,Taaşşuk-ı Talat ve Fitnat eserinin yazarı kimdir?,Şemsettin Sami,aynı soru ailesi gereğinden fazla tekrar ediyor
q29139,REWRITE,4.5,Sanat & Edebiyat,author,Yılanların Öcü eserinin yazarı kimdir?,Fakir Baykurt,aynı soru ailesi gereğinden fazla tekrar ediyor
q29388,REWRITE,4.5,Sanat & Edebiyat,author,Devlet Ana eserinin yazarı kimdir?,Kemal Tahir,aynı soru ailesi gereğinden fazla tekrar ediyor
q29541,REWRITE,4.5,Sanat & Edebiyat,author,Tutunamayanlar eserinin yazarı kimdir?,Oğuz Atay,aynı soru ailesi gereğinden fazla tekrar ediyor
q29568,REWRITE,4.5,Sanat & Edebiyat,author,Mutluluk eserinin yazarı kimdir?,Zülfü Livaneli,aynı soru ailesi gereğinden fazla tekrar ediyor
q29587,REWRITE,4.5,Sanat & Edebiyat,author,Aşk-ı Memnu eserinin yazarı kimdir?,Halit Ziya Uşaklıgil,aynı soru ailesi gereğinden fazla tekrar ediyor
q29588,REWRITE,4.5,Sanat & Edebiyat,author,Vahşetin Çağrısı eserinin yazarı kimdir?,Jack London,aynı soru ailesi gereğinden fazla tekrar ediyor
q29603,REWRITE,4.5,Sanat & Edebiyat,author,A Visit from the Goon Squad eserinin yazarı kimdir?,Jennifer Egan,aynı soru ailesi gereğinden fazla tekrar ediyor
q30042,REWRITE,4.5,Sanat & Edebiyat,author,Teneke Trampet eserinin yazarı kimdir?,Günter Grass,aynı soru ailesi gereğinden fazla tekrar ediyor
q30085,REWRITE,4.5,Sanat & Edebiyat,author,Jane Eyre eserinin yazarı kimdir?,Charlotte Brontë,aynı soru ailesi gereğinden fazla tekrar ediyor
q30127,REWRITE,4.5,Sanat & Edebiyat,author,Dönüşüm eserinin yazarı kimdir?,Franz Kafka,aynı soru ailesi gereğinden fazla tekrar ediyor
q30182,REWRITE,4.5,Sanat & Edebiyat,author,Kötülük Çiçekleri eserinin yazarı kimdir?,Charles Baudelaire,aynı soru ailesi gereğinden fazla tekrar ediyor
q30201,REWRITE,4.5,Sanat & Edebiyat,author,Aylak Adam eserinin yazarı kimdir?,Yusuf Atılgan,aynı soru ailesi gereğinden fazla tekrar ediyor
q30296,REWRITE,4.5,Sanat & Edebiyat,author,Tom Jones eserinin yazarı kimdir?,Henry Fielding,aynı soru ailesi gereğinden fazla tekrar ediyor
q30387,REWRITE,4.5,Sanat & Edebiyat,author,Beyazlı Kadın eserinin yazarı kimdir?,Wilkie Collins,aynı soru ailesi gereğinden fazla tekrar ediyor
q30461,REWRITE,4.5,Sanat & Edebiyat,author,Gurur ve Önyargı eserinin yazarı kimdir?,Jane Austen,aynı soru ailesi gereğinden fazla tekrar ediyor
q30612,REWRITE,4.5,Sanat & Edebiyat,author,Tuhaf Bir Kadın eserinin yazarı kimdir?,Leylâ Erbil,aynı soru ailesi gereğinden fazla tekrar ediyor
q30807,REWRITE,4.5,Sanat & Edebiyat,author,Lolita eserinin yazarı kimdir?,Vladimir Nabokov,aynı soru ailesi gereğinden fazla tekrar ediyor
q30987,REWRITE,4.5,Sanat & Edebiyat,author,Gulliver’in Gezileri eserinin yazarı kimdir?,Jonathan Swift,aynı soru ailesi gereğinden fazla tekrar ediyor
q31223,REWRITE,4.5,Sanat & Edebiyat,author,Gargantua ve Pantagruel eserinin yazarı kimdir?,François Rabelais,aynı soru ailesi gereğinden fazla tekrar ediyor
q31368,REWRITE,4.5,Sanat & Edebiyat,author,Bit Palas eserinin yazarı kimdir?,Elif Şafak,aynı soru ailesi gereğinden fazla tekrar ediyor
q31379,REWRITE,4.5,Sanat & Edebiyat,author,Yol eserinin yazarı kimdir?,Cormac McCarthy,aynı soru ailesi gereğinden fazla tekrar ediyor
q31456,REWRITE,4.5,Sanat & Edebiyat,author,Gece Dersleri eserinin yazarı kimdir?,Latife Tekin,aynı soru ailesi gereğinden fazla tekrar ediyor
q31675,REWRITE,4.5,Sanat & Edebiyat,author,İçimizdeki Şeytan eserinin yazarı kimdir?,Sabahattin Ali,aynı soru ailesi gereğinden fazla tekrar ediyor
q31906,REWRITE,4.5,Sanat & Edebiyat,author,Felâtun Bey ile Râkım Efendi eserinin yazarı kimdir?,Ahmet Mithat Efendi,aynı soru ailesi gereğinden fazla tekrar ediyor
q32042,REWRITE,4.5,Sanat & Edebiyat,author,Kara Kitap eserinin yazarı kimdir?,Orhan Pamuk,aynı soru ailesi gereğinden fazla tekrar ediyor
q32048,REWRITE,4.5,Sanat & Edebiyat,author,Kasvetli Ev eserinin yazarı kimdir?,Charles Dickens,aynı soru ailesi gereğinden fazla tekrar ediyor
q32251,REWRITE,4.5,Sanat & Edebiyat,author,Divânu Lügati’t-Türk eserinin yazarı kimdir?,Kaşgarlı Mahmud,aynı soru ailesi gereğinden fazla tekrar ediyor
q32467,REWRITE,4.5,Sanat & Edebiyat,author,Genç Werther’in Acıları eserinin yazarı kimdir?,Johann Wolfgang von Goethe,aynı soru ailesi gereğinden fazla tekrar ediyor
q32578,REWRITE,4.5,Sanat & Edebiyat,author,Lusiadlar eserinin yazarı kimdir?,Luís de Camões,aynı soru ailesi gereğinden fazla tekrar ediyor
q32579,REWRITE,4.5,Sanat & Edebiyat,author,Sergüzeşt eserinin yazarı kimdir?,Samipaşazade Sezai,aynı soru ailesi gereğinden fazla tekrar ediyor
q32734,REWRITE,4.5,Sanat & Edebiyat,author,Garibnâme eserinin yazarı kimdir?,Âşık Paşa,aynı soru ailesi gereğinden fazla tekrar ediyor
q32814,REWRITE,4.5,Sanat & Edebiyat,author,Yaban eserinin yazarı kimdir?,Yakup Kadri Karaosmanoğlu,aynı soru ailesi gereğinden fazla tekrar ediyor
q32821,REWRITE,4.5,Sanat & Edebiyat,author,Guguk Kuşu eserinin yazarı kimdir?,Ken Kesey,aynı soru ailesi gereğinden fazla tekrar ediyor
q32971,REWRITE,4.5,Sanat & Edebiyat,author,Mrs Dalloway eserinin yazarı kimdir?,Virginia Woolf,aynı soru ailesi gereğinden fazla tekrar ediyor
q148,REWRITE,3.0,Coğrafya,geo,İrlanda hangi kıtada yer alır?,Avrupa,açıklama çoğunlukla cevabı tekrar ediyor | aynı doğru cevap gereğinden fazla tekrar ediyor
q181,REWRITE,3.0,Coğrafya,capital,Danimarka’nın başkenti hangisidir?,Kopenhag,aynı soru ailesi gereğinden fazla tekrar ediyor
q185,REWRITE,3.0,Coğrafya,capital,İzlanda’nın başkenti hangisidir?,Reykjavik,aynı soru ailesi gereğinden fazla tekrar ediyor
q189,REWRITE,3.0,Coğrafya,capital,Polonya’nın başkenti hangisidir?,Varşova,aynı soru ailesi gereğinden fazla tekrar ediyor
q193,REWRITE,3.0,Coğrafya,capital,Çekya’nın başkenti hangisidir?,Prag,aynı soru ailesi gereğinden fazla tekrar ediyor
q298,REWRITE,3.0,Coğrafya,geo,Peru hangi kıtada yer alır?,Güney Amerika,açıklama çoğunlukla cevabı tekrar ediyor | aynı doğru cevap gereğinden fazla tekrar ediyor
q302,REWRITE,3.0,Coğrafya,geo,Kolombiya hangi kıtada yer alır?,Güney Amerika,açıklama çoğunlukla cevabı tekrar ediyor | aynı doğru cevap gereğinden fazla tekrar ediyor
q322,REWRITE,3.0,Coğrafya,geo,Küba hangi kıtada yer alır?,Kuzey Amerika,açıklama çoğunlukla cevabı tekrar ediyor | aynı doğru cevap gereğinden fazla tekrar ediyor
q326,REWRITE,3.0,Coğrafya,geo,Jamaika hangi kıtada yer alır?,Kuzey Amerika,açıklama çoğunlukla cevabı tekrar ediyor | aynı doğru cevap gereğinden fazla tekrar ediyor
q379,REWRITE,3.0,Coğrafya,geo,Bangladeş hangi kıtada yer alır?,Asya,açıklama çoğunlukla cevabı tekrar ediyor | aynı doğru cevap gereğinden fazla tekrar ediyor
q387,REWRITE,3.0,Coğrafya,geo,Sri Lanka hangi kıtada yer alır?,Asya,açıklama çoğunlukla cevabı tekrar ediyor | aynı doğru cevap gereğinden fazla tekrar ediyor
q503,REWRITE,3.0,Coğrafya,geo,Etiyopya hangi kıtada yer alır?,Afrika,açıklama çoğunlukla cevabı tekrar ediyor | aynı doğru cevap gereğinden fazla tekrar ediyor
q511,REWRITE,3.0,Coğrafya,geo,Tanzanya hangi kıtada yer alır?,Afrika,açıklama çoğunlukla cevabı tekrar ediyor | aynı doğru cevap gereğinden fazla tekrar ediyor
q576,REWRITE,3.0,Coğrafya,geo,Papua Yeni Gine hangi kıtada yer alır?,Okyanusya,açıklama çoğunlukla cevabı tekrar ediyor | aynı doğru cevap gereğinden fazla tekrar ediyor
q580,REWRITE,3.0,Coğrafya,geo,Fiji hangi kıtada yer alır?,Okyanusya,açıklama çoğunlukla cevabı tekrar ediyor | aynı doğru cevap gereğinden fazla tekrar ediyor
q940,REWRITE,3.0,Eğlence,creator,The Crown dizisinin yaratıcısı kimdir?,Peter Morgan,aynı soru ailesi gereğinden fazla tekrar ediyor
q4640,REWRITE,3.0,Sanat & Edebiyat,art,The Starry Night adlı eserin sanatçısı kimdir?,Vincent van Gogh,aynı doğru cevap gereğinden fazla tekrar ediyor
q6309,REWRITE,3.0,Eğlence,entertainment,Annie Hall aşağıdaki yapım türlerinden hangisidir?,Sinema filmi,aynı doğru cevap gereğinden fazla tekrar ediyor
q6316,REWRITE,3.0,Eğlence,entertainment,Memories of Murder aşağıdaki yapım türlerinden hangisidir?,Sinema filmi,aynı doğru cevap gereğinden fazla tekrar ediyor
q6414,REWRITE,3.0,Eğlence,entertainment,The Leftovers aşağıdaki yapım türlerinden hangisidir?,Televizyon dizisi,aynı doğru cevap gereğinden fazla tekrar ediyor
q7289,REWRITE,3.0,Eğlence,entertainment,Westworld aşağıdaki yapım türlerinden hangisidir?,Televizyon dizisi,aynı doğru cevap gereğinden fazla tekrar ediyor
q3288,REWRITE,2.5,Eğlence,director,Citizen Kane filminin yönetmeni kimdir?,Orson Welles,aynı soru ailesi gereğinden fazla tekrar ediyor
q3289,REWRITE,2.5,Eğlence,director,Seven Samurai filminin yönetmeni kimdir?,Akira Kurosawa,aynı soru ailesi gereğinden fazla tekrar ediyor
q3290,REWRITE,2.5,Eğlence,director,Rashomon filminin yönetmeni kimdir?,Akira Kurosawa,aynı soru ailesi gereğinden fazla tekrar ediyor
q3292,REWRITE,2.5,Eğlence,director,Bicycle Thieves filminin yönetmeni kimdir?,Vittorio De Sica,aynı soru ailesi gereğinden fazla tekrar ediyor
q3293,REWRITE,2.5,Eğlence,director,8½ filminin yönetmeni kimdir?,Federico Fellini,aynı soru ailesi gereğinden fazla tekrar ediyor
q3294,REWRITE,2.5,Eğlence,director,La Dolce Vita filminin yönetmeni kimdir?,Federico Fellini,aynı soru ailesi gereğinden fazla tekrar ediyor
q3296,REWRITE,2.5,Eğlence,director,Persona filminin yönetmeni kimdir?,Ingmar Bergman,aynı soru ailesi gereğinden fazla tekrar ediyor
q3297,REWRITE,2.5,Eğlence,director,Stalker filminin yönetmeni kimdir?,Andrei Tarkovsky,aynı soru ailesi gereğinden fazla tekrar ediyor
q3299,REWRITE,2.5,Eğlence,director,A Separation filminin yönetmeni kimdir?,Asghar Farhadi,aynı soru ailesi gereğinden fazla tekrar ediyor
q3300,REWRITE,2.5,Eğlence,director,The Salesman filminin yönetmeni kimdir?,Asghar Farhadi,aynı soru ailesi gereğinden fazla tekrar ediyor
q3303,REWRITE,2.5,Eğlence,director,Oldboy filminin yönetmeni kimdir?,Park Chan-wook,aynı soru ailesi gereğinden fazla tekrar ediyor
q3305,REWRITE,2.5,Eğlence,director,The Handmaiden filminin yönetmeni kimdir?,Park Chan-wook,aynı soru ailesi gereğinden fazla tekrar ediyor
q3306,REWRITE,2.5,Eğlence,director,Pan’s Labyrinth filminin yönetmeni kimdir?,Guillermo del Toro,aynı soru ailesi gereğinden fazla tekrar ediyor
q3311,REWRITE,2.5,Eğlence,director,Amores Perros filminin yönetmeni kimdir?,Alejandro González Iñárritu,aynı soru ailesi gereğinden fazla tekrar ediyor
q3312,REWRITE,2.5,Eğlence,director,Birdman filminin yönetmeni kimdir?,Alejandro González Iñárritu,aynı soru ailesi gereğinden fazla tekrar ediyor
q3314,REWRITE,2.5,Eğlence,director,Run Lola Run filminin yönetmeni kimdir?,Tom Tykwer,aynı soru ailesi gereğinden fazla tekrar ediyor
q3315,REWRITE,2.5,Eğlence,director,The Hunt filminin yönetmeni kimdir?,Thomas Vinterberg,aynı soru ailesi gereğinden fazla tekrar ediyor
q3316,REWRITE,2.5,Eğlence,director,Another Round filminin yönetmeni kimdir?,Thomas Vinterberg,aynı soru ailesi gereğinden fazla tekrar ediyor
q3317,REWRITE,2.5,Eğlence,director,Dogville filminin yönetmeni kimdir?,Lars von Trier,aynı soru ailesi gereğinden fazla tekrar ediyor
q3318,REWRITE,2.5,Eğlence,director,Melancholia filminin yönetmeni kimdir?,Lars von Trier,aynı soru ailesi gereğinden fazla tekrar ediyor
q3319,REWRITE,2.5,Eğlence,director,The Lobster filminin yönetmeni kimdir?,Yorgos Lanthimos,aynı soru ailesi gereğinden fazla tekrar ediyor
q3320,REWRITE,2.5,Eğlence,director,The Favourite filminin yönetmeni kimdir?,Yorgos Lanthimos,aynı soru ailesi gereğinden fazla tekrar ediyor
q3322,REWRITE,2.5,Eğlence,director,Titane filminin yönetmeni kimdir?,Julia Ducournau,aynı soru ailesi gereğinden fazla tekrar ediyor
q3324,REWRITE,2.5,Eğlence,director,The Piano filminin yönetmeni kimdir?,Jane Campion,aynı soru ailesi gereğinden fazla tekrar ediyor
q3328,REWRITE,2.5,Eğlence,director,Moonlight filminin yönetmeni kimdir?,Barry Jenkins,aynı soru ailesi gereğinden fazla tekrar ediyor
q3330,REWRITE,2.5,Eğlence,director,Get Out filminin yönetmeni kimdir?,Jordan Peele,aynı soru ailesi gereğinden fazla tekrar ediyor
q3331,REWRITE,2.5,Eğlence,director,Nope filminin yönetmeni kimdir?,Jordan Peele,aynı soru ailesi gereğinden fazla tekrar ediyor
q3333,REWRITE,2.5,Eğlence,director,Malcolm X filminin yönetmeni kimdir?,Spike Lee,aynı soru ailesi gereğinden fazla tekrar ediyor
q3334,REWRITE,2.5,Eğlence,director,The 400 Blows filminin yönetmeni kimdir?,François Truffaut,aynı soru ailesi gereğinden fazla tekrar ediyor
q3335,REWRITE,2.5,Eğlence,director,Breathless filminin yönetmeni kimdir?,Jean-Luc Godard,aynı soru ailesi gereğinden fazla tekrar ediyor
q3337,REWRITE,2.5,Eğlence,director,Vagabond filminin yönetmeni kimdir?,Agnès Varda,aynı soru ailesi gereğinden fazla tekrar ediyor
q3341,REWRITE,2.5,Eğlence,director,A Prophet filminin yönetmeni kimdir?,Jacques Audiard,aynı soru ailesi gereğinden fazla tekrar ediyor
q3342,REWRITE,2.5,Eğlence,director,Rust and Bone filminin yönetmeni kimdir?,Jacques Audiard,aynı soru ailesi gereğinden fazla tekrar ediyor
q3343,REWRITE,2.5,Eğlence,director,Incendies filminin yönetmeni kimdir?,Denis Villeneuve,aynı soru ailesi gereğinden fazla tekrar ediyor
q3345,REWRITE,2.5,Eğlence,director,Wild Tales filminin yönetmeni kimdir?,Damián Szifron,aynı soru ailesi gereğinden fazla tekrar ediyor
q3346,REWRITE,2.5,Eğlence,director,Shoplifters filminin yönetmeni kimdir?,Hirokazu Kore-eda,aynı soru ailesi gereğinden fazla tekrar ediyor
q3347,REWRITE,2.5,Eğlence,director,Drive My Car filminin yönetmeni kimdir?,Ryusuke Hamaguchi,aynı soru ailesi gereğinden fazla tekrar ediyor
q23427,REWRITE,2.5,Sanat & Edebiyat,creator,Campbell Çorba Kutuları adlı yapıtın yaratıcısı kimdir?,Andy Warhol,açıklama çoğunlukla cevabı tekrar ediyor | aynı soru ailesi gereğinden fazla tekrar ediyor
q23726,REWRITE,2.5,Sanat & Edebiyat,creator,Venüs’ün Doğuşu adlı yapıtın yaratıcısı kimdir?,Sandro Botticelli,açıklama çoğunlukla cevabı tekrar ediyor | aynı soru ailesi gereğinden fazla tekrar ediyor
q32387,REWRITE,2.5,Sanat & Edebiyat,creator,Son Akşam Yemeği adlı yapıtın yaratıcısı kimdir?,Leonardo da Vinci,açıklama çoğunlukla cevabı tekrar ediyor | aynı soru ailesi gereğinden fazla tekrar ediyor
q016,REWRITE,2.0,Coğrafya,location,Alpler ağırlıklı olarak hangi kıtadadır?,Avrupa,aynı doğru cevap gereğinden fazla tekrar ediyor
q663,REWRITE,2.0,Eğlence,director,Tony Scott tarafından yönetilen film hangisidir?,Top Gun,açıklama çoğunlukla cevabı tekrar ediyor | aynı soru ailesi gereğinden fazla tekrar ediyor
q009,REWRITE,1.5,Coğrafya,capital,Avustralya’nın başkenti hangisidir?,Canberra,açıklama çoğunlukla cevabı tekrar ediyor | aynı soru ailesi gereğinden fazla tekrar ediyor
q5644,REWRITE,1.5,Sanat & Edebiyat,art,Rigoletto adlı klasik müzik eserinin bestecisi kimdir?,Giuseppe Verdi,açıklama çoğunlukla cevabı tekrar ediyor | aynı doğru cevap gereğinden fazla tekrar ediyor
q5652,REWRITE,1.5,Sanat & Edebiyat,art,Fındıkkıran adlı klasik müzik eserinin bestecisi kimdir?,Pyotr İlyiç Çaykovski,açıklama çoğunlukla cevabı tekrar ediyor | aynı doğru cevap gereğinden fazla tekrar ediyor
q5669,REWRITE,1.5,Sanat & Edebiyat,art,Petruşka adlı klasik müzik eserinin bestecisi kimdir?,Igor Stravinski,açıklama çoğunlukla cevabı tekrar ediyor | aynı doğru cevap gereğinden fazla tekrar ediyor
q4063,REWRITE,1.0,Spor,sport,Go sporunda standart tahta kaç yatay ve kaç dikey çizgiden oluşur?,19 × 19,açıklama çoğunlukla cevabı tekrar ediyor | doğru seçenek uzunluğuyla ayrışıyor | kalite puanı kesin koruma eşiğinin altında
q6640,REWRITE,1.0,Sanat & Edebiyat,art,Franz Liszt tarafından oluşturulan ve piyano noktürnü niteliğindeki eser hangisidir?,Liebesträume No. 3,açıklama çoğunlukla cevabı tekrar ediyor | kalite puanı kesin koruma eşiğinin altında
q6688,REWRITE,1.0,Sanat & Edebiyat,art,Voltaire tarafından oluşturulan ve novella niteliğindeki eser hangisidir?,Candide,açıklama çoğunlukla cevabı tekrar ediyor | kalite puanı kesin koruma eşiğinin altında
q6696,REWRITE,1.0,Sanat & Edebiyat,art,Maurice Ravel tarafından oluşturulan ve orkestra eseri niteliğindeki eser hangisidir?,Boléro,açıklama çoğunlukla cevabı tekrar ediyor | kalite puanı kesin koruma eşiğinin altında
q6712,REWRITE,1.0,Sanat & Edebiyat,art,Johann Strauss II tarafından oluşturulan ve vals niteliğindeki eser hangisidir?,Mavi Tuna,açıklama çoğunlukla cevabı tekrar ediyor | kalite puanı kesin koruma eşiğinin altında
q6720,REWRITE,1.0,Sanat & Edebiyat,art,George Frideric Handel tarafından oluşturulan ve oratoryo niteliğindeki eser hangisidir?,Mesih,açıklama çoğunlukla cevabı tekrar ediyor | kalite puanı kesin koruma eşiğinin altında
q14473,REWRITE,1.0,Tarih,history,Kepler Uzay Teleskobu’nun fırlatılması olayının temel sonucu veya tarihsel önemi hangisidir?,Güneş Sistemi dışındaki gezegenleri geçiş yöntemiyle arayan görevin başlaması,seri tarihsel önem sorusu | kalite puanı kesin koruma eşiğinin altında
q14577,REWRITE,1.0,Tarih,history,İnsan genomu taslak dizisinin açıklanması olayının temel sonucu veya tarihsel önemi hangisidir?,İnsan DNA dizisinin ilk kapsamlı taslağının kamuoyuna sunulması,seri tarihsel önem sorusu | kalite puanı kesin koruma eşiğinin altında
q14621,REWRITE,1.0,Tarih,history,Avro banknot ve madeni paralarının dolaşıma girmesi olayının temel sonucu veya tarihsel önemi hangisidir?,Avronun günlük nakit ödemelerde kullanılmaya başlanması,seri tarihsel önem sorusu | kalite puanı kesin koruma eşiğinin altında
q15583,REWRITE,1.0,Tarih,history,Birleşmiş Milletlerin 80. yılının anılması olayının temel sonucu veya tarihsel önemi hangisidir?,BM Şartı ve örgütün kuruluşunun sekseninci yılının küresel etkinliklerle anılması,seri tarihsel önem sorusu | kalite puanı kesin koruma eşiğinin altında
q16500,REWRITE,1.0,Tarih,history,New Horizons aracının Plüton yakın geçişi olayının temel sonucu veya tarihsel önemi hangisidir?,Plüton ve uydularının ilk yakın plan bilimsel gözlemlerinin yapılması,seri tarihsel önem sorusu | kalite puanı kesin koruma eşiğinin altında
q16615,REWRITE,1.0,Tarih,history,Milano Cortina Kış Olimpiyat Oyunları olayının temel sonucu veya tarihsel önemi hangisidir?,Kış Olimpiyatlarının İtalya’nın birden fazla ev sahibi bölgesinde düzenlenmesi,seri tarihsel önem sorusu | kalite puanı kesin koruma eşiğinin altında
q18501,REWRITE,1.0,Tarih,history,Perseverance keşif aracının Mars’a inişi olayının temel sonucu veya tarihsel önemi hangisidir?,Mars’ta geçmiş mikrobiyal yaşam izlerini araştıran görevin başlaması,seri tarihsel önem sorusu | kalite puanı kesin koruma eşiğinin altında
q18550,REWRITE,1.0,Tarih,history,Cassini görevinin Satürn atmosferine dalışla sona ermesi olayının temel sonucu veya tarihsel önemi hangisidir?,Uzay aracının Satürn atmosferine kontrollü girişle görevini tamamlaması,seri tarihsel önem sorusu | kalite puanı kesin koruma eşiğinin altında
q20456,REWRITE,1.0,Tarih,history,Plüton’un cüce gezegen olarak sınıflandırılması olayının temel sonucu veya tarihsel önemi hangisidir?,Güneş Sistemi gezegen tanımının yeniden düzenlenmesi,seri tarihsel önem sorusu | kalite puanı kesin koruma eşiğinin altında
q20587,REWRITE,1.0,Tarih,history,Paris İklim Anlaşması’nın kabul edilmesi olayının temel sonucu veya tarihsel önemi hangisidir?,Küresel sıcaklık artışını sınırlamaya yönelik ortak iklim çerçevesinin benimsenmesi,seri tarihsel önem sorusu | kalite puanı kesin koruma eşiğinin altında
q22469,REWRITE,1.0,Tarih,history,Juno uzay aracının Jüpiter yörüngesine girmesi olayının temel sonucu veya tarihsel önemi hangisidir?,"Jüpiter’in iç yapısı, atmosferi ve manyetik alanını inceleyen yörünge görevinin başlaması",seri tarihsel önem sorusu | kalite puanı kesin koruma eşiğinin altında
q22522,REWRITE,1.0,Tarih,history,Paris İklim Anlaşması’nın yürürlüğe girmesi olayının temel sonucu veya tarihsel önemi hangisidir?,Paris Anlaşması’nın taraf ülkeler için resmen yürürlüğe girmesi,seri tarihsel önem sorusu | kalite puanı kesin koruma eşiğinin altında
q22578,REWRITE,1.0,Tarih,history,Curiosity keşif aracının Mars’a inişi olayının temel sonucu veya tarihsel önemi hangisidir?,Mars’ın geçmişte yaşama elverişli olup olmadığını araştıran görevin başlaması,seri tarihsel önem sorusu | kalite puanı kesin koruma eşiğinin altında
q3122,REWRITE,0.5,Coğrafya,capital,Angola ülkesinin başkenti hangisidir?,Luanda,açıklama çoğunlukla cevabı tekrar ediyor | kalite puanı kesin koruma eşiğinin altında
q3131,REWRITE,0.5,Coğrafya,capital,Belize ülkesinin başkenti hangisidir?,Belmopan,açıklama çoğunlukla cevabı tekrar ediyor | kalite puanı kesin koruma eşiğinin altında
q3132,REWRITE,0.5,Coğrafya,capital,Benin ülkesinin başkenti hangisidir?,Porto-Novo,açıklama çoğunlukla cevabı tekrar ediyor | kalite puanı kesin koruma eşiğinin altında
q3141,REWRITE,0.5,Coğrafya,capital,Butan ülkesinin başkenti hangisidir?,Thimphu,açıklama çoğunlukla cevabı tekrar ediyor | kalite puanı kesin koruma eşiğinin altında
q3144,REWRITE,0.5,Coğrafya,capital,Cibuti ülkesinin başkenti hangisidir?,Djibouti,açıklama çoğunlukla cevabı tekrar ediyor | kalite puanı kesin koruma eşiğinin altında
q3151,REWRITE,0.5,Coğrafya,capital,Eritre ülkesinin başkenti hangisidir?,Asmara,açıklama çoğunlukla cevabı tekrar ediyor | kalite puanı kesin koruma eşiğinin altında
q3156,REWRITE,0.5,Coğrafya,capital,Fas ülkesinin başkenti hangisidir?,Rabat,açıklama çoğunlukla cevabı tekrar ediyor | kalite puanı kesin koruma eşiğinin altında
q3157,REWRITE,0.5,Coğrafya,capital,Fiji ülkesinin başkenti hangisidir?,Suva,açıklama çoğunlukla cevabı tekrar ediyor | kalite puanı kesin koruma eşiğinin altında
q3159,REWRITE,0.5,Coğrafya,capital,Gabon ülkesinin başkenti hangisidir?,Libreville,açıklama çoğunlukla cevabı tekrar ediyor | kalite puanı kesin koruma eşiğinin altında
q3161,REWRITE,0.5,Coğrafya,capital,Gana ülkesinin başkenti hangisidir?,Akra,açıklama çoğunlukla cevabı tekrar ediyor | kalite puanı kesin koruma eşiğinin altında
q3162,REWRITE,0.5,Coğrafya,capital,Gine ülkesinin başkenti hangisidir?,Conakry,açıklama çoğunlukla cevabı tekrar ediyor | kalite puanı kesin koruma eşiğinin altında
q3166,REWRITE,0.5,Coğrafya,capital,Guyana ülkesinin başkenti hangisidir?,Georgetown,açıklama çoğunlukla cevabı tekrar ediyor | kalite puanı kesin koruma eşiğinin altında
q3169,REWRITE,0.5,Coğrafya,capital,Haiti ülkesinin başkenti hangisidir?,Port-au-Prince,açıklama çoğunlukla cevabı tekrar ediyor | kalite puanı kesin koruma eşiğinin altında
q3175,REWRITE,0.5,Coğrafya,capital,Katar ülkesinin başkenti hangisidir?,Doha,açıklama çoğunlukla cevabı tekrar ediyor | kalite puanı kesin koruma eşiğinin altında
q3177,REWRITE,0.5,Coğrafya,capital,Kenya ülkesinin başkenti hangisidir?,Nairobi,açıklama çoğunlukla cevabı tekrar ediyor | kalite puanı kesin koruma eşiğinin altında
q3184,REWRITE,0.5,Coğrafya,capital,Kuveyt ülkesinin başkenti hangisidir?,Kuwait City,açıklama çoğunlukla cevabı tekrar ediyor | kalite puanı kesin koruma eşiğinin altında
q3187,REWRITE,0.5,Coğrafya,capital,Küba ülkesinin başkenti hangisidir?,Havana,açıklama çoğunlukla cevabı tekrar ediyor | kalite puanı kesin koruma eşiğinin altında
q3188,REWRITE,0.5,Coğrafya,capital,Kıbrıs ülkesinin başkenti hangisidir?,Lefkoşa,açıklama çoğunlukla cevabı tekrar ediyor | kalite puanı kesin koruma eşiğinin altında
q3190,REWRITE,0.5,Coğrafya,capital,Laos ülkesinin başkenti hangisidir?,Vientiane,açıklama çoğunlukla cevabı tekrar ediyor | kalite puanı kesin koruma eşiğinin altında
q3194,REWRITE,0.5,Coğrafya,capital,Libya ülkesinin başkenti hangisidir?,Trablus,açıklama çoğunlukla cevabı tekrar ediyor | kalite puanı kesin koruma eşiğinin altında
q3197,REWRITE,0.5,Coğrafya,capital,Lübnan ülkesinin başkenti hangisidir?,Beirut,açıklama çoğunlukla cevabı tekrar ediyor | kalite puanı kesin koruma eşiğinin altında
q3201,REWRITE,0.5,Coğrafya,capital,Malavi ülkesinin başkenti hangisidir?,Lilongwe,açıklama çoğunlukla cevabı tekrar ediyor | kalite puanı kesin koruma eşiğinin altında
q3204,REWRITE,0.5,Coğrafya,capital,Mali ülkesinin başkenti hangisidir?,Bamako,açıklama çoğunlukla cevabı tekrar ediyor | kalite puanı kesin koruma eşiğinin altında
q3205,REWRITE,0.5,Coğrafya,capital,Malta ülkesinin başkenti hangisidir?,Valletta,açıklama çoğunlukla cevabı tekrar ediyor | kalite puanı kesin koruma eşiğinin altında
q3210,REWRITE,0.5,Coğrafya,capital,Monako ülkesinin başkenti hangisidir?,Monaco,açıklama çoğunlukla cevabı tekrar ediyor | kalite puanı kesin koruma eşiğinin altında
q3215,REWRITE,0.5,Coğrafya,capital,Nauru ülkesinin başkenti hangisidir?,Yaren,açıklama çoğunlukla cevabı tekrar ediyor | kalite puanı kesin koruma eşiğinin altında
q3216,REWRITE,0.5,Coğrafya,capital,Nepal ülkesinin başkenti hangisidir?,Kathmandu,açıklama çoğunlukla cevabı tekrar ediyor | kalite puanı kesin koruma eşiğinin altında
q3217,REWRITE,0.5,Coğrafya,capital,Nijer ülkesinin başkenti hangisidir?,Niamey,açıklama çoğunlukla cevabı tekrar ediyor | kalite puanı kesin koruma eşiğinin altında
q3220,REWRITE,0.5,Coğrafya,capital,Palau ülkesinin başkenti hangisidir?,Ngerulmud,açıklama çoğunlukla cevabı tekrar ediyor | kalite puanı kesin koruma eşiğinin altında
q5121,REWRITE,0.5,Coğrafya,location,Grand Canyon hangi ülkede veya ülkelerde bulunur?,Amerika Birleşik Devletleri,seri ülke-konum sorusu | kalite puanı kesin koruma eşiğinin altında
q5128,REWRITE,0.5,Coğrafya,location,Fuji Dağı hangi ülkede veya ülkelerde bulunur?,Japonya,seri ülke-konum sorusu | kalite puanı kesin koruma eşiğinin altında
q5131,REWRITE,0.5,Coğrafya,location,Serengeti hangi ülkede veya ülkelerde bulunur?,Tanzanya,seri ülke-konum sorusu | kalite puanı kesin koruma eşiğinin altında
q5137,REWRITE,0.5,Coğrafya,location,Baykal Gölü hangi ülkede veya ülkelerde bulunur?,Rusya,seri ülke-konum sorusu | kalite puanı kesin koruma eşiğinin altında
q5138,REWRITE,0.5,Coğrafya,location,Ölü Deniz hangi ülkede veya ülkelerde bulunur?,Ürdün ve İsrail,seri ülke-konum sorusu | kalite puanı kesin koruma eşiğinin altında
q5147,REWRITE,0.5,Coğrafya,location,Tuna Deltası hangi ülkede veya ülkelerde bulunur?,Romanya ve Ukrayna,seri ülke-konum sorusu | kalite puanı kesin koruma eşiğinin altında
q5167,REWRITE,0.5,Coğrafya,location,Tongariro hangi ülkede veya ülkelerde bulunur?,Yeni Zelanda,seri ülke-konum sorusu | kalite puanı kesin koruma eşiğinin altında
q5459,REWRITE,0.5,Tarih,location,Efes arkeolojik alanı günümüzde hangi ülkededir?,Türkiye,seri arkeoloji sorusu | kalite puanı kesin koruma eşiğinin altında
q5460,REWRITE,0.5,Tarih,location,Pompeii arkeolojik alanı günümüzde hangi ülkededir?,İtalya,seri arkeoloji sorusu | kalite puanı kesin koruma eşiğinin altında
q5480,REWRITE,0.5,Tarih,location,Petra arkeolojik alanı günümüzde hangi ülkededir?,Ürdün,seri arkeoloji sorusu | kalite puanı kesin koruma eşiğinin altında
q13461,REWRITE,0.0,Tarih,history,Avrupa Birliğinin on yeni ülkeyle genişlemesi olayının temel sonucu veya tarihsel önemi hangisidir?,Birliğin tarihindeki en büyük tek seferlik üye genişlemesinin gerçekleşmesi,seri tarihsel önem sorusu | kalite puanı kesin koruma eşiğinin altında
q13481,REWRITE,0.0,Tarih,history,Yeni koronavirüs vakalarının Dünya Sağlık Örgütüne bildirilmesi olayının temel sonucu veya tarihsel önemi hangisidir?,Daha sonra COVID-19 olarak adlandırılacak salgının uluslararası izlem sürecinin başlaması,seri tarihsel önem sorusu | kalite puanı kesin koruma eşiğinin altında
q13488,REWRITE,0.0,Tarih,history,Çin’in Dünya Ticaret Örgütüne katılması olayının temel sonucu veya tarihsel önemi hangisidir?,Çin’in çok taraflı ticaret sistemine resmen üye olması,seri tarihsel önem sorusu | kalite puanı kesin koruma eşiğinin altında
q13489,REWRITE,0.0,Tarih,history,Avrupa Birliği Yapay Zekâ Yasası’nın yürürlüğe girmesi olayının temel sonucu veya tarihsel önemi hangisidir?,Yapay zekâ sistemleri için risk temelli kapsamlı düzenleme çerçevesinin başlaması,seri tarihsel önem sorusu | kalite puanı kesin koruma eşiğinin altında
q13521,REWRITE,0.0,Tarih,history,ICAN’ın Nobel Barış Ödülü’nü kazanması olayının temel sonucu veya tarihsel önemi hangisidir?,Nükleer silahların insani sonuçlarına dikkat çeken çalışmanın ödüllendirilmesi,seri tarihsel önem sorusu | kalite puanı kesin koruma eşiğinin altında
q13533,REWRITE,0.0,Tarih,history,Bir kara deliğin ilk görüntüsünün yayımlanması olayının temel sonucu veya tarihsel önemi hangisidir?,Bir kara deliğin olay ufku çevresinin ilk doğrudan görüntüsünün elde edilmesi,seri tarihsel önem sorusu | kalite puanı kesin koruma eşiğinin altında
q13561,REWRITE,0.0,Tarih,history,Uluslararası Uzay İstasyonu Expedition 1 görevinin başlaması olayının temel sonucu veya tarihsel önemi hangisidir?,İstasyonda kesintisiz insan varlığı döneminin başlaması,seri tarihsel önem sorusu | kalite puanı kesin koruma eşiğinin altında
q13564,REWRITE,0.0,Tarih,history,Voyager 1’in yıldızlararası uzaya ulaştığının açıklanması olayının temel sonucu veya tarihsel önemi hangisidir?,İnsan yapımı bir aracın yıldızlararası plazmaya geçtiğinin doğrulanması,seri tarihsel önem sorusu | kalite puanı kesin koruma eşiğinin altında
q13584,REWRITE,0.0,Tarih,history,COP27’de kayıp ve zarar fonu kurulması kararı olayının temel sonucu veya tarihsel önemi hangisidir?,İklim etkilerinden ağır zarar gören ülkeler için yeni finansman düzenlemesinin kabul edilmesi,seri tarihsel önem sorusu | kalite puanı kesin koruma eşiğinin altında
q13608,REWRITE,0.0,Tarih,history,COVID-19 küresel sağlık acil durumunun sona erdirilmesi olayının temel sonucu veya tarihsel önemi hangisidir?,COVID-19’un uluslararası halk sağlığı acil durumu statüsünün kaldırılması,seri tarihsel önem sorusu | kalite puanı kesin koruma eşiğinin altında
q13613,REWRITE,0.0,Tarih,history,Hırvatistan’ın Avrupa Birliğine katılması olayının temel sonucu veya tarihsel önemi hangisidir?,Hırvatistan’ın Avrupa Birliğinin 28. üyesi olması,seri tarihsel önem sorusu | kalite puanı kesin koruma eşiğinin altında
q14461,REWRITE,0.0,Tarih,history,Şili’de mahsur kalan 33 madencinin kurtarılması olayının temel sonucu veya tarihsel önemi hangisidir?,Yer altında 69 gün kalan madencilerin tamamının kurtarılması,seri tarihsel önem sorusu | kalite puanı kesin koruma eşiğinin altında
q14493,REWRITE,0.0,Tarih,history,Chang’e 4 aracının Ay’ın uzak yüzüne inişi olayının temel sonucu veya tarihsel önemi hangisidir?,Ay’ın uzak yüzüne yapılan ilk yumuşak inişin gerçekleştirilmesi,seri tarihsel önem sorusu | kalite puanı kesin koruma eşiğinin altında
q14494,REWRITE,0.0,Tarih,history,Birleşik Krallık’ın Avrupa Birliği referandumu olayının temel sonucu veya tarihsel önemi hangisidir?,Seçmen çoğunluğunun Avrupa Birliğinden ayrılma yönünde oy kullanması,seri tarihsel önem sorusu | kalite puanı kesin koruma eşiğinin altında
q14502,REWRITE,0.0,Tarih,history,Güney Sudan’ın bağımsızlığını kazanması olayının temel sonucu veya tarihsel önemi hangisidir?,Güney Sudan’ın yeni bir egemen devlet olarak ortaya çıkması,seri tarihsel önem sorusu | kalite puanı kesin koruma eşiğinin altında
q14526,REWRITE,0.0,Tarih,history,H1N1 grip salgınının pandemi ilan edilmesi olayının temel sonucu veya tarihsel önemi hangisidir?,Yeni influenza virüsünün küresel pandemi olarak sınıflandırılması,seri tarihsel önem sorusu | kalite puanı kesin koruma eşiğinin altında
q14533,REWRITE,0.0,Tarih,history,James Webb Uzay Teleskobu’nun fırlatılması olayının temel sonucu veya tarihsel önemi hangisidir?,Kızılötesi gözlemler için geliştirilen büyük uzay teleskobunun göreve gönderilmesi,seri tarihsel önem sorusu | kalite puanı kesin koruma eşiğinin altında
q14574,REWRITE,0.0,Tarih,history,COP28’de Birleşik Arap Emirlikleri Mutabakatı’nın kabulü olayının temel sonucu veya tarihsel önemi hangisidir?,Enerji sistemlerinde fosil yakıtlardan uzaklaşma çağrısının küresel metne girmesi,seri tarihsel önem sorusu | kalite puanı kesin koruma eşiğinin altında
q15579,REWRITE,0.0,Tarih,history,İran nükleer anlaşmasının imzalanması olayının temel sonucu veya tarihsel önemi hangisidir?,İran’ın nükleer programına sınırlamalar ve denetimler getiren ortak planın kabul edilmesi,seri tarihsel önem sorusu | kalite puanı kesin koruma eşiğinin altında
q15614,REWRITE,0.0,Tarih,history,Sürdürülebilir Kalkınma Amaçlarının kabul edilmesi olayının temel sonucu veya tarihsel önemi hangisidir?,2030 Gündemi kapsamında 17 küresel amacın benimsenmesi,seri tarihsel önem sorusu | kalite puanı kesin koruma eşiğinin altında
q16536,REWRITE,0.0,Tarih,history,Uluslararası Göç Gözden Geçirme Forumu olayının temel sonucu veya tarihsel önemi hangisidir?,"Güvenli, düzenli ve düzenli göç küresel mutabakatının uygulanmasının değerlendirilmesi",seri tarihsel önem sorusu | kalite puanı kesin koruma eşiğinin altında
q16543,REWRITE,0.0,Tarih,history,Genel Veri Koruma Tüzüğü’nün uygulanmaya başlaması olayının temel sonucu veya tarihsel önemi hangisidir?,Kişisel verilerin korunmasına ilişkin ortak ve bağlayıcı kuralların yürürlüğe girmesi,seri tarihsel önem sorusu | kalite puanı kesin koruma eşiğinin altında
q17460,REWRITE,0.0,Tarih,history,Birleşmiş Milletler Binyıl Bildirgesi’nin kabulü olayının temel sonucu veya tarihsel önemi hangisidir?,Binyıl Kalkınma Hedeflerinin siyasi temelinin oluşturulması,seri tarihsel önem sorusu | kalite puanı kesin koruma eşiğinin altında
q17488,REWRITE,0.0,Tarih,history,COVID-19’un pandemi olarak nitelendirilmesi olayının temel sonucu veya tarihsel önemi hangisidir?,COVID-19 salgınının küresel pandemi olarak tanımlanması,seri tarihsel önem sorusu | kalite puanı kesin koruma eşiğinin altında
q17520,REWRITE,0.0,Tarih,history,IPCC Dördüncü Değerlendirme Raporunun tamamlanması olayının temel sonucu veya tarihsel önemi hangisidir?,İklim değişikliğinin bilimsel bulgularının kapsamlı biçimde değerlendirilmesi,seri tarihsel önem sorusu | kalite puanı kesin koruma eşiğinin altında
q17521,REWRITE,0.0,Tarih,history,Doğu Timor’un bağımsızlığını kazanması olayının temel sonucu veya tarihsel önemi hangisidir?,Doğu Timor’un egemen bir devlet hâline gelmesi,seri tarihsel önem sorusu | kalite puanı kesin koruma eşiğinin altında
q17548,REWRITE,0.0,Tarih,history,Büyük Hadron Çarpıştırıcısında ilk proton demetinin dolaştırılması olayının temel sonucu veya tarihsel önemi hangisidir?,Dünyanın en büyük parçacık hızlandırıcısının deneysel çalışmaya başlaması,seri tarihsel önem sorusu | kalite puanı kesin koruma eşiğinin altında
q17561,REWRITE,0.0,Tarih,history,Birleşmiş Milletler HIV/AIDS Yüksek Düzeyli Toplantısı olayının temel sonucu veya tarihsel önemi hangisidir?,Küresel HIV/AIDS mücadelesinin ilerleme ve hedeflerinin devletler düzeyinde değerlendirilmesi,seri tarihsel önem sorusu | kalite puanı kesin koruma eşiğinin altında
q17569,REWRITE,0.0,Tarih,history,Birleşik Krallık’ın Avrupa Birliğinden ayrılması olayının temel sonucu veya tarihsel önemi hangisidir?,Birleşik Krallık’ın Avrupa Birliği üyeliğinin resmen sona ermesi,seri tarihsel önem sorusu | kalite puanı kesin koruma eşiğinin altında
q17609,REWRITE,0.0,Tarih,history,Kyoto Protokolü’nün yürürlüğe girmesi olayının temel sonucu veya tarihsel önemi hangisidir?,Sanayileşmiş ülkeler için bağlayıcı sera gazı azaltım yükümlülüklerinin başlaması,seri tarihsel önem sorusu | kalite puanı kesin koruma eşiğinin altında
q18473,REWRITE,0.0,Tarih,history,2025 Birleşmiş Milletler Okyanus Konferansı olayının temel sonucu veya tarihsel önemi hangisidir?,Okyanusların korunması ve sürdürülebilir kullanımına yönelik uluslararası taahhütlerin ele alınması,seri tarihsel önem sorusu | kalite puanı kesin koruma eşiğinin altında
q18509,REWRITE,0.0,Tarih,history,Batı Afrika Ebola salgınının uluslararası acil durum ilan edilmesi olayının temel sonucu veya tarihsel önemi hangisidir?,Ebola salgınının uluslararası halk sağlığı acil durumu olarak tanınması,seri tarihsel önem sorusu | kalite puanı kesin koruma eşiğinin altında
q18537,REWRITE,0.0,Tarih,history,Karadağ’ın bağımsızlığını ilan etmesi olayının temel sonucu veya tarihsel önemi hangisidir?,Sırbistan ve Karadağ devlet birliğinin sona ermesi,seri tarihsel önem sorusu | kalite puanı kesin koruma eşiğinin altında
q19567,REWRITE,0.0,Tarih,history,Ever Given gemisinin Süveyş Kanalı’nı tıkaması olayının temel sonucu veya tarihsel önemi hangisidir?,Küresel deniz ticaretinde günler süren ciddi aksamaya yol açılması,seri tarihsel önem sorusu | kalite puanı kesin koruma eşiğinin altında
q20507,REWRITE,0.0,Tarih,history,Philae aracının bir kuyruklu yıldıza inişi olayının temel sonucu veya tarihsel önemi hangisidir?,Bir uzay aracının ilk kez bir kuyruklu yıldız çekirdeğine kontrollü iniş yapması,seri tarihsel önem sorusu | kalite puanı kesin koruma eşiğinin altında
q20523,REWRITE,0.0,Tarih,history,Crew Dragon Demo-2’nin astronotlarla fırlatılması olayının temel sonucu veya tarihsel önemi hangisidir?,Özel bir şirketin aracıyla yörüngeye insan taşıyan ilk operasyonel dönemin başlaması,seri tarihsel önem sorusu | kalite puanı kesin koruma eşiğinin altında
q20535,REWRITE,0.0,Tarih,history,OSIRIS-REx örnek kapsülünün Dünya’ya dönmesi olayının temel sonucu veya tarihsel önemi hangisidir?,Bennu asteroidinden alınan örneklerin Dünya’ya ulaştırılması,seri tarihsel önem sorusu | kalite puanı kesin koruma eşiğinin altında
q21493,REWRITE,0.0,Tarih,history,Chang’e 6 görevinin Ay’ın uzak yüzünden örnek getirmesi olayının temel sonucu veya tarihsel önemi hangisidir?,Ay’ın uzak yüzünden alınan ilk örneklerin Dünya’ya ulaştırılması,seri tarihsel önem sorusu | kalite puanı kesin koruma eşiğinin altında
q21532,REWRITE,0.0,Tarih,history,Glasgow İklim Paktı’nın kabul edilmesi olayının temel sonucu veya tarihsel önemi hangisidir?,Kömür kullanımının azaltılması ve iklim hedeflerinin güçlendirilmesi çağrısının kabulü,seri tarihsel önem sorusu | kalite puanı kesin koruma eşiğinin altında
q21568,REWRITE,0.0,Tarih,history,Kuzey Kore’nin ilk nükleer denemesini açıklaması olayının temel sonucu veya tarihsel önemi hangisidir?,Kore Yarımadası güvenliğinde yeni bir nükleer kriz aşamasına girilmesi,seri tarihsel önem sorusu | kalite puanı kesin koruma eşiğinin altında
q22478,REWRITE,0.0,Tarih,history,James Webb’in ilk tam renkli görüntülerinin yayımlanması olayının temel sonucu veya tarihsel önemi hangisidir?,Erken evren ve derin uzaya ilişkin ilk bilimsel görüntü paketinin kamuoyuna sunulması,seri tarihsel önem sorusu | kalite puanı kesin koruma eşiğinin altında
q22490,REWRITE,0.0,Tarih,history,Küresel Yol Güvenliği Yüksek Düzeyli Toplantısı olayının temel sonucu veya tarihsel önemi hangisidir?,Yol ölümlerini azaltmaya yönelik küresel taahhütlerin gözden geçirilmesi,seri tarihsel önem sorusu | kalite puanı kesin koruma eşiğinin altında
q22534,REWRITE,0.0,Tarih,history,Rusya’nın Ukrayna’ya geniş çaplı saldırısı olayının temel sonucu veya tarihsel önemi hangisidir?,Avrupa’da geniş kapsamlı savaş ve büyük bir insani krizin başlaması,seri tarihsel önem sorusu | kalite puanı kesin koruma eşiğinin altında
q22545,REWRITE,0.0,Tarih,history,Uluslararası Ceza Mahkemesinin kuruluş antlaşmasının yürürlüğe girmesi olayının temel sonucu veya tarihsel önemi hangisidir?,"Soykırım, insanlığa karşı suçlar ve savaş suçları için kalıcı mahkemenin faaliyete geçmesi",seri tarihsel önem sorusu | kalite puanı kesin koruma eşiğinin altında
q22610,REWRITE,0.0,Tarih,history,Higgs bozonuyla uyumlu parçacığın duyurulması olayının temel sonucu veya tarihsel önemi hangisidir?,Standart Modelin Higgs mekanizmasını destekleyen yeni parçacık bulgusunun açıklanması,seri tarihsel önem sorusu | kalite puanı kesin koruma eşiğinin altında
q23227,REWRITE,0.0,Sanat & Edebiyat,creator,Vietnam Gazileri Anıtı adlı yapıtın yaratıcısı kimdir?,Maya Lin,açıklama çoğunlukla cevabı tekrar ediyor | kalite puanı kesin koruma eşiğinin altında
q23467,REWRITE,0.0,Sanat & Edebiyat,creator,Fallingwater adlı yapıtın yaratıcısı kimdir?,Frank Lloyd Wright,açıklama çoğunlukla cevabı tekrar ediyor | kalite puanı kesin koruma eşiğinin altında
q23481,REWRITE,0.0,Sanat & Edebiyat,creator,Villa Savoye adlı yapıtın yaratıcısı kimdir?,Le Corbusier,açıklama çoğunlukla cevabı tekrar ediyor | kalite puanı kesin koruma eşiğinin altında
q23590,REWRITE,0.0,Sanat & Edebiyat,creator,Louvre Piramidi adlı yapıtın yaratıcısı kimdir?,I. M. Pei,açıklama çoğunlukla cevabı tekrar ediyor | kalite puanı kesin koruma eşiğinin altında
q23731,REWRITE,0.0,Sanat & Edebiyat,creator,Orange and Yellow adlı yapıtın yaratıcısı kimdir?,Mark Rothko,açıklama çoğunlukla cevabı tekrar ediyor | kalite puanı kesin koruma eşiğinin altında
q24044,REWRITE,0.0,Sanat & Edebiyat,creator,Maman adlı yapıtın yaratıcısı kimdir?,Louise Bourgeois,açıklama çoğunlukla cevabı tekrar ediyor | kalite puanı kesin koruma eşiğinin altında
q24186,REWRITE,0.0,Sanat & Edebiyat,creator,The Migration Series adlı yapıtın yaratıcısı kimdir?,Jacob Lawrence,açıklama çoğunlukla cevabı tekrar ediyor | kalite puanı kesin koruma eşiğinin altında
q24268,REWRITE,0.0,Sanat & Edebiyat,creator,Recumbent Figure 1938 adlı yapıtın yaratıcısı kimdir?,Henry Moore,açıklama çoğunlukla cevabı tekrar ediyor | kalite puanı kesin koruma eşiğinin altında
q24486,REWRITE,0.0,Sanat & Edebiyat,creator,A Bigger Splash adlı yapıtın yaratıcısı kimdir?,David Hockney,açıklama çoğunlukla cevabı tekrar ediyor | kalite puanı kesin koruma eşiğinin altında
q24813,REWRITE,0.0,Sanat & Edebiyat,creator,Karda Avcılar adlı yapıtın yaratıcısı kimdir?,Pieter Bruegel,açıklama çoğunlukla cevabı tekrar ediyor | kalite puanı kesin koruma eşiğinin altında
q25552,REWRITE,0.0,Sanat & Edebiyat,creator,The Son of Man adlı yapıtın yaratıcısı kimdir?,René Magritte,açıklama çoğunlukla cevabı tekrar ediyor | kalite puanı kesin koruma eşiğinin altında
q25591,REWRITE,0.0,Sanat & Edebiyat,creator,İnci Küpeli Kız adlı yapıtın yaratıcısı kimdir?,Johannes Vermeer,açıklama çoğunlukla cevabı tekrar ediyor | kalite puanı kesin koruma eşiğinin altında
q25598,REWRITE,0.0,Sanat & Edebiyat,creator,MAXXI adlı yapıtın yaratıcısı kimdir?,Zaha Hadid,açıklama çoğunlukla cevabı tekrar ediyor | kalite puanı kesin koruma eşiğinin altında
q25722,REWRITE,0.0,Sanat & Edebiyat,creator,The Gates adlı yapıtın yaratıcısı kimdir?,Christo ve Jeanne-Claude,açıklama çoğunlukla cevabı tekrar ediyor | kalite puanı kesin koruma eşiğinin altında
q26061,REWRITE,0.0,Sanat & Edebiyat,creator,Isenheim Sunağı adlı yapıtın yaratıcısı kimdir?,Matthias Grünewald,açıklama çoğunlukla cevabı tekrar ediyor | kalite puanı kesin koruma eşiğinin altında
q26228,REWRITE,0.0,Sanat & Edebiyat,creator,Saman Arabası adlı yapıtın yaratıcısı kimdir?,John Constable,açıklama çoğunlukla cevabı tekrar ediyor | kalite puanı kesin koruma eşiğinin altında
q26772,REWRITE,0.0,Sanat & Edebiyat,creator,Guggenheim Bilbao adlı yapıtın yaratıcısı kimdir?,Frank Gehry,açıklama çoğunlukla cevabı tekrar ediyor | kalite puanı kesin koruma eşiğinin altında
q26865,REWRITE,0.0,Sanat & Edebiyat,creator,Balloon Dog adlı yapıtın yaratıcısı kimdir?,Jeff Koons,açıklama çoğunlukla cevabı tekrar ediyor | kalite puanı kesin koruma eşiğinin altında
q26869,REWRITE,0.0,Sanat & Edebiyat,creator,American Gothic adlı yapıtın yaratıcısı kimdir?,Grant Wood,açıklama çoğunlukla cevabı tekrar ediyor | kalite puanı kesin koruma eşiğinin altında
q26922,REWRITE,0.0,Sanat & Edebiyat,creator,Atina Okulu adlı yapıtın yaratıcısı kimdir?,Raffaello,açıklama çoğunlukla cevabı tekrar ediyor | kalite puanı kesin koruma eşiğinin altında
q26985,REWRITE,0.0,Sanat & Edebiyat,creator,The Weather Project adlı yapıtın yaratıcısı kimdir?,Olafur Eliasson,açıklama çoğunlukla cevabı tekrar ediyor | kalite puanı kesin koruma eşiğinin altında
q27312,REWRITE,0.0,Sanat & Edebiyat,creator,Barselona Pavyonu adlı yapıtın yaratıcısı kimdir?,Ludwig Mies van der Rohe,açıklama çoğunlukla cevabı tekrar ediyor | kalite puanı kesin koruma eşiğinin altında
q27370,REWRITE,0.0,Sanat & Edebiyat,creator,Bird in Space adlı yapıtın yaratıcısı kimdir?,Constantin Brâncuși,açıklama çoğunlukla cevabı tekrar ediyor | kalite puanı kesin koruma eşiğinin altında
q27482,REWRITE,0.0,Sanat & Edebiyat,creator,Sunflower Seeds adlı yapıtın yaratıcısı kimdir?,Ai Weiwei,açıklama çoğunlukla cevabı tekrar ediyor | kalite puanı kesin koruma eşiğinin altında
q27715,REWRITE,0.0,Sanat & Edebiyat,creator,Elçiler adlı yapıtın yaratıcısı kimdir?,Hans Holbein,açıklama çoğunlukla cevabı tekrar ediyor | kalite puanı kesin koruma eşiğinin altında
q27967,REWRITE,0.0,Sanat & Edebiyat,creator,Woman I adlı yapıtın yaratıcısı kimdir?,Willem de Kooning,açıklama çoğunlukla cevabı tekrar ediyor | kalite puanı kesin koruma eşiğinin altında
q28008,REWRITE,0.0,Sanat & Edebiyat,creator,Avignonlu Kızlar adlı yapıtın yaratıcısı kimdir?,Pablo Picasso,açıklama çoğunlukla cevabı tekrar ediyor | kalite puanı kesin koruma eşiğinin altında
q28291,REWRITE,0.0,Sanat & Edebiyat,creator,Davut adlı yapıtın yaratıcısı kimdir?,Michelangelo,açıklama çoğunlukla cevabı tekrar ediyor | kalite puanı kesin koruma eşiğinin altında
q28323,REWRITE,0.0,Sanat & Edebiyat,creator,Centre Pompidou adlı yapıtın yaratıcısı kimdir?,Renzo Piano ve Richard Rogers,açıklama çoğunlukla cevabı tekrar ediyor | kalite puanı kesin koruma eşiğinin altında
q28345,REWRITE,0.0,Sanat & Edebiyat,creator,Sydney Opera Binası adlı yapıtın yaratıcısı kimdir?,Jørn Utzon,açıklama çoğunlukla cevabı tekrar ediyor | kalite puanı kesin koruma eşiğinin altında
q28417,REWRITE,0.0,Sanat & Edebiyat,creator,Haydar Aliyev Merkezi adlı yapıtın yaratıcısı kimdir?,Zaha Hadid,açıklama çoğunlukla cevabı tekrar ediyor | kalite puanı kesin koruma eşiğinin altında
q28747,REWRITE,0.0,Sanat & Edebiyat,creator,Las Meninas adlı yapıtın yaratıcısı kimdir?,Diego Velázquez,açıklama çoğunlukla cevabı tekrar ediyor | kalite puanı kesin koruma eşiğinin altında
q28992,REWRITE,0.0,Sanat & Edebiyat,creator,Black Square adlı yapıtın yaratıcısı kimdir?,Kazimir Malevich,açıklama çoğunlukla cevabı tekrar ediyor | kalite puanı kesin koruma eşiğinin altında
q29217,REWRITE,0.0,Sanat & Edebiyat,creator,Christina’nın Dünyası adlı yapıtın yaratıcısı kimdir?,Andrew Wyeth,açıklama çoğunlukla cevabı tekrar ediyor | kalite puanı kesin koruma eşiğinin altında
q29712,REWRITE,0.0,Sanat & Edebiyat,creator,Salıncak adlı yapıtın yaratıcısı kimdir?,Jean-Honoré Fragonard,açıklama çoğunlukla cevabı tekrar ediyor | kalite puanı kesin koruma eşiğinin altında
q29778,REWRITE,0.0,Sanat & Edebiyat,creator,Salk Enstitüsü adlı yapıtın yaratıcısı kimdir?,Louis Kahn,açıklama çoğunlukla cevabı tekrar ediyor | kalite puanı kesin koruma eşiğinin altında
q29958,REWRITE,0.0,Sanat & Edebiyat,creator,Olympia adlı yapıtın yaratıcısı kimdir?,Édouard Manet,açıklama çoğunlukla cevabı tekrar ediyor | kalite puanı kesin koruma eşiğinin altında
q30204,REWRITE,0.0,Sanat & Edebiyat,creator,Broadway Boogie Woogie adlı yapıtın yaratıcısı kimdir?,Piet Mondrian,açıklama çoğunlukla cevabı tekrar ediyor | kalite puanı kesin koruma eşiğinin altında
q30555,REWRITE,0.0,Sanat & Edebiyat,creator,Nighthawks adlı yapıtın yaratıcısı kimdir?,Edward Hopper,açıklama çoğunlukla cevabı tekrar ediyor | kalite puanı kesin koruma eşiğinin altında
q30933,REWRITE,0.0,Sanat & Edebiyat,creator,Düşünen Adam adlı yapıtın yaratıcısı kimdir?,Auguste Rodin,açıklama çoğunlukla cevabı tekrar ediyor | kalite puanı kesin koruma eşiğinin altında
q31155,REWRITE,0.0,Sanat & Edebiyat,creator,The Dinner Party adlı yapıtın yaratıcısı kimdir?,Judy Chicago,açıklama çoğunlukla cevabı tekrar ediyor | kalite puanı kesin koruma eşiğinin altında
q31282,REWRITE,0.0,Sanat & Edebiyat,creator,Spiral Jetty adlı yapıtın yaratıcısı kimdir?,Robert Smithson,açıklama çoğunlukla cevabı tekrar ediyor | kalite puanı kesin koruma eşiğinin altında
q31524,REWRITE,0.0,Sanat & Edebiyat,creator,Burç Halife adlı yapıtın yaratıcısı kimdir?,Adrian Smith,açıklama çoğunlukla cevabı tekrar ediyor | kalite puanı kesin koruma eşiğinin altında
q31867,REWRITE,0.0,Sanat & Edebiyat,creator,Cloud Gate adlı yapıtın yaratıcısı kimdir?,Anish Kapoor,açıklama çoğunlukla cevabı tekrar ediyor | kalite puanı kesin koruma eşiğinin altında
q31995,REWRITE,0.0,Sanat & Edebiyat,creator,Öpücük adlı yapıtın yaratıcısı kimdir?,Gustav Klimt,açıklama çoğunlukla cevabı tekrar ediyor | kalite puanı kesin koruma eşiğinin altında
q32472,REWRITE,0.0,Sanat & Edebiyat,creator,Chief adlı yapıtın yaratıcısı kimdir?,Franz Kline,açıklama çoğunlukla cevabı tekrar ediyor | kalite puanı kesin koruma eşiğinin altında
q32874,REWRITE,0.0,Sanat & Edebiyat,creator,Çeşme adlı yapıtın yaratıcısı kimdir?,Marcel Duchamp,açıklama çoğunlukla cevabı tekrar ediyor | kalite puanı kesin koruma eşiğinin altında
q3137,REJECT,-0.5,Coğrafya,capital,Brunei ülkesinin başkenti hangisidir?,Bandar Seri Begawan,açıklama çoğunlukla cevabı tekrar ediyor | doğru seçenek uzunluğuyla ayrışıyor
q5521,REJECT,-0.5,Tarih,history,"Tikal en çok hangi uygarlık, hanedan veya kültürle ilişkilidir?",Mayalar,seri arkeoloji sorusu
q5524,REJECT,-0.5,Tarih,history,"Caral en çok hangi uygarlık, hanedan veya kültürle ilişkilidir?",Norte Chico uygarlığı,seri arkeoloji sorusu
q5531,REJECT,-0.5,Tarih,history,"Aksum en çok hangi uygarlık, hanedan veya kültürle ilişkilidir?",Aksum Krallığı,seri arkeoloji sorusu
q5532,REJECT,-0.5,Tarih,history,"Meroë en çok hangi uygarlık, hanedan veya kültürle ilişkilidir?",Kuş Krallığı,seri arkeoloji sorusu
q5534,REJECT,-0.5,Tarih,history,"Sakkara en çok hangi uygarlık, hanedan veya kültürle ilişkilidir?",Eski Mısır,seri arkeoloji sorusu
q5540,REJECT,-0.5,Tarih,history,"Ur en çok hangi uygarlık, hanedan veya kültürle ilişkilidir?",Sümerler,seri arkeoloji sorusu
q5542,REJECT,-0.5,Tarih,history,"Ninova en çok hangi uygarlık, hanedan veya kültürle ilişkilidir?",Asurlular,seri arkeoloji sorusu
q5545,REJECT,-0.5,Tarih,history,"Harappa en çok hangi uygarlık, hanedan veya kültürle ilişkilidir?",İndus Vadisi uygarlığı,seri arkeoloji sorusu
q5546,REJECT,-0.5,Tarih,history,"Taxila en çok hangi uygarlık, hanedan veya kültürle ilişkilidir?",Gandhara kültürü,seri arkeoloji sorusu
q5547,REJECT,-0.5,Tarih,history,"Sanchi en çok hangi uygarlık, hanedan veya kültürle ilişkilidir?",Maurya ve Budist kültür,seri arkeoloji sorusu
q5553,REJECT,-0.5,Tarih,history,"Bagan en çok hangi uygarlık, hanedan veya kültürle ilişkilidir?",Pagan Krallığı,seri arkeoloji sorusu
q5556,REJECT,-0.5,Tarih,history,"Mỹ Sơn en çok hangi uygarlık, hanedan veya kültürle ilişkilidir?",Çampa Krallığı,seri arkeoloji sorusu
q5558,REJECT,-0.5,Tarih,history,"Anyang en çok hangi uygarlık, hanedan veya kültürle ilişkilidir?",Shang Hanedanı,seri arkeoloji sorusu
q5560,REJECT,-0.5,Tarih,history,"Nara en çok hangi uygarlık, hanedan veya kültürle ilişkilidir?",Japon imparatorluk kültürü,seri arkeoloji sorusu
q5565,REJECT,-0.5,Tarih,history,"Knossos en çok hangi uygarlık, hanedan veya kültürle ilişkilidir?",Minos uygarlığı,seri arkeoloji sorusu
q5566,REJECT,-0.5,Tarih,history,"Mykene en çok hangi uygarlık, hanedan veya kültürle ilişkilidir?",Miken uygarlığı,seri arkeoloji sorusu
q6704,REJECT,-0.5,Sanat & Edebiyat,art,Pyotr İlyiç Çaykovski tarafından oluşturulan ve konser uvertürü niteliğindeki eser hangisidir?,1812 Uvertürü,açıklama çoğunlukla cevabı tekrar ediyor
q6082,REJECT,-1.0,Spor,venue,Tokyo Dome en çok hangi spor veya sporlarla ilişkilidir?,Beyzbol,seri spor mekânı sorusu
q6101,REJECT,-1.0,Spor,venue,Monako Pisti en çok hangi spor veya sporlarla ilişkilidir?,Motor sporları,seri spor mekânı sorusu
q3682,REJECT,-1.5,Sanat & Edebiyat,literary_genre,Dante Alighieri tarafından yazılan İlahi Komedya hangi edebî türe aittir?,Epik şiir,seri edebî tür sorusu
q3687,REJECT,-1.5,Sanat & Edebiyat,literary_genre,Pierre Choderlos de Laclos tarafından yazılan Tehlikeli İlişkiler hangi edebî türe aittir?,Mektup roman,seri edebî tür sorusu
q3688,REJECT,-1.5,Sanat & Edebiyat,literary_genre,Johann Wolfgang von Goethe tarafından yazılan Faust hangi edebî türe aittir?,Tiyatro oyunu,seri edebî tür sorusu
q3703,REJECT,-1.5,Sanat & Edebiyat,literary_genre,Marcel Proust tarafından yazılan Kayıp Zamanın İzinde hangi edebî türe aittir?,Roman dizisi,seri edebî tür sorusu
q3713,REJECT,-1.5,Sanat & Edebiyat,literary_genre,Walt Whitman tarafından yazılan Çimen Yaprakları hangi edebî türe aittir?,Şiir kitabı,seri edebî tür sorusu
q3731,REJECT,-1.5,Sanat & Edebiyat,literary_genre,Necib Mahfuz tarafından yazılan Kahire Üçlemesi hangi edebî türe aittir?,Roman dizisi,seri edebî tür sorusu
q5513,REJECT,-1.5,Tarih,history,"Hattuşa en çok hangi uygarlık, hanedan veya kültürle ilişkilidir?",Hititler,seri arkeoloji sorusu | doğru seçenek uzunluğuyla ayrışıyor
q5122,REJECT,-2.0,Coğrafya,location,Uluru hangi ülkede veya ülkelerde bulunur?,Avustralya,seri ülke-konum sorusu
q5126,REJECT,-2.0,Coğrafya,location,Zhangjiajie hangi ülkede veya ülkelerde bulunur?,Çin,seri ülke-konum sorusu
q5127,REJECT,-2.0,Coğrafya,location,Jeju Adası hangi ülkede veya ülkelerde bulunur?,Güney Kore,seri ülke-konum sorusu
q5132,REJECT,-2.0,Coğrafya,location,Ngorongoro hangi ülkede veya ülkelerde bulunur?,Tanzanya,seri ülke-konum sorusu
q5134,REJECT,-2.0,Coğrafya,location,Namib Çölü hangi ülkede veya ülkelerde bulunur?,Namibya,seri ülke-konum sorusu
q5135,REJECT,-2.0,Coğrafya,location,Masa Dağı hangi ülkede veya ülkelerde bulunur?,Güney Afrika,seri ülke-konum sorusu
q5139,REJECT,-2.0,Coğrafya,location,Vadi Rum hangi ülkede veya ülkelerde bulunur?,Ürdün,seri ülke-konum sorusu
q5142,REJECT,-2.0,Coğrafya,location,Matterhorn hangi ülkede veya ülkelerde bulunur?,İsviçre ve İtalya,seri ülke-konum sorusu
q5143,REJECT,-2.0,Coğrafya,location,Dolomitler hangi ülkede veya ülkelerde bulunur?,İtalya,seri ülke-konum sorusu
q5145,REJECT,-2.0,Coğrafya,location,Loch Ness hangi ülkede veya ülkelerde bulunur?,Birleşik Krallık,seri ülke-konum sorusu
q5151,REJECT,-2.0,Coğrafya,location,Yellowstone hangi ülkede veya ülkelerde bulunur?,Amerika Birleşik Devletleri,seri ülke-konum sorusu
q5155,REJECT,-2.0,Coğrafya,location,Copper Canyon hangi ülkede veya ülkelerde bulunur?,Meksika,seri ülke-konum sorusu
q5159,REJECT,-2.0,Coğrafya,location,Atacama Çölü hangi ülkede veya ülkelerde bulunur?,Şili,seri ülke-konum sorusu
q5166,REJECT,-2.0,Coğrafya,location,Milford Sound hangi ülkede veya ülkelerde bulunur?,Yeni Zelanda,seri ülke-konum sorusu
q5168,REJECT,-2.0,Coğrafya,location,Bora Bora hangi ülkede veya ülkelerde bulunur?,Fransız Polinezyası,seri ülke-konum sorusu
q5169,REJECT,-2.0,Coğrafya,location,Kakadu hangi ülkede veya ülkelerde bulunur?,Avustralya,seri ülke-konum sorusu
q5170,REJECT,-2.0,Coğrafya,location,Raja Ampat hangi ülkede veya ülkelerde bulunur?,Endonezya,seri ülke-konum sorusu
q5175,REJECT,-2.0,Coğrafya,location,Gunung Mulu hangi ülkede veya ülkelerde bulunur?,Malezya,seri ülke-konum sorusu
q5176,REJECT,-2.0,Coğrafya,location,Sokotra hangi ülkede veya ülkelerde bulunur?,Yemen,seri ülke-konum sorusu
q5465,REJECT,-2.0,Tarih,location,Tikal arkeolojik alanı günümüzde hangi ülkededir?,Guatemala,seri arkeoloji sorusu
q5466,REJECT,-2.0,Tarih,location,Palenque arkeolojik alanı günümüzde hangi ülkededir?,Meksika,seri arkeoloji sorusu
q5467,REJECT,-2.0,Tarih,location,Copán arkeolojik alanı günümüzde hangi ülkededir?,Honduras,seri arkeoloji sorusu
q5468,REJECT,-2.0,Tarih,location,Caral arkeolojik alanı günümüzde hangi ülkededir?,Peru,seri arkeoloji sorusu
q5470,REJECT,-2.0,Tarih,location,Tiwanaku arkeolojik alanı günümüzde hangi ülkededir?,Bolivya,seri arkeoloji sorusu
q5474,REJECT,-2.0,Tarih,location,Lalibela arkeolojik alanı günümüzde hangi ülkededir?,Etiyopya,seri arkeoloji sorusu
q5475,REJECT,-2.0,Tarih,location,Aksum arkeolojik alanı günümüzde hangi ülkededir?,Etiyopya,seri arkeoloji sorusu
q5476,REJECT,-2.0,Tarih,location,Meroë arkeolojik alanı günümüzde hangi ülkededir?,Sudan,seri arkeoloji sorusu
q5478,REJECT,-2.0,Tarih,location,Sakkara arkeolojik alanı günümüzde hangi ülkededir?,Mısır,seri arkeoloji sorusu
q5481,REJECT,-2.0,Tarih,location,Palmira arkeolojik alanı günümüzde hangi ülkededir?,Suriye,seri arkeoloji sorusu
q5484,REJECT,-2.0,Tarih,location,Ur arkeolojik alanı günümüzde hangi ülkededir?,Irak,seri arkeoloji sorusu
q5489,REJECT,-2.0,Tarih,location,Harappa arkeolojik alanı günümüzde hangi ülkededir?,Pakistan,seri arkeoloji sorusu
q5490,REJECT,-2.0,Tarih,location,Taxila arkeolojik alanı günümüzde hangi ülkededir?,Pakistan,seri arkeoloji sorusu
q5491,REJECT,-2.0,Tarih,location,Sanchi arkeolojik alanı günümüzde hangi ülkededir?,Hindistan,seri arkeoloji sorusu
q5497,REJECT,-2.0,Tarih,location,Bagan arkeolojik alanı günümüzde hangi ülkededir?,Myanmar,seri arkeoloji sorusu
q5500,REJECT,-2.0,Tarih,location,Mỹ Sơn arkeolojik alanı günümüzde hangi ülkededir?,Vietnam,seri arkeoloji sorusu
q5504,REJECT,-2.0,Tarih,location,Nara arkeolojik alanı günümüzde hangi ülkededir?,Japonya,seri arkeoloji sorusu
q5509,REJECT,-2.0,Tarih,location,Knossos arkeolojik alanı günümüzde hangi ülkededir?,Yunanistan,seri arkeoloji sorusu
q5510,REJECT,-2.0,Tarih,location,Mykene arkeolojik alanı günümüzde hangi ülkededir?,Yunanistan,seri arkeoloji sorusu
q20552,REJECT,-2.0,Tarih,history,Birleşmiş Milletler Genel Kurulunun Ukrayna’nın toprak bütünlüğü kararını kabul etmesi olayının temel sonucu veya tarihsel önemi hangisidir?,Kırım’daki statü değişikliğinin uluslararası düzeyde tanınmamasının vurgulanması,fazla uzun cümle | seri tarihsel önem sorusu
q2042,REJECT,-3.0,Bilim & Doğa,element_symbol,Kimyasal sembolü H olan element hangisidir?,Hidrojen,seri element sembolü sorusu
q2046,REJECT,-3.0,Bilim & Doğa,element_symbol,Kimyasal sembolü He olan element hangisidir?,Helyum,seri element sembolü sorusu
q2050,REJECT,-3.0,Bilim & Doğa,element_symbol,Kimyasal sembolü Li olan element hangisidir?,Lityum,seri element sembolü sorusu
q2053,REJECT,-3.0,Bilim & Doğa,element_symbol,Kimyasal sembolü Be olan element hangisidir?,Berilyum,seri element sembolü sorusu
q2057,REJECT,-3.0,Bilim & Doğa,element_symbol,Kimyasal sembolü B olan element hangisidir?,Bor,seri element sembolü sorusu
q2061,REJECT,-3.0,Bilim & Doğa,element_symbol,Kimyasal sembolü C olan element hangisidir?,Karbon,seri element sembolü sorusu
q2065,REJECT,-3.0,Bilim & Doğa,element_symbol,Kimyasal sembolü N olan element hangisidir?,Azot,seri element sembolü sorusu
q2069,REJECT,-3.0,Bilim & Doğa,element_symbol,Kimyasal sembolü O olan element hangisidir?,Oksijen,seri element sembolü sorusu
q2073,REJECT,-3.0,Bilim & Doğa,element_symbol,Kimyasal sembolü F olan element hangisidir?,Flor,seri element sembolü sorusu
q2080,REJECT,-3.0,Bilim & Doğa,element_symbol,Kimyasal sembolü Na olan element hangisidir?,Sodyum,seri element sembolü sorusu
q2084,REJECT,-3.0,Bilim & Doğa,element_symbol,Kimyasal sembolü Mg olan element hangisidir?,Magnezyum,seri element sembolü sorusu
q2088,REJECT,-3.0,Bilim & Doğa,element_symbol,Kimyasal sembolü Al olan element hangisidir?,Alüminyum,seri element sembolü sorusu
q2092,REJECT,-3.0,Bilim & Doğa,element_symbol,Kimyasal sembolü Si olan element hangisidir?,Silisyum,seri element sembolü sorusu
q2096,REJECT,-3.0,Bilim & Doğa,element_symbol,Kimyasal sembolü P olan element hangisidir?,Fosfor,seri element sembolü sorusu
q2100,REJECT,-3.0,Bilim & Doğa,element_symbol,Kimyasal sembolü S olan element hangisidir?,Kükürt,seri element sembolü sorusu
q2103,REJECT,-3.0,Bilim & Doğa,element_symbol,Kimyasal sembolü Cl olan element hangisidir?,Klor,seri element sembolü sorusu
q2107,REJECT,-3.0,Bilim & Doğa,element_symbol,Kimyasal sembolü Ar olan element hangisidir?,Argon,seri element sembolü sorusu
q2111,REJECT,-3.0,Bilim & Doğa,element_symbol,Kimyasal sembolü K olan element hangisidir?,Potasyum,seri element sembolü sorusu
q2115,REJECT,-3.0,Bilim & Doğa,element_symbol,Kimyasal sembolü Ca olan element hangisidir?,Kalsiyum,seri element sembolü sorusu
q2119,REJECT,-3.0,Bilim & Doğa,element_symbol,Kimyasal sembolü Ti olan element hangisidir?,Titanyum,seri element sembolü sorusu
q2123,REJECT,-3.0,Bilim & Doğa,element_symbol,Kimyasal sembolü Cr olan element hangisidir?,Krom,seri element sembolü sorusu
q2126,REJECT,-3.0,Bilim & Doğa,element_symbol,Kimyasal sembolü Mn olan element hangisidir?,Manganez,seri element sembolü sorusu
q2130,REJECT,-3.0,Bilim & Doğa,element_symbol,Kimyasal sembolü Fe olan element hangisidir?,Demir,seri element sembolü sorusu
q2134,REJECT,-3.0,Bilim & Doğa,element_symbol,Kimyasal sembolü Co olan element hangisidir?,Kobalt,seri element sembolü sorusu
q2138,REJECT,-3.0,Bilim & Doğa,element_symbol,Kimyasal sembolü Ni olan element hangisidir?,Nikel,seri element sembolü sorusu
q2142,REJECT,-3.0,Bilim & Doğa,element_symbol,Kimyasal sembolü Cu olan element hangisidir?,Bakır,seri element sembolü sorusu
q2146,REJECT,-3.0,Bilim & Doğa,element_symbol,Kimyasal sembolü Zn olan element hangisidir?,Çinko,seri element sembolü sorusu
q2149,REJECT,-3.0,Bilim & Doğa,element_symbol,Kimyasal sembolü Br olan element hangisidir?,Brom,seri element sembolü sorusu
q2153,REJECT,-3.0,Bilim & Doğa,element_symbol,Kimyasal sembolü Kr olan element hangisidir?,Kripton,seri element sembolü sorusu
q3789,REJECT,-3.0,Bilim & Doğa,element_symbol,H kimyasal simgesi hangi elemente aittir?,Hidrojen,seri element sembolü sorusu
q3790,REJECT,-3.0,Bilim & Doğa,element_symbol,He kimyasal simgesi hangi elemente aittir?,Helyum,seri element sembolü sorusu
q3791,REJECT,-3.0,Bilim & Doğa,element_symbol,Li kimyasal simgesi hangi elemente aittir?,Lityum,seri element sembolü sorusu
q3792,REJECT,-3.0,Bilim & Doğa,element_symbol,Be kimyasal simgesi hangi elemente aittir?,Berilyum,seri element sembolü sorusu
q3793,REJECT,-3.0,Bilim & Doğa,element_symbol,B kimyasal simgesi hangi elemente aittir?,Bor,seri element sembolü sorusu
q3794,REJECT,-3.0,Bilim & Doğa,element_symbol,C kimyasal simgesi hangi elemente aittir?,Karbon,seri element sembolü sorusu
q3795,REJECT,-3.0,Bilim & Doğa,element_symbol,N kimyasal simgesi hangi elemente aittir?,Azot,seri element sembolü sorusu
q3796,REJECT,-3.0,Bilim & Doğa,element_symbol,O kimyasal simgesi hangi elemente aittir?,Oksijen,seri element sembolü sorusu
q3797,REJECT,-3.0,Bilim & Doğa,element_symbol,F kimyasal simgesi hangi elemente aittir?,Flor,seri element sembolü sorusu
q3798,REJECT,-3.0,Bilim & Doğa,element_symbol,Ne kimyasal simgesi hangi elemente aittir?,Neon,seri element sembolü sorusu
q3799,REJECT,-3.0,Bilim & Doğa,element_symbol,Na kimyasal simgesi hangi elemente aittir?,Sodyum,seri element sembolü sorusu
q3800,REJECT,-3.0,Bilim & Doğa,element_symbol,Mg kimyasal simgesi hangi elemente aittir?,Magnezyum,seri element sembolü sorusu
q3801,REJECT,-3.0,Bilim & Doğa,element_symbol,Al kimyasal simgesi hangi elemente aittir?,Alüminyum,seri element sembolü sorusu
q3802,REJECT,-3.0,Bilim & Doğa,element_symbol,Si kimyasal simgesi hangi elemente aittir?,Silisyum,seri element sembolü sorusu
q3803,REJECT,-3.0,Bilim & Doğa,element_symbol,P kimyasal simgesi hangi elemente aittir?,Fosfor,seri element sembolü sorusu
q3804,REJECT,-3.0,Bilim & Doğa,element_symbol,S kimyasal simgesi hangi elemente aittir?,Kükürt,seri element sembolü sorusu
q3805,REJECT,-3.0,Bilim & Doğa,element_symbol,Cl kimyasal simgesi hangi elemente aittir?,Klor,seri element sembolü sorusu
q3806,REJECT,-3.0,Bilim & Doğa,element_symbol,Ar kimyasal simgesi hangi elemente aittir?,Argon,seri element sembolü sorusu
q3807,REJECT,-3.0,Bilim & Doğa,element_symbol,K kimyasal simgesi hangi elemente aittir?,Potasyum,seri element sembolü sorusu
q3808,REJECT,-3.0,Bilim & Doğa,element_symbol,Ca kimyasal simgesi hangi elemente aittir?,Kalsiyum,seri element sembolü sorusu
q3809,REJECT,-3.0,Bilim & Doğa,element_symbol,Sc kimyasal simgesi hangi elemente aittir?,Skandiyum,seri element sembolü sorusu
q3810,REJECT,-3.0,Bilim & Doğa,element_symbol,Ti kimyasal simgesi hangi elemente aittir?,Titanyum,seri element sembolü sorusu
q3811,REJECT,-3.0,Bilim & Doğa,element_symbol,V kimyasal simgesi hangi elemente aittir?,Vanadyum,seri element sembolü sorusu
q3812,REJECT,-3.0,Bilim & Doğa,element_symbol,Cr kimyasal simgesi hangi elemente aittir?,Krom,seri element sembolü sorusu
q3813,REJECT,-3.0,Bilim & Doğa,element_symbol,Mn kimyasal simgesi hangi elemente aittir?,Manganez,seri element sembolü sorusu
q3814,REJECT,-3.0,Bilim & Doğa,element_symbol,Fe kimyasal simgesi hangi elemente aittir?,Demir,seri element sembolü sorusu
q3827,REJECT,-3.0,Bilim & Doğa,element_symbol,Y kimyasal simgesi hangi elemente aittir?,İtriyum,seri element sembolü sorusu
q3841,REJECT,-3.0,Bilim & Doğa,element_symbol,I kimyasal simgesi hangi elemente aittir?,İyot,seri element sembolü sorusu
q3862,REJECT,-3.0,Bilim & Doğa,element_symbol,W kimyasal simgesi hangi elemente aittir?,Volfram,seri element sembolü sorusu
q3880,REJECT,-3.0,Bilim & Doğa,element_symbol,U kimyasal simgesi hangi elemente aittir?,Uranyum,seri element sembolü sorusu
q5154,REJECT,-3.0,Coğrafya,location,Banff hangi ülkede veya ülkelerde bulunur?,Kanada,seri ülke-konum sorusu | doğru seçenek uzunluğuyla ayrışıyor
q5164,REJECT,-3.0,Coğrafya,location,Pantanal hangi ülkede veya ülkelerde bulunur?,"Brezilya, Bolivya ve Paraguay",seri ülke-konum sorusu | doğru seçenek uzunluğuyla ayrışıyor
q5502,REJECT,-3.0,Tarih,location,Anyang arkeolojik alanı günümüzde hangi ülkededir?,Çin,seri arkeoloji sorusu | doğru seçenek uzunluğuyla ayrışıyor
q4918,REJECT,-3.5,Bilim & Doğa,si_unit,Manyetik akı büyüklüğünün SI birimi hangisidir?,weber,seri SI birimi sorusu
q4920,REJECT,-3.5,Bilim & Doğa,si_unit,Endüktans büyüklüğünün SI birimi hangisidir?,henry,seri SI birimi sorusu
q4923,REJECT,-3.5,Bilim & Doğa,si_unit,Eşdeğer doz büyüklüğünün SI birimi hangisidir?,sievert,seri SI birimi sorusu
q4925,REJECT,-3.5,Bilim & Doğa,si_unit,Işık akısı büyüklüğünün SI birimi hangisidir?,lumen,seri SI birimi sorusu
q4936,REJECT,-3.5,Bilim & Doğa,si_unit,C simgesi hangi SI birimini gösterir?,coulomb,seri SI birimi sorusu
q4937,REJECT,-3.5,Bilim & Doğa,si_unit,V simgesi hangi SI birimini gösterir?,volt,seri SI birimi sorusu
q4938,REJECT,-3.5,Bilim & Doğa,si_unit,Ω simgesi hangi SI birimini gösterir?,ohm,seri SI birimi sorusu
q4939,REJECT,-3.5,Bilim & Doğa,si_unit,S simgesi hangi SI birimini gösterir?,siemens,seri SI birimi sorusu
q4940,REJECT,-3.5,Bilim & Doğa,si_unit,F simgesi hangi SI birimini gösterir?,farad,seri SI birimi sorusu
q4942,REJECT,-3.5,Bilim & Doğa,si_unit,T simgesi hangi SI birimini gösterir?,tesla,seri SI birimi sorusu
q6076,REJECT,-3.5,Spor,venue,Anfield en çok hangi spor veya sporlarla ilişkilidir?,Futbol,seri spor mekânı sorusu
q6078,REJECT,-3.5,Spor,venue,Lujniki Stadyumu en çok hangi spor veya sporlarla ilişkilidir?,Futbol ve atletizm,seri spor mekânı sorusu
q6079,REJECT,-3.5,Spor,venue,Stade de France en çok hangi spor veya sporlarla ilişkilidir?,Futbol ve ragbi,seri spor mekânı sorusu
q6084,REJECT,-3.5,Spor,venue,Fenway Park en çok hangi spor veya sporlarla ilişkilidir?,Beyzbol,seri spor mekânı sorusu
q6088,REJECT,-3.5,Spor,venue,TD Garden en çok hangi spor veya sporlarla ilişkilidir?,Basketbol ve buz hokeyi,seri spor mekânı sorusu
q6089,REJECT,-3.5,Spor,venue,United Center en çok hangi spor veya sporlarla ilişkilidir?,Basketbol ve buz hokeyi,seri spor mekânı sorusu
q6090,REJECT,-3.5,Spor,venue,Chase Center en çok hangi spor veya sporlarla ilişkilidir?,Basketbol,seri spor mekânı sorusu
q6092,REJECT,-3.5,Spor,venue,Bell Centre en çok hangi spor veya sporlarla ilişkilidir?,Buz hokeyi,seri spor mekânı sorusu
q6093,REJECT,-3.5,Spor,venue,Rogers Place en çok hangi spor veya sporlarla ilişkilidir?,Buz hokeyi,seri spor mekânı sorusu
q6095,REJECT,-3.5,Spor,venue,Roland-Garros en çok hangi spor veya sporlarla ilişkilidir?,Tenis,seri spor mekânı sorusu
q6096,REJECT,-3.5,Spor,venue,Melbourne Park en çok hangi spor veya sporlarla ilişkilidir?,Tenis,seri spor mekânı sorusu
q6111,REJECT,-3.5,Spor,venue,Eden Gardens en çok hangi spor veya sporlarla ilişkilidir?,Kriket,seri spor mekânı sorusu
q6113,REJECT,-3.5,Spor,venue,Twickenham Stadyumu en çok hangi spor veya sporlarla ilişkilidir?,Ragbi,seri spor mekânı sorusu
q6114,REJECT,-3.5,Spor,venue,Principality Stadium en çok hangi spor veya sporlarla ilişkilidir?,Ragbi ve futbol,seri spor mekânı sorusu
q6118,REJECT,-3.5,Spor,venue,Panathenaic Stadyumu en çok hangi spor veya sporlarla ilişkilidir?,Atletizm,seri spor mekânı sorusu
q6119,REJECT,-3.5,Spor,venue,Lambeau Field en çok hangi spor veya sporlarla ilişkilidir?,Amerikan futbolu,seri spor mekânı sorusu
q6120,REJECT,-3.5,Spor,venue,Rose Bowl en çok hangi spor veya sporlarla ilişkilidir?,Amerikan futbolu ve futbol,seri spor mekânı sorusu
q3685,REJECT,-4.0,Sanat & Edebiyat,literary_genre,John Milton tarafından yazılan Kayıp Cennet hangi edebî türe aittir?,Epik şiir,seri edebî tür sorusu
q3686,REJECT,-4.0,Sanat & Edebiyat,literary_genre,Voltaire tarafından yazılan Candide hangi edebî türe aittir?,Novella,seri edebî tür sorusu
q3695,REJECT,-4.0,Sanat & Edebiyat,literary_genre,Lev Tolstoy tarafından yazılan İvan İlyiç’in Ölümü hangi edebî türe aittir?,Novella,seri edebî tür sorusu
q3696,REJECT,-4.0,Sanat & Edebiyat,literary_genre,Anton Çehov tarafından yazılan Vişne Bahçesi hangi edebî türe aittir?,Tiyatro oyunu,seri edebî tür sorusu
q3705,REJECT,-4.0,Sanat & Edebiyat,literary_genre,James Joyce tarafından yazılan Dublinliler hangi edebî türe aittir?,Öykü derlemesi,seri edebî tür sorusu
q3712,REJECT,-4.0,Sanat & Edebiyat,literary_genre,Henry David Thoreau tarafından yazılan Walden hangi edebî türe aittir?,Deneme,seri edebî tür sorusu
q3724,REJECT,-4.0,Sanat & Edebiyat,literary_genre,Jorge Luis Borges tarafından yazılan Alef hangi edebî türe aittir?,Öykü derlemesi,seri edebî tür sorusu
q5680,REJECT,-4.0,Sanat & Edebiyat,music_form,Mesih hangi müzik türü veya biçiminde yazılmıştır?,Oratoryo,seri müzik biçimi sorusu
q5681,REJECT,-4.0,Sanat & Edebiyat,music_form,Su Müziği hangi müzik türü veya biçiminde yazılmıştır?,Orkestra süiti,seri müzik biçimi sorusu
q5695,REJECT,-4.0,Sanat & Edebiyat,music_form,Träumerei hangi müzik türü veya biçiminde yazılmıştır?,Piyano minyatürü,seri müzik biçimi sorusu
q5699,REJECT,-4.0,Sanat & Edebiyat,music_form,Aida hangi müzik türü veya biçiminde yazılmıştır?,Opera,seri müzik biçimi sorusu
q5703,REJECT,-4.0,Sanat & Edebiyat,music_form,Mavi Tuna hangi müzik türü veya biçiminde yazılmıştır?,Vals,seri müzik biçimi sorusu
q5710,REJECT,-4.0,Sanat & Edebiyat,music_form,Şehrazat hangi müzik türü veya biçiminde yazılmıştır?,Senfonik süit,seri müzik biçimi sorusu
q5712,REJECT,-4.0,Sanat & Edebiyat,music_form,Peer Gynt hangi müzik türü veya biçiminde yazılmıştır?,Sahne müziği,seri müzik biçimi sorusu
q5716,REJECT,-4.0,Sanat & Edebiyat,music_form,Finlandia hangi müzik türü veya biçiminde yazılmıştır?,Senfonik şiir,seri müzik biçimi sorusu
q5717,REJECT,-4.0,Sanat & Edebiyat,music_form,Vltava hangi müzik türü veya biçiminde yazılmıştır?,Senfonik şiir,seri müzik biçimi sorusu
q5718,REJECT,-4.0,Sanat & Edebiyat,music_form,Carmen hangi müzik türü veya biçiminde yazılmıştır?,Opera,seri müzik biçimi sorusu
q5719,REJECT,-4.0,Sanat & Edebiyat,music_form,Boléro hangi müzik türü veya biçiminde yazılmıştır?,Orkestra eseri,seri müzik biçimi sorusu
q5722,REJECT,-4.0,Sanat & Edebiyat,music_form,La Mer hangi müzik türü veya biçiminde yazılmıştır?,Senfonik taslaklar,seri müzik biçimi sorusu
q5725,REJECT,-4.0,Sanat & Edebiyat,music_form,Petruşka hangi müzik türü veya biçiminde yazılmıştır?,Bale,seri müzik biçimi sorusu
q2041,REJECT,-4.5,Bilim & Doğa,element_symbol,Hidrojen elementinin kimyasal sembolü hangisidir?,H,açıklama çoğunlukla cevabı tekrar ediyor | seri element sembolü sorusu
q2045,REJECT,-4.5,Bilim & Doğa,element_symbol,Helyum elementinin kimyasal sembolü hangisidir?,He,açıklama çoğunlukla cevabı tekrar ediyor | seri element sembolü sorusu
q2049,REJECT,-4.5,Bilim & Doğa,element_symbol,Lityum elementinin kimyasal sembolü hangisidir?,Li,açıklama çoğunlukla cevabı tekrar ediyor | seri element sembolü sorusu
q2056,REJECT,-4.5,Bilim & Doğa,element_symbol,Bor elementinin kimyasal sembolü hangisidir?,B,açıklama çoğunlukla cevabı tekrar ediyor | seri element sembolü sorusu
q2060,REJECT,-4.5,Bilim & Doğa,element_symbol,Karbon elementinin kimyasal sembolü hangisidir?,C,açıklama çoğunlukla cevabı tekrar ediyor | seri element sembolü sorusu
q2064,REJECT,-4.5,Bilim & Doğa,element_symbol,Azot elementinin kimyasal sembolü hangisidir?,N,açıklama çoğunlukla cevabı tekrar ediyor | seri element sembolü sorusu
q2068,REJECT,-4.5,Bilim & Doğa,element_symbol,Oksijen elementinin kimyasal sembolü hangisidir?,O,açıklama çoğunlukla cevabı tekrar ediyor | seri element sembolü sorusu
q2072,REJECT,-4.5,Bilim & Doğa,element_symbol,Flor elementinin kimyasal sembolü hangisidir?,F,açıklama çoğunlukla cevabı tekrar ediyor | seri element sembolü sorusu
q2076,REJECT,-4.5,Bilim & Doğa,element_symbol,Neon elementinin kimyasal sembolü hangisidir?,Ne,açıklama çoğunlukla cevabı tekrar ediyor | seri element sembolü sorusu
q2079,REJECT,-4.5,Bilim & Doğa,element_symbol,Sodyum elementinin kimyasal sembolü hangisidir?,Na,açıklama çoğunlukla cevabı tekrar ediyor | seri element sembolü sorusu
q2083,REJECT,-4.5,Bilim & Doğa,element_symbol,Magnezyum elementinin kimyasal sembolü hangisidir?,Mg,açıklama çoğunlukla cevabı tekrar ediyor | seri element sembolü sorusu
q2087,REJECT,-4.5,Bilim & Doğa,element_symbol,Alüminyum elementinin kimyasal sembolü hangisidir?,Al,açıklama çoğunlukla cevabı tekrar ediyor | seri element sembolü sorusu
q2091,REJECT,-4.5,Bilim & Doğa,element_symbol,Silisyum elementinin kimyasal sembolü hangisidir?,Si,açıklama çoğunlukla cevabı tekrar ediyor | seri element sembolü sorusu
q2095,REJECT,-4.5,Bilim & Doğa,element_symbol,Fosfor elementinin kimyasal sembolü hangisidir?,P,açıklama çoğunlukla cevabı tekrar ediyor | seri element sembolü sorusu
q2099,REJECT,-4.5,Bilim & Doğa,element_symbol,Kükürt elementinin kimyasal sembolü hangisidir?,S,açıklama çoğunlukla cevabı tekrar ediyor | seri element sembolü sorusu
q2102,REJECT,-4.5,Bilim & Doğa,element_symbol,Klor elementinin kimyasal sembolü hangisidir?,Cl,açıklama çoğunlukla cevabı tekrar ediyor | seri element sembolü sorusu
q2106,REJECT,-4.5,Bilim & Doğa,element_symbol,Argon elementinin kimyasal sembolü hangisidir?,Ar,açıklama çoğunlukla cevabı tekrar ediyor | seri element sembolü sorusu
q2110,REJECT,-4.5,Bilim & Doğa,element_symbol,Potasyum elementinin kimyasal sembolü hangisidir?,K,açıklama çoğunlukla cevabı tekrar ediyor | seri element sembolü sorusu
q2114,REJECT,-4.5,Bilim & Doğa,element_symbol,Kalsiyum elementinin kimyasal sembolü hangisidir?,Ca,açıklama çoğunlukla cevabı tekrar ediyor | seri element sembolü sorusu
q2118,REJECT,-4.5,Bilim & Doğa,element_symbol,Titanyum elementinin kimyasal sembolü hangisidir?,Ti,açıklama çoğunlukla cevabı tekrar ediyor | seri element sembolü sorusu
q2122,REJECT,-4.5,Bilim & Doğa,element_symbol,Krom elementinin kimyasal sembolü hangisidir?,Cr,açıklama çoğunlukla cevabı tekrar ediyor | seri element sembolü sorusu
q2125,REJECT,-4.5,Bilim & Doğa,element_symbol,Manganez elementinin kimyasal sembolü hangisidir?,Mn,açıklama çoğunlukla cevabı tekrar ediyor | seri element sembolü sorusu
q2129,REJECT,-4.5,Bilim & Doğa,element_symbol,Demir elementinin kimyasal sembolü hangisidir?,Fe,açıklama çoğunlukla cevabı tekrar ediyor | seri element sembolü sorusu
q2133,REJECT,-4.5,Bilim & Doğa,element_symbol,Kobalt elementinin kimyasal sembolü hangisidir?,Co,açıklama çoğunlukla cevabı tekrar ediyor | seri element sembolü sorusu
q2137,REJECT,-4.5,Bilim & Doğa,element_symbol,Nikel elementinin kimyasal sembolü hangisidir?,Ni,açıklama çoğunlukla cevabı tekrar ediyor | seri element sembolü sorusu
q2141,REJECT,-4.5,Bilim & Doğa,element_symbol,Bakır elementinin kimyasal sembolü hangisidir?,Cu,açıklama çoğunlukla cevabı tekrar ediyor | seri element sembolü sorusu
q2145,REJECT,-4.5,Bilim & Doğa,element_symbol,Çinko elementinin kimyasal sembolü hangisidir?,Zn,açıklama çoğunlukla cevabı tekrar ediyor | seri element sembolü sorusu
q2152,REJECT,-4.5,Bilim & Doğa,element_symbol,Kripton elementinin kimyasal sembolü hangisidir?,Kr,açıklama çoğunlukla cevabı tekrar ediyor | seri element sembolü sorusu
q4850,REJECT,-4.5,Bilim & Doğa,formula,CO₂ kimyasal formülü hangi bileşiğe aittir?,Karbondioksit,seri kimyasal formül sorusu
q4851,REJECT,-4.5,Bilim & Doğa,formula,CH₄ kimyasal formülü hangi bileşiğe aittir?,Metan,seri kimyasal formül sorusu
q4852,REJECT,-4.5,Bilim & Doğa,formula,NH₃ kimyasal formülü hangi bileşiğe aittir?,Amonyak,seri kimyasal formül sorusu
q4854,REJECT,-4.5,Bilim & Doğa,formula,HCl kimyasal formülü hangi bileşiğe aittir?,Hidroklorik asit,seri kimyasal formül sorusu
q4855,REJECT,-4.5,Bilim & Doğa,formula,HNO₃ kimyasal formülü hangi bileşiğe aittir?,Nitrik asit,seri kimyasal formül sorusu
q4858,REJECT,-4.5,Bilim & Doğa,formula,NaCl kimyasal formülü hangi bileşiğe aittir?,Sodyum klorür,seri kimyasal formül sorusu
q4859,REJECT,-4.5,Bilim & Doğa,formula,KCl kimyasal formülü hangi bileşiğe aittir?,Potasyum klorür,seri kimyasal formül sorusu
q4862,REJECT,-4.5,Bilim & Doğa,formula,NaOH kimyasal formülü hangi bileşiğe aittir?,Sodyum hidroksit,seri kimyasal formül sorusu
q4863,REJECT,-4.5,Bilim & Doğa,formula,KOH kimyasal formülü hangi bileşiğe aittir?,Potasyum hidroksit,seri kimyasal formül sorusu
q4868,REJECT,-4.5,Bilim & Doğa,formula,SiO₂ kimyasal formülü hangi bileşiğe aittir?,Silisyum dioksit,seri kimyasal formül sorusu
q4894,REJECT,-4.5,Bilim & Doğa,formula,N₂O kimyasal formülü hangi bileşiğe aittir?,Diazot monoksit,seri kimyasal formül sorusu
q4895,REJECT,-4.5,Bilim & Doğa,formula,SO₂ kimyasal formülü hangi bileşiğe aittir?,Kükürt dioksit,seri kimyasal formül sorusu
q4896,REJECT,-4.5,Bilim & Doğa,formula,CO kimyasal formülü hangi bileşiğe aittir?,Karbon monoksit,seri kimyasal formül sorusu
q4897,REJECT,-4.5,Bilim & Doğa,formula,H₂S kimyasal formülü hangi bileşiğe aittir?,Hidrojen sülfür,seri kimyasal formül sorusu
q4898,REJECT,-4.5,Bilim & Doğa,formula,PH₃ kimyasal formülü hangi bileşiğe aittir?,Fosfin,seri kimyasal formül sorusu
q4899,REJECT,-4.5,Bilim & Doğa,formula,NaF kimyasal formülü hangi bileşiğe aittir?,Sodyum florür,seri kimyasal formül sorusu
q4901,REJECT,-4.5,Bilim & Doğa,formula,MgO kimyasal formülü hangi bileşiğe aittir?,Magnezyum oksit,seri kimyasal formül sorusu
q4903,REJECT,-4.5,Bilim & Doğa,formula,ZnO kimyasal formülü hangi bileşiğe aittir?,Çinko oksit,seri kimyasal formül sorusu
q4932,REJECT,-4.5,Bilim & Doğa,si_unit,N simgesi hangi SI birimini gösterir?,newton,seri SI birimi sorusu
q4933,REJECT,-4.5,Bilim & Doğa,si_unit,J simgesi hangi SI birimini gösterir?,joule,seri SI birimi sorusu
q4934,REJECT,-4.5,Bilim & Doğa,si_unit,W simgesi hangi SI birimini gösterir?,watt,seri SI birimi sorusu
q4943,REJECT,-4.5,Bilim & Doğa,si_unit,H simgesi hangi SI birimini gösterir?,henry,seri SI birimi sorusu
q6068,REJECT,-4.5,Spor,venue,Camp Nou en çok hangi spor veya sporlarla ilişkilidir?,Futbol,seri spor mekânı sorusu | doğru seçenek uzunluğuyla ayrışıyor
q6098,REJECT,-4.5,Spor,venue,Augusta National en çok hangi spor veya sporlarla ilişkilidir?,Golf,seri spor mekânı sorusu | doğru seçenek uzunluğuyla ayrışıyor
q6099,REJECT,-4.5,Spor,venue,St Andrews Links en çok hangi spor veya sporlarla ilişkilidir?,Golf,seri spor mekânı sorusu | doğru seçenek uzunluğuyla ayrışıyor
q6112,REJECT,-4.5,Spor,venue,Wankhede Stadium en çok hangi spor veya sporlarla ilişkilidir?,Kriket,seri spor mekânı sorusu | doğru seçenek uzunluğuyla ayrışıyor
q6116,REJECT,-4.5,Spor,venue,Ellis Park en çok hangi spor veya sporlarla ilişkilidir?,Ragbi,seri spor mekânı sorusu | doğru seçenek uzunluğuyla ayrışıyor
q5732,REJECT,-5.0,Sanat & Edebiyat,music_form,Gayane hangi müzik türü veya biçiminde yazılmıştır?,Bale,seri müzik biçimi sorusu | doğru seçenek uzunluğuyla ayrışıyor
q23186,REJECT,-5.0,Bilim & Doğa,formula,Nitrik asit bileşiğinin moleküler veya formül gösterimi hangisidir?,HNO3,seri kimyasal formül sorusu
q23622,REJECT,-5.0,Bilim & Doğa,formula,Azot dioksit bileşiğinin moleküler veya formül gösterimi hangisidir?,NO2,seri kimyasal formül sorusu
q23956,REJECT,-5.0,Bilim & Doğa,formula,Bütan bileşiğinin moleküler veya formül gösterimi hangisidir?,C4H10,seri kimyasal formül sorusu
q25146,REJECT,-5.0,Bilim & Doğa,formula,Sakkaroz bileşiğinin moleküler veya formül gösterimi hangisidir?,C12H22O11,seri kimyasal formül sorusu
q26253,REJECT,-5.0,Bilim & Doğa,formula,Sülfürik asit bileşiğinin moleküler veya formül gösterimi hangisidir?,H2SO4,seri kimyasal formül sorusu
q26405,REJECT,-5.0,Bilim & Doğa,formula,Oktan bileşiğinin moleküler veya formül gösterimi hangisidir?,C8H18,seri kimyasal formül sorusu
q27045,REJECT,-5.0,Bilim & Doğa,formula,Baryum sülfat bileşiğinin moleküler veya formül gösterimi hangisidir?,BaSO4,seri kimyasal formül sorusu
q29384,REJECT,-5.0,Bilim & Doğa,formula,Sodyum klorür bileşiğinin moleküler veya formül gösterimi hangisidir?,NaCl,seri kimyasal formül sorusu
q29870,REJECT,-5.0,Bilim & Doğa,formula,Gümüş nitrat bileşiğinin moleküler veya formül gösterimi hangisidir?,AgNO3,seri kimyasal formül sorusu
q29892,REJECT,-5.0,Bilim & Doğa,formula,Su bileşiğinin moleküler veya formül gösterimi hangisidir?,H2O,seri kimyasal formül sorusu
q30048,REJECT,-5.0,Bilim & Doğa,formula,Metanol bileşiğinin moleküler veya formül gösterimi hangisidir?,CH4O,seri kimyasal formül sorusu
q30222,REJECT,-5.0,Bilim & Doğa,formula,Amonyak bileşiğinin moleküler veya formül gösterimi hangisidir?,NH3,seri kimyasal formül sorusu
q30741,REJECT,-5.0,Bilim & Doğa,formula,Metan bileşiğinin moleküler veya formül gösterimi hangisidir?,CH4,seri kimyasal formül sorusu
q30863,REJECT,-5.0,Bilim & Doğa,formula,Etanol bileşiğinin moleküler veya formül gösterimi hangisidir?,C2H6O,seri kimyasal formül sorusu
q31086,REJECT,-5.0,Bilim & Doğa,formula,Glikoz bileşiğinin moleküler veya formül gösterimi hangisidir?,C6H12O6,seri kimyasal formül sorusu
q31509,REJECT,-5.0,Bilim & Doğa,formula,Ozon bileşiğinin moleküler veya formül gösterimi hangisidir?,O3,seri kimyasal formül sorusu
q31685,REJECT,-5.0,Bilim & Doğa,formula,Aseton bileşiğinin moleküler veya formül gösterimi hangisidir?,C3H6O,seri kimyasal formül sorusu
q32483,REJECT,-5.0,Bilim & Doğa,formula,Kafein bileşiğinin moleküler veya formül gösterimi hangisidir?,C8H10N4O2,seri kimyasal formül sorusu
q32496,REJECT,-5.0,Bilim & Doğa,formula,Karbondioksit bileşiğinin moleküler veya formül gösterimi hangisidir?,CO2,seri kimyasal formül sorusu
q32991,REJECT,-5.0,Bilim & Doğa,formula,Üre bileşiğinin moleküler veya formül gösterimi hangisidir?,CH4N2O,seri kimyasal formül sorusu
q4849,REJECT,-5.5,Bilim & Doğa,formula,H₂O kimyasal formülü hangi bileşiğe aittir?,Su,seri kimyasal formül sorusu | doğru seçenek uzunluğuyla ayrışıyor
q4870,REJECT,-5.5,Bilim & Doğa,formula,O₃ kimyasal formülü hangi bileşiğe aittir?,Ozon,seri kimyasal formül sorusu | doğru seçenek uzunluğuyla ayrışıyor
q601,REJECT,-100.0,Eğlence,director,Baba filminin yönetmeni kimdir?,Francis Ford Coppola,meta/eşleştirme şablonu
q603,REJECT,-100.0,Eğlence,entertainment,Baba için doğru yönetmen eşleştirmesi hangisidir?,Francis Ford Coppola,meta/eşleştirme şablonu
q606,REJECT,-100.0,Eğlence,year,Baba için doğru yayın yılı eşleştirmesi hangisidir?,1972,meta/eşleştirme şablonu
q607,REJECT,-100.0,Eğlence,entertainment,Baba filminde öne çıkan karakter hangisidir?,Michael Corleone,meta/eşleştirme şablonu
q609,REJECT,-100.0,Eğlence,entertainment,Baba için doğru film karakteri eşleştirmesi hangisidir?,Michael Corleone,meta/eşleştirme şablonu
q610,REJECT,-100.0,Eğlence,director,Yıldız Savaşları: Yeni Bir Umut filminin yönetmeni kimdir?,George Lucas,meta/eşleştirme şablonu
q612,REJECT,-100.0,Eğlence,entertainment,Yıldız Savaşları: Yeni Bir Umut için doğru yönetmen eşleştirmesi hangisidir?,George Lucas,meta/eşleştirme şablonu
q614,REJECT,-100.0,Eğlence,year,Yıldız Savaşları: Yeni Bir Umut için doğru yayın yılı eşleştirmesi hangisidir?,1977,meta/eşleştirme şablonu
q615,REJECT,-100.0,Eğlence,entertainment,Yıldız Savaşları: Yeni Bir Umut filminde öne çıkan karakter hangisidir?,Luke Skywalker,meta/eşleştirme şablonu
q617,REJECT,-100.0,Eğlence,entertainment,Yıldız Savaşları: Yeni Bir Umut için doğru film karakteri eşleştirmesi hangisidir?,Luke Skywalker,meta/eşleştirme şablonu
q618,REJECT,-100.0,Eğlence,director,Jaws filminin yönetmeni kimdir?,Steven Spielberg,meta/eşleştirme şablonu
q620,REJECT,-100.0,Eğlence,entertainment,Jaws için doğru yönetmen eşleştirmesi hangisidir?,Steven Spielberg,meta/eşleştirme şablonu
q624,REJECT,-100.0,Eğlence,entertainment,Jaws filminde öne çıkan karakter hangisidir?,Martin Brody,meta/eşleştirme şablonu
q626,REJECT,-100.0,Eğlence,entertainment,Jaws için doğru film karakteri eşleştirmesi hangisidir?,Martin Brody,meta/eşleştirme şablonu
q627,REJECT,-100.0,Eğlence,director,Rocky filminin yönetmeni kimdir?,John G. Avildsen,meta/eşleştirme şablonu
q629,REJECT,-100.0,Eğlence,entertainment,Rocky için doğru yönetmen eşleştirmesi hangisidir?,John G. Avildsen,meta/eşleştirme şablonu
q632,REJECT,-100.0,Eğlence,year,Rocky için doğru yayın yılı eşleştirmesi hangisidir?,1976,meta/eşleştirme şablonu
q633,REJECT,-100.0,Eğlence,entertainment,Rocky filminde öne çıkan karakter hangisidir?,Rocky Balboa,meta/eşleştirme şablonu
q635,REJECT,-100.0,Eğlence,entertainment,Rocky için doğru film karakteri eşleştirmesi hangisidir?,Rocky Balboa,meta/eşleştirme şablonu
q636,REJECT,-100.0,Eğlence,director,Yaratık filminin yönetmeni kimdir?,Ridley Scott,meta/eşleştirme şablonu
q638,REJECT,-100.0,Eğlence,entertainment,Yaratık için doğru yönetmen eşleştirmesi hangisidir?,Ridley Scott,meta/eşleştirme şablonu
q640,REJECT,-100.0,Eğlence,year,Yaratık için doğru yayın yılı eşleştirmesi hangisidir?,1979,meta/eşleştirme şablonu
q641,REJECT,-100.0,Eğlence,entertainment,Yaratık filminde öne çıkan karakter hangisidir?,Ellen Ripley,meta/eşleştirme şablonu
q643,REJECT,-100.0,Eğlence,entertainment,Yaratık için doğru film karakteri eşleştirmesi hangisidir?,Ellen Ripley,meta/eşleştirme şablonu
q644,REJECT,-100.0,Eğlence,director,E.T. filminin yönetmeni kimdir?,Steven Spielberg,meta/eşleştirme şablonu
q646,REJECT,-100.0,Eğlence,entertainment,E.T. için doğru yönetmen eşleştirmesi hangisidir?,Steven Spielberg,meta/eşleştirme şablonu
q649,REJECT,-100.0,Eğlence,year,E.T. için doğru yayın yılı eşleştirmesi hangisidir?,1982,meta/eşleştirme şablonu
q650,REJECT,-100.0,Eğlence,entertainment,E.T. filminde öne çıkan karakter hangisidir?,Elliott,meta/eşleştirme şablonu
q652,REJECT,-100.0,Eğlence,entertainment,E.T. için doğru film karakteri eşleştirmesi hangisidir?,Elliott,meta/eşleştirme şablonu
q653,REJECT,-100.0,Eğlence,director,Geleceğe Dönüş filminin yönetmeni kimdir?,Robert Zemeckis,meta/eşleştirme şablonu
q655,REJECT,-100.0,Eğlence,entertainment,Geleceğe Dönüş için doğru yönetmen eşleştirmesi hangisidir?,Robert Zemeckis,meta/eşleştirme şablonu
q659,REJECT,-100.0,Eğlence,entertainment,Geleceğe Dönüş filminde öne çıkan karakter hangisidir?,Marty McFly,meta/eşleştirme şablonu
q661,REJECT,-100.0,Eğlence,entertainment,Geleceğe Dönüş için doğru film karakteri eşleştirmesi hangisidir?,Marty McFly,meta/eşleştirme şablonu
q662,REJECT,-100.0,Eğlence,director,Top Gun filminin yönetmeni kimdir?,Tony Scott,meta/eşleştirme şablonu
q664,REJECT,-100.0,Eğlence,entertainment,Top Gun için doğru yönetmen eşleştirmesi hangisidir?,Tony Scott,meta/eşleştirme şablonu
q666,REJECT,-100.0,Eğlence,year,Top Gun için doğru yayın yılı eşleştirmesi hangisidir?,1986,meta/eşleştirme şablonu
q667,REJECT,-100.0,Eğlence,entertainment,Top Gun filminde öne çıkan karakter hangisidir?,Pete “Maverick” Mitchell,meta/eşleştirme şablonu
q669,REJECT,-100.0,Eğlence,entertainment,Top Gun için doğru film karakteri eşleştirmesi hangisidir?,Pete “Maverick” Mitchell,meta/eşleştirme şablonu
q670,REJECT,-100.0,Eğlence,director,Evde Tek Başına filminin yönetmeni kimdir?,Chris Columbus,meta/eşleştirme şablonu
q672,REJECT,-100.0,Eğlence,entertainment,Evde Tek Başına için doğru yönetmen eşleştirmesi hangisidir?,Chris Columbus,meta/eşleştirme şablonu
q675,REJECT,-100.0,Eğlence,year,Evde Tek Başına için doğru yayın yılı eşleştirmesi hangisidir?,1990,meta/eşleştirme şablonu
q676,REJECT,-100.0,Eğlence,entertainment,Evde Tek Başına filminde öne çıkan karakter hangisidir?,Kevin McCallister,meta/eşleştirme şablonu
q678,REJECT,-100.0,Eğlence,entertainment,Evde Tek Başına için doğru film karakteri eşleştirmesi hangisidir?,Kevin McCallister,meta/eşleştirme şablonu
q688,REJECT,-100.0,Eğlence,director,Jurassic Park filminin yönetmeni kimdir?,Steven Spielberg,meta/eşleştirme şablonu
q692,REJECT,-100.0,Eğlence,year,Jurassic Park için doğru yayın yılı eşleştirmesi hangisidir?,1993,meta/eşleştirme şablonu
q693,REJECT,-100.0,Eğlence,entertainment,Jurassic Park filminde öne çıkan karakter hangisidir?,Alan Grant,meta/eşleştirme şablonu
q695,REJECT,-100.0,Eğlence,entertainment,Jurassic Park için doğru film karakteri eşleştirmesi hangisidir?,Alan Grant,meta/eşleştirme şablonu
q696,REJECT,-100.0,Eğlence,director,Ucuz Roman filminin yönetmeni kimdir?,Quentin Tarantino,meta/eşleştirme şablonu
q698,REJECT,-100.0,Eğlence,entertainment,Ucuz Roman için doğru yönetmen eşleştirmesi hangisidir?,Quentin Tarantino,meta/eşleştirme şablonu
q701,REJECT,-100.0,Eğlence,year,Ucuz Roman için doğru yayın yılı eşleştirmesi hangisidir?,1994,meta/eşleştirme şablonu
q702,REJECT,-100.0,Eğlence,entertainment,Ucuz Roman filminde öne çıkan karakter hangisidir?,Vincent Vega,meta/eşleştirme şablonu
q704,REJECT,-100.0,Eğlence,entertainment,Ucuz Roman için doğru film karakteri eşleştirmesi hangisidir?,Vincent Vega,meta/eşleştirme şablonu
q705,REJECT,-100.0,Eğlence,director,Forrest Gump filminin yönetmeni kimdir?,Robert Zemeckis,meta/eşleştirme şablonu
q707,REJECT,-100.0,Eğlence,entertainment,Forrest Gump için doğru yönetmen eşleştirmesi hangisidir?,Robert Zemeckis,meta/eşleştirme şablonu
q710,REJECT,-100.0,Eğlence,year,Forrest Gump için doğru yayın yılı eşleştirmesi hangisidir?,1994,meta/eşleştirme şablonu
q711,REJECT,-100.0,Eğlence,entertainment,Forrest Gump filminde öne çıkan karakter hangisidir?,Forrest Gump,meta/eşleştirme şablonu
q713,REJECT,-100.0,Eğlence,entertainment,Forrest Gump için doğru film karakteri eşleştirmesi hangisidir?,Forrest Gump,meta/eşleştirme şablonu
q714,REJECT,-100.0,Eğlence,director,Aslan Kral filminin yönetmeni kimdir?,Roger Allers ve Rob Minkoff,meta/eşleştirme şablonu
q715,REJECT,-100.0,Eğlence,entertainment,Aslan Kral için doğru yönetmen eşleştirmesi hangisidir?,Roger Allers ve Rob Minkoff,meta/eşleştirme şablonu
q718,REJECT,-100.0,Eğlence,year,Aslan Kral için doğru yayın yılı eşleştirmesi hangisidir?,1994,meta/eşleştirme şablonu
q719,REJECT,-100.0,Eğlence,entertainment,Aslan Kral filminde öne çıkan karakter hangisidir?,Simba,meta/eşleştirme şablonu
q721,REJECT,-100.0,Eğlence,entertainment,Aslan Kral için doğru film karakteri eşleştirmesi hangisidir?,Simba,meta/eşleştirme şablonu
q722,REJECT,-100.0,Eğlence,director,Oyuncak Hikâyesi filminin yönetmeni kimdir?,John Lasseter,meta/eşleştirme şablonu
q724,REJECT,-100.0,Eğlence,entertainment,Oyuncak Hikâyesi için doğru yönetmen eşleştirmesi hangisidir?,John Lasseter,meta/eşleştirme şablonu
q727,REJECT,-100.0,Eğlence,year,Oyuncak Hikâyesi için doğru yayın yılı eşleştirmesi hangisidir?,1995,meta/eşleştirme şablonu
q728,REJECT,-100.0,Eğlence,entertainment,Oyuncak Hikâyesi filminde öne çıkan karakter hangisidir?,Woody,meta/eşleştirme şablonu
q730,REJECT,-100.0,Eğlence,entertainment,Oyuncak Hikâyesi için doğru film karakteri eşleştirmesi hangisidir?,Woody,meta/eşleştirme şablonu
q732,REJECT,-100.0,Eğlence,entertainment,Titanic için doğru yönetmen eşleştirmesi hangisidir?,James Cameron,meta/eşleştirme şablonu
q735,REJECT,-100.0,Eğlence,year,Titanic için doğru yayın yılı eşleştirmesi hangisidir?,1997,meta/eşleştirme şablonu
q736,REJECT,-100.0,Eğlence,entertainment,Titanic filminde öne çıkan karakter hangisidir?,Jack Dawson,meta/eşleştirme şablonu
q738,REJECT,-100.0,Eğlence,entertainment,Titanic için doğru film karakteri eşleştirmesi hangisidir?,Jack Dawson,meta/eşleştirme şablonu
q739,REJECT,-100.0,Eğlence,director,Matrix filminin yönetmeni kimdir?,Lana ve Lilly Wachowski,meta/eşleştirme şablonu
q740,REJECT,-100.0,Eğlence,entertainment,Matrix için doğru yönetmen eşleştirmesi hangisidir?,Lana ve Lilly Wachowski,meta/eşleştirme şablonu
q747,REJECT,-100.0,Eğlence,director,Gladyatör filminin yönetmeni kimdir?,Ridley Scott,meta/eşleştirme şablonu
q756,REJECT,-100.0,Eğlence,director,Ruhların Kaçışı filminin yönetmeni kimdir?,Hayao Miyazaki,meta/eşleştirme şablonu
q773,REJECT,-100.0,Eğlence,director,Harry Potter ve Felsefe Taşı filminin yönetmeni kimdir?,Chris Columbus,meta/eşleştirme şablonu
q782,REJECT,-100.0,Eğlence,director,Kayıp Balık Nemo filminin yönetmeni kimdir?,Andrew Stanton,meta/eşleştirme şablonu
q799,REJECT,-100.0,Eğlence,director,Avatar filminin yönetmeni kimdir?,James Cameron,meta/eşleştirme şablonu
q808,REJECT,-100.0,Eğlence,director,Başlangıç filminin yönetmeni kimdir?,Christopher Nolan,meta/eşleştirme şablonu
q816,REJECT,-100.0,Eğlence,director,Karlar Ülkesi filminin yönetmeni kimdir?,Chris Buck ve Jennifer Lee,meta/eşleştirme şablonu
q825,REJECT,-100.0,Eğlence,director,Yıldızlararası filminin yönetmeni kimdir?,Christopher Nolan,meta/eşleştirme şablonu
q834,REJECT,-100.0,Eğlence,director,Mad Max: Öfkeli Yollar filminin yönetmeni kimdir?,George Miller,meta/eşleştirme şablonu
q842,REJECT,-100.0,Eğlence,director,Coco filminin yönetmeni kimdir?,Lee Unkrich,meta/eşleştirme şablonu
q851,REJECT,-100.0,Eğlence,director,Parazit filminin yönetmeni kimdir?,Bong Joon-ho,meta/eşleştirme şablonu
q860,REJECT,-100.0,Eğlence,creator,Friends dizisinin yaratıcısı veya yaratıcıları kimdir?,David Crane ve Marta Kauffman,meta/eşleştirme şablonu
q862,REJECT,-100.0,Eğlence,entertainment,Friends için doğru dizi yaratıcısı eşleştirmesi hangisidir?,David Crane ve Marta Kauffman,meta/eşleştirme şablonu
q868,REJECT,-100.0,Eğlence,creator,The Sopranos dizisinin yaratıcısı veya yaratıcıları kimdir?,David Chase,meta/eşleştirme şablonu
q870,REJECT,-100.0,Eğlence,entertainment,The Sopranos için doğru dizi yaratıcısı eşleştirmesi hangisidir?,David Chase,meta/eşleştirme şablonu
q886,REJECT,-100.0,Eğlence,creator,Breaking Bad dizisinin yaratıcısı veya yaratıcıları kimdir?,Vince Gilligan,meta/eşleştirme şablonu
q888,REJECT,-100.0,Eğlence,entertainment,Breaking Bad için doğru dizi yaratıcısı eşleştirmesi hangisidir?,Vince Gilligan,meta/eşleştirme şablonu
q894,REJECT,-100.0,Eğlence,creator,Game of Thrones dizisinin yaratıcısı veya yaratıcıları kimdir?,David Benioff ve D. B. Weiss,meta/eşleştirme şablonu
q896,REJECT,-100.0,Eğlence,entertainment,Game of Thrones için doğru dizi yaratıcısı eşleştirmesi hangisidir?,David Benioff ve D. B. Weiss,meta/eşleştirme şablonu
q903,REJECT,-100.0,Eğlence,creator,Stranger Things dizisinin yaratıcısı veya yaratıcıları kimdir?,Duffer Kardeşler,meta/eşleştirme şablonu
q905,REJECT,-100.0,Eğlence,entertainment,Stranger Things için doğru dizi yaratıcısı eşleştirmesi hangisidir?,Duffer Kardeşler,meta/eşleştirme şablonu
q912,REJECT,-100.0,Eğlence,creator,The Office (ABD) dizisinin yaratıcısı veya yaratıcıları kimdir?,Greg Daniels,meta/eşleştirme şablonu
q914,REJECT,-100.0,Eğlence,entertainment,The Office (ABD) için doğru dizi yaratıcısı eşleştirmesi hangisidir?,Greg Daniels,meta/eşleştirme şablonu
q920,REJECT,-100.0,Eğlence,creator,Sherlock dizisinin yaratıcısı veya yaratıcıları kimdir?,Mark Gatiss ve Steven Moffat,meta/eşleştirme şablonu
q922,REJECT,-100.0,Eğlence,entertainment,Sherlock için doğru dizi yaratıcısı eşleştirmesi hangisidir?,Mark Gatiss ve Steven Moffat,meta/eşleştirme şablonu
q929,REJECT,-100.0,Eğlence,creator,Black Mirror dizisinin yaratıcısı veya yaratıcıları kimdir?,Charlie Brooker,meta/eşleştirme şablonu
q931,REJECT,-100.0,Eğlence,entertainment,Black Mirror için doğru dizi yaratıcısı eşleştirmesi hangisidir?,Charlie Brooker,meta/eşleştirme şablonu
q946,REJECT,-100.0,Eğlence,creator,Peaky Blinders dizisinin yaratıcısı veya yaratıcıları kimdir?,Steven Knight,meta/eşleştirme şablonu
q948,REJECT,-100.0,Eğlence,entertainment,Peaky Blinders için doğru dizi yaratıcısı eşleştirmesi hangisidir?,Steven Knight,meta/eşleştirme şablonu
q957,REJECT,-100.0,Eğlence,entertainment,La Casa de Papel için doğru dizi yaratıcısı eşleştirmesi hangisidir?,Álex Pina,meta/eşleştirme şablonu
q964,REJECT,-100.0,Eğlence,creator,The Mandalorian dizisinin yaratıcısı veya yaratıcıları kimdir?,Jon Favreau,meta/eşleştirme şablonu
q966,REJECT,-100.0,Eğlence,entertainment,The Mandalorian için doğru dizi yaratıcısı eşleştirmesi hangisidir?,Jon Favreau,meta/eşleştirme şablonu
q972,REJECT,-100.0,Eğlence,creator,Dark dizisinin yaratıcısı veya yaratıcıları kimdir?,Baran bo Odar ve Jantje Friese,meta/eşleştirme şablonu
q1081,REJECT,-100.0,Tarih,history,Yazının Sümerler tarafından kullanılmaya başlanması hangi tarihte gerçekleşti?,MÖ 3200 dolayları,meta/eşleştirme şablonu
q1086,REJECT,-100.0,Tarih,history,Yazının Sümerler tarafından kullanılmaya başlanması için doğru yer eşleştirmesi hangisidir?,Mezopotamya,meta/eşleştirme şablonu
q1094,REJECT,-100.0,Tarih,history,Keops Piramidi’nin tamamlanması için doğru yer eşleştirmesi hangisidir?,Gize,meta/eşleştirme şablonu
q1097,REJECT,-100.0,Tarih,history,"Keops Piramidi’nin tamamlanması için doğru kişi, taraf veya gelişme eşleştirmesi hangisidir?",Firavun Keops,meta/eşleştirme şablonu
q1103,REJECT,-100.0,Tarih,history,Hammurabi Kanunları’nın hazırlanması için doğru yer eşleştirmesi hangisidir?,Babil,meta/eşleştirme şablonu
q1107,REJECT,-100.0,Tarih,history,Maraton Savaşı hangi tarihte gerçekleşti?,MÖ 490,meta/eşleştirme şablonu
q1109,REJECT,-100.0,Tarih,history,Maraton Savaşı için doğru tarih eşleştirmesi hangisidir?,MÖ 490,meta/eşleştirme şablonu
q1113,REJECT,-100.0,Tarih,history,"Maraton Savaşı ile en çok ilişkilendirilen kişi, taraf veya gelişme hangisidir?",Miltiades,meta/eşleştirme şablonu
q1115,REJECT,-100.0,Tarih,history,"Maraton Savaşı için doğru kişi, taraf veya gelişme eşleştirmesi hangisidir?",Miltiades,meta/eşleştirme şablonu
q1116,REJECT,-100.0,Tarih,history,Sokrates’in idam edilmesi hangi tarihte gerçekleşti?,MÖ 399,meta/eşleştirme şablonu
q1117,REJECT,-100.0,Tarih,history,Sokrates’in idam edilmesi için doğru tarih eşleştirmesi hangisidir?,MÖ 399,meta/eşleştirme şablonu
q1120,REJECT,-100.0,Tarih,history,Sokrates’in idam edilmesi için doğru yer eşleştirmesi hangisidir?,Atina,meta/eşleştirme şablonu
q1123,REJECT,-100.0,Tarih,history,"Sokrates’in idam edilmesi için doğru kişi, taraf veya gelişme eşleştirmesi hangisidir?",Sokrates,meta/eşleştirme şablonu
q1124,REJECT,-100.0,Tarih,history,Büyük İskender’in Asya seferine başlaması hangi tarihte gerçekleşti?,MÖ 334,meta/eşleştirme şablonu
q1126,REJECT,-100.0,Tarih,history,Büyük İskender’in Asya seferine başlaması için doğru tarih eşleştirmesi hangisidir?,MÖ 334,meta/eşleştirme şablonu
q1129,REJECT,-100.0,Tarih,history,Büyük İskender’in Asya seferine başlaması için doğru yer eşleştirmesi hangisidir?,Anadolu,meta/eşleştirme şablonu
q1133,REJECT,-100.0,Tarih,history,Gaugamela Savaşı hangi tarihte gerçekleşti?,MÖ 331,meta/eşleştirme şablonu
q1135,REJECT,-100.0,Tarih,history,Gaugamela Savaşı için doğru tarih eşleştirmesi hangisidir?,MÖ 331,meta/eşleştirme şablonu
q1138,REJECT,-100.0,Tarih,history,Gaugamela Savaşı için doğru yer eşleştirmesi hangisidir?,Mezopotamya,meta/eşleştirme şablonu
q1139,REJECT,-100.0,Tarih,history,"Gaugamela Savaşı ile en çok ilişkilendirilen kişi, taraf veya gelişme hangisidir?",Büyük İskender,meta/eşleştirme şablonu
q1141,REJECT,-100.0,Tarih,history,Çin’in Qin Hanedanı altında birleşmesi hangi tarihte gerçekleşti?,MÖ 221,meta/eşleştirme şablonu
q1143,REJECT,-100.0,Tarih,history,Çin’in Qin Hanedanı altında birleşmesi için doğru tarih eşleştirmesi hangisidir?,MÖ 221,meta/eşleştirme şablonu
q1150,REJECT,-100.0,Tarih,history,Jül Sezar’ın öldürülmesi hangi tarihte gerçekleşti?,MÖ 44,meta/eşleştirme şablonu
q1152,REJECT,-100.0,Tarih,history,Jül Sezar’ın öldürülmesi için doğru tarih eşleştirmesi hangisidir?,MÖ 44,meta/eşleştirme şablonu
q1155,REJECT,-100.0,Tarih,history,Jül Sezar’ın öldürülmesi için doğru yer eşleştirmesi hangisidir?,Roma,meta/eşleştirme şablonu
q1156,REJECT,-100.0,Tarih,history,"Jül Sezar’ın öldürülmesi ile en çok ilişkilendirilen kişi, taraf veya gelişme hangisidir?",Jül Sezar,meta/eşleştirme şablonu
q1158,REJECT,-100.0,Tarih,history,"Jül Sezar’ın öldürülmesi için doğru kişi, taraf veya gelişme eşleştirmesi hangisidir?",Jül Sezar,meta/eşleştirme şablonu
q1161,REJECT,-100.0,Tarih,history,Augustus’un Roma’nın ilk imparatoru olması için doğru tarih eşleştirmesi hangisidir?,MÖ 27,meta/eşleştirme şablonu
q1169,REJECT,-100.0,Tarih,history,Roma İmparatorluğu’nun ikiye ayrılması için doğru tarih eşleştirmesi hangisidir?,395,meta/eşleştirme şablonu
q1172,REJECT,-100.0,Tarih,history,Roma İmparatorluğu’nun ikiye ayrılması için doğru yer eşleştirmesi hangisidir?,Roma İmparatorluğu,meta/eşleştirme şablonu
q1178,REJECT,-100.0,Tarih,history,Batı Roma İmparatorluğu’nun yıkılması için doğru tarih eşleştirmesi hangisidir?,476,meta/eşleştirme şablonu
q1181,REJECT,-100.0,Tarih,history,Batı Roma İmparatorluğu’nun yıkılması için doğru yer eşleştirmesi hangisidir?,İtalya,meta/eşleştirme şablonu
q1187,REJECT,-100.0,Tarih,history,Hicret için doğru tarih eşleştirmesi hangisidir?,622,meta/eşleştirme şablonu
q1189,REJECT,-100.0,Tarih,history,Hicret için doğru yer eşleştirmesi hangisidir?,Mekke’den Medine’ye,meta/eşleştirme şablonu
q1190,REJECT,-100.0,Tarih,history,"Hicret ile en çok ilişkilendirilen kişi, taraf veya gelişme hangisidir?",Hz. Muhammed,meta/eşleştirme şablonu
q1192,REJECT,-100.0,Tarih,history,"Hicret için doğru kişi, taraf veya gelişme eşleştirmesi hangisidir?",Hz. Muhammed,meta/eşleştirme şablonu
q1195,REJECT,-100.0,Tarih,history,Talas Savaşı için doğru tarih eşleştirmesi hangisidir?,751,meta/eşleştirme şablonu
q1198,REJECT,-100.0,Tarih,history,Talas Savaşı için doğru yer eşleştirmesi hangisidir?,Orta Asya,meta/eşleştirme şablonu
q1199,REJECT,-100.0,Tarih,history,"Talas Savaşı ile en çok ilişkilendirilen kişi, taraf veya gelişme hangisidir?",Abbâsîler ve Tang Hanedanı,meta/eşleştirme şablonu
q1201,REJECT,-100.0,Tarih,history,"Talas Savaşı için doğru kişi, taraf veya gelişme eşleştirmesi hangisidir?",Abbâsîler ve Tang Hanedanı,meta/eşleştirme şablonu
q1207,REJECT,-100.0,Tarih,history,Şarlman’ın imparator ilan edilmesi için doğru yer eşleştirmesi hangisidir?,Roma,meta/eşleştirme şablonu
q1210,REJECT,-100.0,Tarih,history,"Şarlman’ın imparator ilan edilmesi için doğru kişi, taraf veya gelişme eşleştirmesi hangisidir?",Şarlman,meta/eşleştirme şablonu
q1215,REJECT,-100.0,Tarih,history,Dandanakan Savaşı için doğru yer eşleştirmesi hangisidir?,Horasan,meta/eşleştirme şablonu
q1216,REJECT,-100.0,Tarih,history,"Dandanakan Savaşı ile en çok ilişkilendirilen kişi, taraf veya gelişme hangisidir?",Tuğrul Bey,meta/eşleştirme şablonu
q1218,REJECT,-100.0,Tarih,history,"Dandanakan Savaşı için doğru kişi, taraf veya gelişme eşleştirmesi hangisidir?",Tuğrul Bey,meta/eşleştirme şablonu
q1221,REJECT,-100.0,Tarih,history,Malazgirt Savaşı için doğru tarih eşleştirmesi hangisidir?,1071,meta/eşleştirme şablonu
q1224,REJECT,-100.0,Tarih,history,Malazgirt Savaşı için doğru yer eşleştirmesi hangisidir?,Malazgirt,meta/eşleştirme şablonu
q1225,REJECT,-100.0,Tarih,history,"Malazgirt Savaşı ile en çok ilişkilendirilen kişi, taraf veya gelişme hangisidir?",Sultan Alparslan,meta/eşleştirme şablonu
q1227,REJECT,-100.0,Tarih,history,"Malazgirt Savaşı için doğru kişi, taraf veya gelişme eşleştirmesi hangisidir?",Sultan Alparslan,meta/eşleştirme şablonu
q1236,REJECT,-100.0,Tarih,history,"Birinci Haçlı Seferi’nin başlaması için doğru kişi, taraf veya gelişme eşleştirmesi hangisidir?",Papa II. Urbanus,meta/eşleştirme şablonu
q1238,REJECT,-100.0,Tarih,history,Cengiz Han’ın Moğol hükümdarı ilan edilmesi için doğru tarih eşleştirmesi hangisidir?,1206,meta/eşleştirme şablonu
q1241,REJECT,-100.0,Tarih,history,Cengiz Han’ın Moğol hükümdarı ilan edilmesi için doğru yer eşleştirmesi hangisidir?,Moğolistan,meta/eşleştirme şablonu
q1247,REJECT,-100.0,Tarih,history,Magna Carta’nın imzalanması için doğru tarih eşleştirmesi hangisidir?,1215,meta/eşleştirme şablonu
q1250,REJECT,-100.0,Tarih,history,Magna Carta’nın imzalanması için doğru yer eşleştirmesi hangisidir?,İngiltere,meta/eşleştirme şablonu
q1563,REJECT,-100.0,Sanat & Edebiyat,art,İlyada için doğru yaratıcı eşleştirmesi hangisidir?,Homeros,meta/eşleştirme şablonu
q1566,REJECT,-100.0,Sanat & Edebiyat,art,İlyada için doğru tarih veya dönem eşleştirmesi hangisidir?,Antik Çağ,meta/eşleştirme şablonu
q1569,REJECT,-100.0,Sanat & Edebiyat,art,İlyada için doğru tür ya da sanat biçimi eşleştirmesi hangisidir?,destan,meta/eşleştirme şablonu
q1572,REJECT,-100.0,Sanat & Edebiyat,art,Odysseia için doğru yaratıcı eşleştirmesi hangisidir?,Homeros,meta/eşleştirme şablonu
q1574,REJECT,-100.0,Sanat & Edebiyat,art,Odysseia için doğru tarih veya dönem eşleştirmesi hangisidir?,Antik Çağ,meta/eşleştirme şablonu
q1577,REJECT,-100.0,Sanat & Edebiyat,art,Odysseia için doğru tür ya da sanat biçimi eşleştirmesi hangisidir?,destan,meta/eşleştirme şablonu
q1580,REJECT,-100.0,Sanat & Edebiyat,art,İlahi Komedya için doğru yaratıcı eşleştirmesi hangisidir?,Dante Alighieri,meta/eşleştirme şablonu
q1583,REJECT,-100.0,Sanat & Edebiyat,art,İlahi Komedya için doğru tarih veya dönem eşleştirmesi hangisidir?,1321,meta/eşleştirme şablonu
q1586,REJECT,-100.0,Sanat & Edebiyat,art,İlahi Komedya için doğru tür ya da sanat biçimi eşleştirmesi hangisidir?,epik şiir,meta/eşleştirme şablonu
q1589,REJECT,-100.0,Sanat & Edebiyat,art,Decameron için doğru yaratıcı eşleştirmesi hangisidir?,Giovanni Boccaccio,meta/eşleştirme şablonu
q1592,REJECT,-100.0,Sanat & Edebiyat,art,Decameron için doğru tarih veya dönem eşleştirmesi hangisidir?,1353 dolayları,meta/eşleştirme şablonu
q1595,REJECT,-100.0,Sanat & Edebiyat,art,Decameron için doğru tür ya da sanat biçimi eşleştirmesi hangisidir?,öykü derlemesi,meta/eşleştirme şablonu
q1597,REJECT,-100.0,Sanat & Edebiyat,art,Don Kişot için doğru yaratıcı eşleştirmesi hangisidir?,Miguel de Cervantes,meta/eşleştirme şablonu
q1603,REJECT,-100.0,Sanat & Edebiyat,art,Don Kişot için doğru tür ya da sanat biçimi eşleştirmesi hangisidir?,roman,meta/eşleştirme şablonu
q1606,REJECT,-100.0,Sanat & Edebiyat,art,Hamlet için doğru yaratıcı eşleştirmesi hangisidir?,William Shakespeare,meta/eşleştirme şablonu
q1609,REJECT,-100.0,Sanat & Edebiyat,art,Hamlet için doğru tarih veya dönem eşleştirmesi hangisidir?,1600 dolayları,meta/eşleştirme şablonu
q1615,REJECT,-100.0,Sanat & Edebiyat,art,Macbeth için doğru yaratıcı eşleştirmesi hangisidir?,William Shakespeare,meta/eşleştirme şablonu
q1618,REJECT,-100.0,Sanat & Edebiyat,art,Macbeth için doğru tarih veya dönem eşleştirmesi hangisidir?,1606 dolayları,meta/eşleştirme şablonu
q1623,REJECT,-100.0,Sanat & Edebiyat,art,Romeo ve Juliet için doğru yaratıcı eşleştirmesi hangisidir?,William Shakespeare,meta/eşleştirme şablonu
q1626,REJECT,-100.0,Sanat & Edebiyat,art,Romeo ve Juliet için doğru tarih veya dönem eşleştirmesi hangisidir?,1595 dolayları,meta/eşleştirme şablonu
q1629,REJECT,-100.0,Sanat & Edebiyat,art,Romeo ve Juliet için doğru tür ya da sanat biçimi eşleştirmesi hangisidir?,trajedi,meta/eşleştirme şablonu
q1632,REJECT,-100.0,Sanat & Edebiyat,art,Kayıp Cennet için doğru yaratıcı eşleştirmesi hangisidir?,John Milton,meta/eşleştirme şablonu
q1635,REJECT,-100.0,Sanat & Edebiyat,art,Kayıp Cennet için doğru tarih veya dönem eşleştirmesi hangisidir?,1667,meta/eşleştirme şablonu
q1638,REJECT,-100.0,Sanat & Edebiyat,art,Kayıp Cennet için doğru tür ya da sanat biçimi eşleştirmesi hangisidir?,epik şiir,meta/eşleştirme şablonu
q1641,REJECT,-100.0,Sanat & Edebiyat,art,Robinson Crusoe için doğru yaratıcı eşleştirmesi hangisidir?,Daniel Defoe,meta/eşleştirme şablonu
q1644,REJECT,-100.0,Sanat & Edebiyat,art,Robinson Crusoe için doğru tarih veya dönem eşleştirmesi hangisidir?,1719,meta/eşleştirme şablonu
q1646,REJECT,-100.0,Sanat & Edebiyat,art,Robinson Crusoe için doğru tür ya da sanat biçimi eşleştirmesi hangisidir?,roman,meta/eşleştirme şablonu
q1649,REJECT,-100.0,Sanat & Edebiyat,art,Gulliver’in Gezileri için doğru yaratıcı eşleştirmesi hangisidir?,Jonathan Swift,meta/eşleştirme şablonu
q1652,REJECT,-100.0,Sanat & Edebiyat,art,Gulliver’in Gezileri için doğru tarih veya dönem eşleştirmesi hangisidir?,1726,meta/eşleştirme şablonu
q1655,REJECT,-100.0,Sanat & Edebiyat,art,Gulliver’in Gezileri için doğru tür ya da sanat biçimi eşleştirmesi hangisidir?,hiciv romanı,meta/eşleştirme şablonu
q1658,REJECT,-100.0,Sanat & Edebiyat,art,Candide için doğru yaratıcı eşleştirmesi hangisidir?,Voltaire,meta/eşleştirme şablonu
q1664,REJECT,-100.0,Sanat & Edebiyat,art,Candide için doğru tür ya da sanat biçimi eşleştirmesi hangisidir?,hiciv,meta/eşleştirme şablonu
q1667,REJECT,-100.0,Sanat & Edebiyat,art,Faust için doğru yaratıcı eşleştirmesi hangisidir?,Johann Wolfgang von Goethe,meta/eşleştirme şablonu
q1669,REJECT,-100.0,Sanat & Edebiyat,art,Faust için doğru tarih veya dönem eşleştirmesi hangisidir?,1808 ve 1832,meta/eşleştirme şablonu
q1672,REJECT,-100.0,Sanat & Edebiyat,art,Faust için doğru tür ya da sanat biçimi eşleştirmesi hangisidir?,dramatik eser,meta/eşleştirme şablonu
q1675,REJECT,-100.0,Sanat & Edebiyat,art,Gurur ve Önyargı için doğru yaratıcı eşleştirmesi hangisidir?,Jane Austen,meta/eşleştirme şablonu
q1678,REJECT,-100.0,Sanat & Edebiyat,art,Gurur ve Önyargı için doğru tarih veya dönem eşleştirmesi hangisidir?,1813,meta/eşleştirme şablonu
q1681,REJECT,-100.0,Sanat & Edebiyat,art,Gurur ve Önyargı için doğru tür ya da sanat biçimi eşleştirmesi hangisidir?,roman,meta/eşleştirme şablonu
q1684,REJECT,-100.0,Sanat & Edebiyat,art,Frankenstein için doğru yaratıcı eşleştirmesi hangisidir?,Mary Shelley,meta/eşleştirme şablonu
q1687,REJECT,-100.0,Sanat & Edebiyat,art,Frankenstein için doğru tarih veya dönem eşleştirmesi hangisidir?,1818,meta/eşleştirme şablonu
q1690,REJECT,-100.0,Sanat & Edebiyat,art,Frankenstein için doğru tür ya da sanat biçimi eşleştirmesi hangisidir?,gotik roman,meta/eşleştirme şablonu
q1695,REJECT,-100.0,Sanat & Edebiyat,art,Sefiller için doğru tarih veya dönem eşleştirmesi hangisidir?,1862,meta/eşleştirme şablonu
q1698,REJECT,-100.0,Sanat & Edebiyat,art,Sefiller için doğru tür ya da sanat biçimi eşleştirmesi hangisidir?,roman,meta/eşleştirme şablonu
q1701,REJECT,-100.0,Sanat & Edebiyat,art,Suç ve Ceza için doğru yaratıcı eşleştirmesi hangisidir?,Fyodor Dostoyevski,meta/eşleştirme şablonu
q1707,REJECT,-100.0,Sanat & Edebiyat,art,Suç ve Ceza için doğru tür ya da sanat biçimi eşleştirmesi hangisidir?,roman,meta/eşleştirme şablonu
q1710,REJECT,-100.0,Sanat & Edebiyat,art,Savaş ve Barış için doğru yaratıcı eşleştirmesi hangisidir?,Lev Tolstoy,meta/eşleştirme şablonu
q2523,REJECT,-100.0,Spor,sport,Futbol için doğru oyuncu düzeni eşleştirmesi hangisidir?,11 oyuncu,meta/eşleştirme şablonu
q2524,REJECT,-100.0,Spor,sport,Futbol için temel ekipman veya oyun aracı hangisidir?,küresel futbol topu,meta/eşleştirme şablonu
q2526,REJECT,-100.0,Spor,sport,Futbol için doğru ekipman veya oyun aracı eşleştirmesi hangisidir?,küresel futbol topu,meta/eşleştirme şablonu
q2527,REJECT,-100.0,Spor,sport,Futbol müsabakasının temel formatı hangisidir?,90 dakikalık normal süre,meta/eşleştirme şablonu
q2529,REJECT,-100.0,Spor,sport,Futbol için doğru müsabaka formatı eşleştirmesi hangisidir?,90 dakikalık normal süre,meta/eşleştirme şablonu
q2532,REJECT,-100.0,Spor,sport,Basketbol için doğru oyuncu düzeni eşleştirmesi hangisidir?,5 oyuncu,meta/eşleştirme şablonu
q2534,REJECT,-100.0,Spor,sport,Basketbol için doğru ekipman veya oyun aracı eşleştirmesi hangisidir?,potaya atılan basketbol topu,meta/eşleştirme şablonu
q2535,REJECT,-100.0,Spor,sport,Basketbol müsabakasının temel formatı hangisidir?,dört periyot,meta/eşleştirme şablonu
q2537,REJECT,-100.0,Spor,sport,Basketbol için doğru müsabaka formatı eşleştirmesi hangisidir?,dört periyot,meta/eşleştirme şablonu
q2540,REJECT,-100.0,Spor,sport,Voleybol için doğru oyuncu düzeni eşleştirmesi hangisidir?,6 oyuncu,meta/eşleştirme şablonu
q2541,REJECT,-100.0,Spor,sport,Voleybol için temel ekipman veya oyun aracı hangisidir?,file üzerinden geçirilen voleybol topu,meta/eşleştirme şablonu
q2543,REJECT,-100.0,Spor,sport,Voleybol için doğru ekipman veya oyun aracı eşleştirmesi hangisidir?,file üzerinden geçirilen voleybol topu,meta/eşleştirme şablonu
q2544,REJECT,-100.0,Spor,sport,Voleybol müsabakasının temel formatı hangisidir?,üç set kazanan takımın galibiyeti,meta/eşleştirme şablonu
q2546,REJECT,-100.0,Spor,sport,Voleybol için doğru müsabaka formatı eşleştirmesi hangisidir?,üç set kazanan takımın galibiyeti,meta/eşleştirme şablonu
q2549,REJECT,-100.0,Spor,sport,Hentbol için doğru oyuncu düzeni eşleştirmesi hangisidir?,7 oyuncu,meta/eşleştirme şablonu
q2550,REJECT,-100.0,Spor,sport,Hentbol için temel ekipman veya oyun aracı hangisidir?,elle oynanan hentbol topu,meta/eşleştirme şablonu
q2552,REJECT,-100.0,Spor,sport,Hentbol için doğru ekipman veya oyun aracı eşleştirmesi hangisidir?,elle oynanan hentbol topu,meta/eşleştirme şablonu
q2553,REJECT,-100.0,Spor,sport,Hentbol müsabakasının temel formatı hangisidir?,iki devre ve toplam 60 dakika,meta/eşleştirme şablonu
q2555,REJECT,-100.0,Spor,sport,Hentbol için doğru müsabaka formatı eşleştirmesi hangisidir?,iki devre ve toplam 60 dakika,meta/eşleştirme şablonu
q2558,REJECT,-100.0,Spor,sport,Futsal için temel ekipman veya oyun aracı hangisidir?,daha küçük ve az seken top,meta/eşleştirme şablonu
q2560,REJECT,-100.0,Spor,sport,Futsal için doğru ekipman veya oyun aracı eşleştirmesi hangisidir?,daha küçük ve az seken top,meta/eşleştirme şablonu
q2561,REJECT,-100.0,Spor,sport,Futsal müsabakasının temel formatı hangisidir?,iki devre ve toplam 40 dakika,meta/eşleştirme şablonu
q2563,REJECT,-100.0,Spor,sport,Futsal için doğru müsabaka formatı eşleştirmesi hangisidir?,iki devre ve toplam 40 dakika,meta/eşleştirme şablonu
q2566,REJECT,-100.0,Spor,sport,Su topu için doğru oyuncu düzeni eşleştirmesi hangisidir?,7 oyuncu,meta/eşleştirme şablonu
q2567,REJECT,-100.0,Spor,sport,Su topu için temel ekipman veya oyun aracı hangisidir?,havuz ve su topu,meta/eşleştirme şablonu
q2569,REJECT,-100.0,Spor,sport,Su topu için doğru ekipman veya oyun aracı eşleştirmesi hangisidir?,havuz ve su topu,meta/eşleştirme şablonu
q2570,REJECT,-100.0,Spor,sport,Su topu müsabakasının temel formatı hangisidir?,dört periyot,meta/eşleştirme şablonu
q2572,REJECT,-100.0,Spor,sport,Su topu için doğru müsabaka formatı eşleştirmesi hangisidir?,dört periyot,meta/eşleştirme şablonu
q2575,REJECT,-100.0,Spor,sport,Çim hokeyi için doğru oyuncu düzeni eşleştirmesi hangisidir?,11 oyuncu,meta/eşleştirme şablonu
q2576,REJECT,-100.0,Spor,sport,Çim hokeyi için temel ekipman veya oyun aracı hangisidir?,hokey sopası ve sert top,meta/eşleştirme şablonu
q2579,REJECT,-100.0,Spor,sport,Çim hokeyi müsabakasının temel formatı hangisidir?,dört çeyrek,meta/eşleştirme şablonu
q2583,REJECT,-100.0,Spor,sport,Buz hokeyi için doğru oyuncu düzeni eşleştirmesi hangisidir?,buz üzerinde 6 oyuncu,meta/eşleştirme şablonu
q2584,REJECT,-100.0,Spor,sport,Buz hokeyi için temel ekipman veya oyun aracı hangisidir?,pak ve hokey sopası,meta/eşleştirme şablonu
q2587,REJECT,-100.0,Spor,sport,Buz hokeyi müsabakasının temel formatı hangisidir?,üç periyot,meta/eşleştirme şablonu
q2589,REJECT,-100.0,Spor,sport,Buz hokeyi için doğru müsabaka formatı eşleştirmesi hangisidir?,üç periyot,meta/eşleştirme şablonu
q2592,REJECT,-100.0,Spor,sport,Beyzbol için doğru oyuncu düzeni eşleştirmesi hangisidir?,9 oyuncu,meta/eşleştirme şablonu
q2593,REJECT,-100.0,Spor,sport,Beyzbol için temel ekipman veya oyun aracı hangisidir?,"sopa, top ve eldiven",meta/eşleştirme şablonu
q2595,REJECT,-100.0,Spor,sport,Beyzbol için doğru ekipman veya oyun aracı eşleştirmesi hangisidir?,"sopa, top ve eldiven",meta/eşleştirme şablonu
q2596,REJECT,-100.0,Spor,sport,Beyzbol müsabakasının temel formatı hangisidir?,dokuz inning,meta/eşleştirme şablonu
q2598,REJECT,-100.0,Spor,sport,Beyzbol için doğru müsabaka formatı eşleştirmesi hangisidir?,dokuz inning,meta/eşleştirme şablonu
q2601,REJECT,-100.0,Spor,sport,Softbol için doğru oyuncu düzeni eşleştirmesi hangisidir?,9 oyuncu,meta/eşleştirme şablonu
q2602,REJECT,-100.0,Spor,sport,Softbol için temel ekipman veya oyun aracı hangisidir?,beyzboldan daha büyük top,meta/eşleştirme şablonu
q2604,REJECT,-100.0,Spor,sport,Softbol için doğru ekipman veya oyun aracı eşleştirmesi hangisidir?,beyzboldan daha büyük top,meta/eşleştirme şablonu
q2606,REJECT,-100.0,Spor,sport,Softbol için doğru müsabaka formatı eşleştirmesi hangisidir?,yedi inning,meta/eşleştirme şablonu
q2610,REJECT,-100.0,Spor,sport,Kriket için temel ekipman veya oyun aracı hangisidir?,"sopa, top ve wicket",meta/eşleştirme şablonu
q2612,REJECT,-100.0,Spor,sport,Kriket için doğru ekipman veya oyun aracı eşleştirmesi hangisidir?,"sopa, top ve wicket",meta/eşleştirme şablonu
q2613,REJECT,-100.0,Spor,sport,Kriket müsabakasının temel formatı hangisidir?,inning sistemi,meta/eşleştirme şablonu
q2615,REJECT,-100.0,Spor,sport,Kriket için doğru müsabaka formatı eşleştirmesi hangisidir?,inning sistemi,meta/eşleştirme şablonu
q2619,REJECT,-100.0,Spor,sport,Ragbi birliği için temel ekipman veya oyun aracı hangisidir?,oval top,meta/eşleştirme şablonu
q2622,REJECT,-100.0,Spor,sport,Ragbi birliği müsabakasının temel formatı hangisidir?,iki devre ve toplam 80 dakika,meta/eşleştirme şablonu
q2624,REJECT,-100.0,Spor,sport,Ragbi birliği için doğru müsabaka formatı eşleştirmesi hangisidir?,iki devre ve toplam 80 dakika,meta/eşleştirme şablonu
q2627,REJECT,-100.0,Spor,sport,Yedili ragbi için doğru oyuncu düzeni eşleştirmesi hangisidir?,7 oyuncu,meta/eşleştirme şablonu
q2629,REJECT,-100.0,Spor,sport,Yedili ragbi için doğru ekipman veya oyun aracı eşleştirmesi hangisidir?,oval top,meta/eşleştirme şablonu
q2630,REJECT,-100.0,Spor,sport,Yedili ragbi müsabakasının temel formatı hangisidir?,iki devre ve toplam 14 dakika,meta/eşleştirme şablonu
q2632,REJECT,-100.0,Spor,sport,Yedili ragbi için doğru müsabaka formatı eşleştirmesi hangisidir?,iki devre ve toplam 14 dakika,meta/eşleştirme şablonu
q2635,REJECT,-100.0,Spor,sport,Amerikan futbolu için doğru oyuncu düzeni eşleştirmesi hangisidir?,11 oyuncu,meta/eşleştirme şablonu
q3251,REJECT,-100.0,Coğrafya,geo,Afganistan ülkesinde kullanılan para biriminin uluslararası kodu hangisidir?,AFN,kod veri tabanı
q3252,REJECT,-100.0,Coğrafya,geo,Angola ülkesinde kullanılan para biriminin uluslararası kodu hangisidir?,AOA,kod veri tabanı
q3254,REJECT,-100.0,Coğrafya,geo,Arnavutluk ülkesinde kullanılan para biriminin uluslararası kodu hangisidir?,ALL,kod veri tabanı
q3255,REJECT,-100.0,Coğrafya,geo,Azerbaycan ülkesinde kullanılan para biriminin uluslararası kodu hangisidir?,AZN,kod veri tabanı
q3256,REJECT,-100.0,Coğrafya,geo,Bahamalar ülkesinde kullanılan para biriminin uluslararası kodu hangisidir?,BSD,kod veri tabanı
q3257,REJECT,-100.0,Coğrafya,geo,Bahreyn ülkesinde kullanılan para biriminin uluslararası kodu hangisidir?,BHD,kod veri tabanı
q3258,REJECT,-100.0,Coğrafya,geo,Bangladeş ülkesinde kullanılan para biriminin uluslararası kodu hangisidir?,BDT,kod veri tabanı
q3259,REJECT,-100.0,Coğrafya,geo,Barbados ülkesinde kullanılan para biriminin uluslararası kodu hangisidir?,BBD,kod veri tabanı
q3260,REJECT,-100.0,Coğrafya,geo,Belarus ülkesinde kullanılan para biriminin uluslararası kodu hangisidir?,BYR,kod veri tabanı
q3261,REJECT,-100.0,Coğrafya,geo,Belize ülkesinde kullanılan para biriminin uluslararası kodu hangisidir?,BZD,kod veri tabanı
q3262,REJECT,-100.0,Coğrafya,geo,Benin ülkesinde kullanılan para biriminin uluslararası kodu hangisidir?,XOF,kod veri tabanı
q3265,REJECT,-100.0,Coğrafya,geo,Botsvana ülkesinde kullanılan para biriminin uluslararası kodu hangisidir?,BWP,kod veri tabanı
q3266,REJECT,-100.0,Coğrafya,geo,Brunei ülkesinde kullanılan para biriminin uluslararası kodu hangisidir?,BND,kod veri tabanı
q3269,REJECT,-100.0,Coğrafya,geo,Burundi ülkesinde kullanılan para biriminin uluslararası kodu hangisidir?,BIF,kod veri tabanı
q3270,REJECT,-100.0,Coğrafya,geo,Cabo Verde ülkesinde kullanılan para biriminin uluslararası kodu hangisidir?,CVE,kod veri tabanı
q5401,REJECT,-100.0,Eğlence,entertainment,The Wire dizisinin ilk yayıncı kanalı veya platformu hangisidir?,HBO,kanal-platform veri tabanı
q5402,REJECT,-100.0,Eğlence,entertainment,Mad Men dizisinin ilk yayıncı kanalı veya platformu hangisidir?,AMC,kanal-platform veri tabanı
q5403,REJECT,-100.0,Eğlence,entertainment,Lost dizisinin ilk yayıncı kanalı veya platformu hangisidir?,ABC,kanal-platform veri tabanı
q5406,REJECT,-100.0,Eğlence,entertainment,Community dizisinin ilk yayıncı kanalı veya platformu hangisidir?,NBC,kanal-platform veri tabanı
q5411,REJECT,-100.0,Eğlence,entertainment,Deadwood dizisinin ilk yayıncı kanalı veya platformu hangisidir?,HBO,kanal-platform veri tabanı
q5413,REJECT,-100.0,Eğlence,entertainment,Fargo dizisinin ilk yayıncı kanalı veya platformu hangisidir?,FX,kanal-platform veri tabanı
q5415,REJECT,-100.0,Eğlence,entertainment,Mr. Robot dizisinin ilk yayıncı kanalı veya platformu hangisidir?,USA Network,kanal-platform veri tabanı
q5419,REJECT,-100.0,Eğlence,entertainment,Severance dizisinin ilk yayıncı kanalı veya platformu hangisidir?,Apple TV+,kanal-platform veri tabanı
q5420,REJECT,-100.0,Eğlence,entertainment,The Bear dizisinin ilk yayıncı kanalı veya platformu hangisidir?,FX on Hulu,kanal-platform veri tabanı
q5430,REJECT,-100.0,Eğlence,entertainment,Sherlock dizisinin ilk yayıncı kanalı veya platformu hangisidir?,BBC One,kanal-platform veri tabanı
q5432,REJECT,-100.0,Eğlence,entertainment,Fleabag dizisinin ilk yayıncı kanalı veya platformu hangisidir?,BBC Three,kanal-platform veri tabanı
q5435,REJECT,-100.0,Eğlence,entertainment,Dark dizisinin ilk yayıncı kanalı veya platformu hangisidir?,Netflix,kanal-platform veri tabanı
q5443,REJECT,-100.0,Eğlence,entertainment,My Mister dizisinin ilk yayıncı kanalı veya platformu hangisidir?,tvN,kanal-platform veri tabanı
q5446,REJECT,-100.0,Eğlence,entertainment,Fauda dizisinin ilk yayıncı kanalı veya platformu hangisidir?,Yes Oh,kanal-platform veri tabanı
q5447,REJECT,-100.0,Eğlence,entertainment,Tehran dizisinin ilk yayıncı kanalı veya platformu hangisidir?,Kan 11,kanal-platform veri tabanı
q5448,REJECT,-100.0,Eğlence,entertainment,Borgen dizisinin ilk yayıncı kanalı veya platformu hangisidir?,DR1,kanal-platform veri tabanı
q5451,REJECT,-100.0,Eğlence,entertainment,Spiral dizisinin ilk yayıncı kanalı veya platformu hangisidir?,Canal+,kanal-platform veri tabanı
q5452,REJECT,-100.0,Eğlence,entertainment,Gomorrah dizisinin ilk yayıncı kanalı veya platformu hangisidir?,Sky Atlantic,kanal-platform veri tabanı
q5570,REJECT,-100.0,Tarih,history,Troya için öne çıkan tarihsel dönem hangisidir?,Tunç Çağı,veri tabanı anlatımı
q5571,REJECT,-100.0,Tarih,history,Efes için öne çıkan tarihsel dönem hangisidir?,Antik Çağ,veri tabanı anlatımı
q5577,REJECT,-100.0,Tarih,history,Tikal için öne çıkan tarihsel dönem hangisidir?,Klasik Maya Dönemi,veri tabanı anlatımı
q5596,REJECT,-100.0,Tarih,history,Ur için öne çıkan tarihsel dönem hangisidir?,MÖ 3. binyıl,veri tabanı anlatımı
q5616,REJECT,-100.0,Tarih,history,Nara için öne çıkan tarihsel dönem hangisidir?,MS 8. yüzyıl,veri tabanı anlatımı
q5683,REJECT,-100.0,Sanat & Edebiyat,music_form,Requiem hangi müzik türü veya biçiminde yazılmıştır?,Requiem,doğru cevap soru metninde açıkça geçiyor
q5970,REJECT,-100.0,Spor,sport,Tokyo Dome hangi şehirde bulunur?,Tokyo,doğru cevap soru metninde açıkça geçiyor
q5991,REJECT,-100.0,Spor,sport,Monza Pisti hangi şehirde bulunur?,Monza,doğru cevap soru metninde açıkça geçiyor
q6527,REJECT,-100.0,Tarih,history,Türkiye sınırlarında bulunan ve Troya kültürü ile ilişkilendirilen arkeolojik alan hangisidir?,Troya,doğru cevap soru metninde açıkça geçiyor
q6535,REJECT,-100.0,Tarih,history,Irak sınırlarında bulunan ve Babilliler ile ilişkilendirilen arkeolojik alan hangisidir?,Babil,doğru cevap soru metninde açıkça geçiyor
q6656,REJECT,-100.0,Sanat & Edebiyat,art,Wolfgang Amadeus Mozart tarafından oluşturulan ve requiem niteliğindeki eser hangisidir?,Requiem,doğru cevap soru metninde açıkça geçiyor
q7022,REJECT,-100.0,Spor,champion,Arjantin takımının kazandığı 1978 FIFA Dünya Kupası hangi ülkede düzenlenmiştir?,Arjantin,doğru cevap soru metninde açıkça geçiyor
q7988,REJECT,-100.0,Spor,sport,İspanya takımının kazandığı 1964 Avrupa Futbol Şampiyonası hangi ülkede düzenlenmiştir?,İspanya,doğru cevap soru metninde açıkça geçiyor
q8000,REJECT,-100.0,Spor,sport,Fransa takımının kazandığı 1984 Avrupa Futbol Şampiyonası hangi ülkede düzenlenmiştir?,Fransa,doğru cevap soru metninde açıkça geçiyor
q13365,REJECT,-100.0,Eğlence,entertainment,Seven Samurai ile Rashomon yapımlarında ortak olan yönetmeni kimdir?,Akira Kurosawa,birleşik soru
q13453,REJECT,-100.0,Eğlence,entertainment,The Hunt ile Another Round yapımlarında ortak olan yönetmeni kimdir?,Thomas Vinterberg,birleşik soru
q14330,REJECT,-100.0,Eğlence,entertainment,Do the Right Thing ile Malcolm X yapımlarında ortak olan yönetmeni kimdir?,Spike Lee,birleşik soru
q14407,REJECT,-100.0,Eğlence,entertainment,Oldboy ile The Handmaiden yapımlarında ortak olan yönetmeni kimdir?,Park Chan-wook,birleşik soru
q15396,REJECT,-100.0,Eğlence,entertainment,Cléo from 5 to 7 ile Vagabond yapımlarında ortak olan yönetmeni kimdir?,Agnès Varda,birleşik soru
q15443,REJECT,-100.0,Eğlence,entertainment,The Godfather ile The Godfather Part II yapımlarında ortak olan yönetmeni kimdir?,Francis Ford Coppola,birleşik soru
q16365,REJECT,-100.0,Eğlence,entertainment,Dogville ile Melancholia yapımlarında ortak olan yönetmeni kimdir?,Lars von Trier,birleşik soru
q17310,REJECT,-100.0,Eğlence,entertainment,Fleabag ile Killing Eve yapımlarında ortak olan yaratıcısı kimdir?,Phoebe Waller-Bridge,birleşik soru
q17329,REJECT,-100.0,Eğlence,entertainment,Unforgiven ile Million Dollar Baby yapımlarında ortak olan yönetmeni kimdir?,Clint Eastwood,birleşik soru
q17346,REJECT,-100.0,Eğlence,entertainment,8½ ile La Dolce Vita yapımlarında ortak olan yönetmeni kimdir?,Federico Fellini,birleşik soru
q17398,REJECT,-100.0,Eğlence,entertainment,Stalker ile Solaris yapımlarında ortak olan yönetmeni kimdir?,Andrei Tarkovsky,birleşik soru
q18294,REJECT,-100.0,Eğlence,entertainment,The Lobster ile The Favourite yapımlarında ortak olan yönetmeni kimdir?,Yorgos Lanthimos,birleşik soru
q18326,REJECT,-100.0,Eğlence,entertainment,The Seventh Seal ile Persona yapımlarında ortak olan yönetmeni kimdir?,Ingmar Bergman,birleşik soru
q18347,REJECT,-100.0,Eğlence,entertainment,Lost in Translation ile The Virgin Suicides yapımlarında ortak olan yönetmeni kimdir?,Sofia Coppola,birleşik soru
q18350,REJECT,-100.0,Eğlence,entertainment,A Separation ile The Salesman yapımlarında ortak olan yönetmeni kimdir?,Asghar Farhadi,birleşik soru
q18430,REJECT,-100.0,Eğlence,entertainment,A Prophet ile Rust and Bone yapımlarında ortak olan yönetmeni kimdir?,Jacques Audiard,birleşik soru
q19331,REJECT,-100.0,Eğlence,entertainment,Children of Men ile Roma yapımlarında ortak olan yönetmeni kimdir?,Alfonso Cuarón,birleşik soru
q20289,REJECT,-100.0,Eğlence,entertainment,Pan’s Labyrinth ile The Shape of Water yapımlarında ortak olan yönetmeni kimdir?,Guillermo del Toro,birleşik soru
q20381,REJECT,-100.0,Eğlence,entertainment,Get Out ile Nope yapımlarında ortak olan yönetmeni kimdir?,Jordan Peele,birleşik soru
q21317,REJECT,-100.0,Eğlence,entertainment,The Piano ile The Power of the Dog yapımlarında ortak olan yönetmeni kimdir?,Jane Campion,birleşik soru
q22351,REJECT,-100.0,Eğlence,entertainment,In the Mood for Love ile Chungking Express yapımlarında ortak olan yönetmeni kimdir?,Wong Kar-wai,birleşik soru
q22419,REJECT,-100.0,Eğlence,entertainment,Memories of Murder ile Parasite yapımlarında ortak olan yönetmeni kimdir?,Bong Joon Ho,birleşik soru
q22422,REJECT,-100.0,Eğlence,entertainment,One Flew Over the Cuckoo’s Nest ile Amadeus yapımlarında ortak olan yönetmeni kimdir?,Miloš Forman,birleşik soru
