id,source_group,source_name,url,scope
q54121,geo_turkey,T.C. Kültür ve Turizm Bakanlığı / ilgili resmî arşiv,https://www.ktb.gov.tr/,"Türkiye kültürü, coğrafyası, sanat ve tarih"
q54122,geo_turkey,T.C. Kültür ve Turizm Bakanlığı / ilgili resmî arşiv,https://www.ktb.gov.tr/,"Türkiye kültürü, coğrafyası, sanat ve tarih"
q54123,geo_unesco,UNESCO,https://www.unesco.org/,"Kültürel miras, tarih ve gelenek"
q54124,geo_turkey,T.C. Kültür ve Turizm Bakanlığı / ilgili resmî arşiv,https://www.ktb.gov.tr/,"Türkiye kültürü, coğrafyası, sanat ve tarih"
q54125,geo_turkey,T.C. Kültür ve Turizm Bakanlığı / ilgili resmî arşiv,https://www.ktb.gov.tr/,"Türkiye kültürü, coğrafyası, sanat ve tarih"
q54126,geo_turkey,T.C. Kültür ve Turizm Bakanlığı / ilgili resmî arşiv,https://www.ktb.gov.tr/,"Türkiye kültürü, coğrafyası, sanat ve tarih"
q54127,geo_unesco,UNESCO,https://www.unesco.org/,"Kültürel miras, tarih ve gelenek"
q54128,geo_turkey,T.C. Kültür ve Turizm Bakanlığı / ilgili resmî arşiv,https://www.ktb.gov.tr/,"Türkiye kültürü, coğrafyası, sanat ve tarih"
q54129,geo_britannica,Encyclopaedia Britannica / ilgili resmî coğrafya kurumu,https://www.britannica.com/,Coğrafya ve yer bilgisi
q54130,geo_flags,Encyclopaedia Britannica / ilgili resmî coğrafya kurumu,https://www.britannica.com/,Coğrafya ve yer bilgisi
q54131,geo_flags,Encyclopaedia Britannica / ilgili resmî coğrafya kurumu,https://www.britannica.com/,Coğrafya ve yer bilgisi
q54132,geo_flags,Encyclopaedia Britannica / ilgili resmî coğrafya kurumu,https://www.britannica.com/,Coğrafya ve yer bilgisi
q54133,geo_worldfactbook,CIA World Factbook,https://www.cia.gov/the-world-factbook/,Ülke ve sınır bilgileri
q54134,geo_worldfactbook,CIA World Factbook,https://www.cia.gov/the-world-factbook/,Ülke ve sınır bilgileri
q54135,geo_noaa,NOAA,https://www.noaa.gov/,"Okyanus, atmosfer ve deniz yaşamı"
q54136,geo_britannica,Encyclopaedia Britannica / ilgili resmî coğrafya kurumu,https://www.britannica.com/,Coğrafya ve yer bilgisi
q54137,geo_unesco,UNESCO,https://www.unesco.org/,"Kültürel miras, tarih ve gelenek"
q54138,ent_turkish_cinema,T.C. Kültür ve Turizm Bakanlığı / ilgili resmî arşiv,https://www.ktb.gov.tr/,"Türkiye kültürü, coğrafyası, sanat ve tarih"
q54139,ent_turkish_cinema,T.C. Kültür ve Turizm Bakanlığı / ilgili resmî arşiv,https://www.ktb.gov.tr/,"Türkiye kültürü, coğrafyası, sanat ve tarih"
q54140,ent_turkish_cinema,T.C. Kültür ve Turizm Bakanlığı / ilgili resmî arşiv,https://www.ktb.gov.tr/,"Türkiye kültürü, coğrafyası, sanat ve tarih"
q54141,ent_turkish_cinema,T.C. Kültür ve Turizm Bakanlığı / ilgili resmî arşiv,https://www.ktb.gov.tr/,"Türkiye kültürü, coğrafyası, sanat ve tarih"
q54142,ent_turkish_cinema,T.C. Kültür ve Turizm Bakanlığı / ilgili resmî arşiv,https://www.ktb.gov.tr/,"Türkiye kültürü, coğrafyası, sanat ve tarih"
q54143,ent_film_festivals,"Resmî yapım, yayıncı ve eser jeneriği / BFI",https://www.bfi.org.uk/,"Film, dizi, oyun ve müzik eser bilgisi"
q54144,ent_turkish_tv,T.C. Kültür ve Turizm Bakanlığı / ilgili resmî arşiv,https://www.ktb.gov.tr/,"Türkiye kültürü, coğrafyası, sanat ve tarih"
q54145,ent_turkish_tv,T.C. Kültür ve Turizm Bakanlığı / ilgili resmî arşiv,https://www.ktb.gov.tr/,"Türkiye kültürü, coğrafyası, sanat ve tarih"
q54146,ent_turkish_tv,T.C. Kültür ve Turizm Bakanlığı / ilgili resmî arşiv,https://www.ktb.gov.tr/,"Türkiye kültürü, coğrafyası, sanat ve tarih"
q54147,ent_turkish_tv,T.C. Kültür ve Turizm Bakanlığı / ilgili resmî arşiv,https://www.ktb.gov.tr/,"Türkiye kültürü, coğrafyası, sanat ve tarih"
q54148,ent_classic_film,"Resmî yapım, yayıncı ve eser jeneriği / BFI",https://www.bfi.org.uk/,"Film, dizi, oyun ve müzik eser bilgisi"
q54149,ent_classic_film,"Resmî yapım, yayıncı ve eser jeneriği / BFI",https://www.bfi.org.uk/,"Film, dizi, oyun ve müzik eser bilgisi"
q54150,ent_classic_film,"Resmî yapım, yayıncı ve eser jeneriği / BFI",https://www.bfi.org.uk/,"Film, dizi, oyun ve müzik eser bilgisi"
q54151,ent_classic_film,"Resmî yapım, yayıncı ve eser jeneriği / BFI",https://www.bfi.org.uk/,"Film, dizi, oyun ve müzik eser bilgisi"
q54152,ent_games,"Resmî yapım, yayıncı ve eser jeneriği / BFI",https://www.bfi.org.uk/,"Film, dizi, oyun ve müzik eser bilgisi"
q54153,ent_games,"Resmî yapım, yayıncı ve eser jeneriği / BFI",https://www.bfi.org.uk/,"Film, dizi, oyun ve müzik eser bilgisi"
q54154,ent_games,"Resmî yapım, yayıncı ve eser jeneriği / BFI",https://www.bfi.org.uk/,"Film, dizi, oyun ve müzik eser bilgisi"
q54155,hist_unesco,UNESCO,https://www.unesco.org/,"Kültürel miras, tarih ve gelenek"
q54156,hist_unesco,UNESCO,https://www.unesco.org/,"Kültürel miras, tarih ve gelenek"
q54157,hist_unesco,UNESCO,https://www.unesco.org/,"Kültürel miras, tarih ve gelenek"
q54158,hist_unesco,UNESCO,https://www.unesco.org/,"Kültürel miras, tarih ve gelenek"
q54159,hist_britannica,Encyclopaedia Britannica / ilgili resmî arşiv,https://www.britannica.com/,Tarihsel bilgi
q54160,hist_britannica,Encyclopaedia Britannica / ilgili resmî arşiv,https://www.britannica.com/,Tarihsel bilgi
q54161,hist_un,UNESCO,https://www.unesco.org/,"Kültürel miras, tarih ve gelenek"
q54162,hist_unesco,UNESCO,https://www.unesco.org/,"Kültürel miras, tarih ve gelenek"
q54163,hist_ottoman,T.C. Kültür ve Turizm Bakanlığı / ilgili resmî arşiv,https://www.ktb.gov.tr/,"Türkiye kültürü, coğrafyası, sanat ve tarih"
q54164,hist_ottoman,T.C. Kültür ve Turizm Bakanlığı / ilgili resmî arşiv,https://www.ktb.gov.tr/,"Türkiye kültürü, coğrafyası, sanat ve tarih"
q54165,hist_ottoman,T.C. Kültür ve Turizm Bakanlığı / ilgili resmî arşiv,https://www.ktb.gov.tr/,"Türkiye kültürü, coğrafyası, sanat ve tarih"
q54166,hist_turkish,T.C. Kültür ve Turizm Bakanlığı / ilgili resmî arşiv,https://www.ktb.gov.tr/,"Türkiye kültürü, coğrafyası, sanat ve tarih"
q54167,hist_unesco,UNESCO,https://www.unesco.org/,"Kültürel miras, tarih ve gelenek"
q54168,hist_turkish_republic,T.C. Kültür ve Turizm Bakanlığı / ilgili resmî arşiv,https://www.ktb.gov.tr/,"Türkiye kültürü, coğrafyası, sanat ve tarih"
q54169,hist_turkish_republic,T.C. Kültür ve Turizm Bakanlığı / ilgili resmî arşiv,https://www.ktb.gov.tr/,"Türkiye kültürü, coğrafyası, sanat ve tarih"
q54170,hist_nasa,NASA,https://science.nasa.gov/,"Uzay, astronomi ve görev tarihi"
q54171,hist_medicine,NIH / NLM,https://www.nih.gov/,İnsan biyolojisi ve tıp tarihi
q54172,art_mythology,"Britannica / ilgili müze, yayıncı veya eser kaydı",https://www.britannica.com/,Sanat ve edebiyat
q54173,art_mythology,"Britannica / ilgili müze, yayıncı veya eser kaydı",https://www.britannica.com/,Sanat ve edebiyat
q54174,art_mythology,"Britannica / ilgili müze, yayıncı veya eser kaydı",https://www.britannica.com/,Sanat ve edebiyat
q54175,art_mythology,"Britannica / ilgili müze, yayıncı veya eser kaydı",https://www.britannica.com/,Sanat ve edebiyat
q54176,art_mythology,"Britannica / ilgili müze, yayıncı veya eser kaydı",https://www.britannica.com/,Sanat ve edebiyat
q54177,art_mythology,"Britannica / ilgili müze, yayıncı veya eser kaydı",https://www.britannica.com/,Sanat ve edebiyat
q54178,art_mythology,"Britannica / ilgili müze, yayıncı veya eser kaydı",https://www.britannica.com/,Sanat ve edebiyat
q54179,art_britannica,"Britannica / ilgili müze, yayıncı veya eser kaydı",https://www.britannica.com/,Sanat ve edebiyat
q54180,art_japan,"Britannica / ilgili müze, yayıncı veya eser kaydı",https://www.britannica.com/,Sanat ve edebiyat
q54181,art_japan,"Britannica / ilgili müze, yayıncı veya eser kaydı",https://www.britannica.com/,Sanat ve edebiyat
q54182,lit_britannica,"Britannica / ilgili müze, yayıncı veya eser kaydı",https://www.britannica.com/,Sanat ve edebiyat
q54183,lit_publisher,"Britannica / ilgili müze, yayıncı veya eser kaydı",https://www.britannica.com/,Sanat ve edebiyat
q54184,lit_britannica,"Britannica / ilgili müze, yayıncı veya eser kaydı",https://www.britannica.com/,Sanat ve edebiyat
q54185,lit_britannica,"Britannica / ilgili müze, yayıncı veya eser kaydı",https://www.britannica.com/,Sanat ve edebiyat
q54186,lit_britannica,"Britannica / ilgili müze, yayıncı veya eser kaydı",https://www.britannica.com/,Sanat ve edebiyat
q54187,lit_britannica,"Britannica / ilgili müze, yayıncı veya eser kaydı",https://www.britannica.com/,Sanat ve edebiyat
q54188,lit_britannica,"Britannica / ilgili müze, yayıncı veya eser kaydı",https://www.britannica.com/,Sanat ve edebiyat
q54189,sci_smithsonian,Smithsonian Institution,https://www.si.edu/,"Doğa tarihi, kültür ve tarih"
q54190,sci_birds,Britannica / ilgili bilim kurumu,https://www.britannica.com/science,Bilimsel genel bilgi
q54191,sci_nature,Britannica / ilgili bilim kurumu,https://www.britannica.com/science,Bilimsel genel bilgi
q54192,sci_smithsonian,Smithsonian Institution,https://www.si.edu/,"Doğa tarihi, kültür ve tarih"
q54193,sci_nature,Britannica / ilgili bilim kurumu,https://www.britannica.com/science,Bilimsel genel bilgi
q54194,sci_smithsonian,Smithsonian Institution,https://www.si.edu/,"Doğa tarihi, kültür ve tarih"
q54195,sci_smithsonian,Smithsonian Institution,https://www.si.edu/,"Doğa tarihi, kültür ve tarih"
q54196,sci_nature,Britannica / ilgili bilim kurumu,https://www.britannica.com/science,Bilimsel genel bilgi
q54197,sci_kew,"Royal Botanic Gardens, Kew",https://www.kew.org/,Bitki bilimi
q54198,sci_nasa,NASA,https://science.nasa.gov/,"Uzay, astronomi ve görev tarihi"
q54199,sci_nasa,NASA,https://science.nasa.gov/,"Uzay, astronomi ve görev tarihi"
q54200,sci_nasa,NASA,https://science.nasa.gov/,"Uzay, astronomi ve görev tarihi"
q54201,sci_nasa,NASA,https://science.nasa.gov/,"Uzay, astronomi ve görev tarihi"
q54202,sci_usgs,USGS,https://www.usgs.gov/,"Jeoloji, yanardağ ve doğal oluşumlar"
q54203,sci_nih,NIH / NLM,https://www.nih.gov/,İnsan biyolojisi ve tıp tarihi
q54204,sci_nih,NIH / NLM,https://www.nih.gov/,İnsan biyolojisi ve tıp tarihi
q54205,sport_uefa,UEFA,https://www.uefa.com/,Avrupa futbolu
q54206,sport_uefa,UEFA,https://www.uefa.com/,Avrupa futbolu
q54207,sport_fifa,FIFA,https://www.fifa.com/,Futbol tarihi ve turnuvalar
q54208,sport_fifa,FIFA,https://www.fifa.com/,Futbol tarihi ve turnuvalar
q54209,sport_turkey,İlgili uluslararası spor federasyonu,https://www.olympics.com/,Spor kuralı ve tarih kaydı
q54210,sport_turkey,İlgili uluslararası spor federasyonu,https://www.olympics.com/,Spor kuralı ve tarih kaydı
q54211,sport_unesco,UNESCO,https://www.unesco.org/,"Kültürel miras, tarih ve gelenek"
q54212,sport_turkey,İlgili uluslararası spor federasyonu,https://www.olympics.com/,Spor kuralı ve tarih kaydı
q54213,sport_turkey,İlgili uluslararası spor federasyonu,https://www.olympics.com/,Spor kuralı ve tarih kaydı
q54214,sport_nba_rules,NBA,https://www.nba.com/,Basketbol kuralları ve tarihi
q54215,sport_fifa,FIFA,https://www.fifa.com/,Futbol tarihi ve turnuvalar
q54216,sport_uefa,UEFA,https://www.uefa.com/,Avrupa futbolu
q54217,sport_itf,International Tennis Federation,https://www.itftennis.com/,Tenis kuralları ve tarihi
q54218,sport_nba_rules,NBA,https://www.nba.com/,Basketbol kuralları ve tarihi
q54219,sport_fivb,FIVB,https://www.fivb.com/,Voleybol kuralları
q54220,sport_fide,FIDE,https://www.fide.com/,Satranç kuralları
q54221,geo_worldfactbook,CIA World Factbook,https://www.cia.gov/the-world-factbook/,Ülke ve sınır bilgileri
q54222,geo_worldfactbook,CIA World Factbook,https://www.cia.gov/the-world-factbook/,Ülke ve sınır bilgileri
q54223,geo_britannica,Encyclopaedia Britannica / ilgili resmî coğrafya kurumu,https://www.britannica.com/,Coğrafya ve yer bilgisi
q54224,geo_britannica,Encyclopaedia Britannica / ilgili resmî coğrafya kurumu,https://www.britannica.com/,Coğrafya ve yer bilgisi
q54225,geo_worldfactbook,CIA World Factbook,https://www.cia.gov/the-world-factbook/,Ülke ve sınır bilgileri
q54226,geo_britannica,Encyclopaedia Britannica / ilgili resmî coğrafya kurumu,https://www.britannica.com/,Coğrafya ve yer bilgisi
q54227,geo_worldfactbook,CIA World Factbook,https://www.cia.gov/the-world-factbook/,Ülke ve sınır bilgileri
q54228,geo_statistics,Encyclopaedia Britannica / ilgili resmî coğrafya kurumu,https://www.britannica.com/,Coğrafya ve yer bilgisi
q54229,geo_finland,Encyclopaedia Britannica / ilgili resmî coğrafya kurumu,https://www.britannica.com/,Coğrafya ve yer bilgisi
q54230,geo_nz,Encyclopaedia Britannica / ilgili resmî coğrafya kurumu,https://www.britannica.com/,Coğrafya ve yer bilgisi
q54231,geo_nationalgeographic,Encyclopaedia Britannica / ilgili resmî coğrafya kurumu,https://www.britannica.com/,Coğrafya ve yer bilgisi
q54232,geo_britannica,Encyclopaedia Britannica / ilgili resmî coğrafya kurumu,https://www.britannica.com/,Coğrafya ve yer bilgisi
q54233,geo_worldfactbook,CIA World Factbook,https://www.cia.gov/the-world-factbook/,Ülke ve sınır bilgileri
q54234,geo_britannica,Encyclopaedia Britannica / ilgili resmî coğrafya kurumu,https://www.britannica.com/,Coğrafya ve yer bilgisi
q54235,geo_unesco,UNESCO,https://www.unesco.org/,"Kültürel miras, tarih ve gelenek"
q54236,geo_noaa,NOAA,https://www.noaa.gov/,"Okyanus, atmosfer ve deniz yaşamı"
q54237,geo_unesco,UNESCO,https://www.unesco.org/,"Kültürel miras, tarih ve gelenek"
q54238,ent_turkish_cinema,T.C. Kültür ve Turizm Bakanlığı / ilgili resmî arşiv,https://www.ktb.gov.tr/,"Türkiye kültürü, coğrafyası, sanat ve tarih"
q54239,ent_turkish_cinema,T.C. Kültür ve Turizm Bakanlığı / ilgili resmî arşiv,https://www.ktb.gov.tr/,"Türkiye kültürü, coğrafyası, sanat ve tarih"
q54240,ent_turkish_cinema,T.C. Kültür ve Turizm Bakanlığı / ilgili resmî arşiv,https://www.ktb.gov.tr/,"Türkiye kültürü, coğrafyası, sanat ve tarih"
q54241,ent_turkish_cinema,T.C. Kültür ve Turizm Bakanlığı / ilgili resmî arşiv,https://www.ktb.gov.tr/,"Türkiye kültürü, coğrafyası, sanat ve tarih"
q54242,ent_turkish_cinema,T.C. Kültür ve Turizm Bakanlığı / ilgili resmî arşiv,https://www.ktb.gov.tr/,"Türkiye kültürü, coğrafyası, sanat ve tarih"
q54243,ent_turkish_cinema,T.C. Kültür ve Turizm Bakanlığı / ilgili resmî arşiv,https://www.ktb.gov.tr/,"Türkiye kültürü, coğrafyası, sanat ve tarih"
q54244,ent_turkish_tv,T.C. Kültür ve Turizm Bakanlığı / ilgili resmî arşiv,https://www.ktb.gov.tr/,"Türkiye kültürü, coğrafyası, sanat ve tarih"
q54245,ent_turkish_tv,T.C. Kültür ve Turizm Bakanlığı / ilgili resmî arşiv,https://www.ktb.gov.tr/,"Türkiye kültürü, coğrafyası, sanat ve tarih"
q54246,ent_turkish_tv,T.C. Kültür ve Turizm Bakanlığı / ilgili resmî arşiv,https://www.ktb.gov.tr/,"Türkiye kültürü, coğrafyası, sanat ve tarih"
q54247,ent_lotr,"Resmî yapım, yayıncı ve eser jeneriği / BFI",https://www.bfi.org.uk/,"Film, dizi, oyun ve müzik eser bilgisi"
q54248,ent_harrypotter,"Resmî yapım, yayıncı ve eser jeneriği / BFI",https://www.bfi.org.uk/,"Film, dizi, oyun ve müzik eser bilgisi"
q54249,ent_starwars,"Resmî yapım, yayıncı ve eser jeneriği / BFI",https://www.bfi.org.uk/,"Film, dizi, oyun ve müzik eser bilgisi"
q54250,ent_classic_film,"Resmî yapım, yayıncı ve eser jeneriği / BFI",https://www.bfi.org.uk/,"Film, dizi, oyun ve müzik eser bilgisi"
q54251,ent_horror,"Resmî yapım, yayıncı ve eser jeneriği / BFI",https://www.bfi.org.uk/,"Film, dizi, oyun ve müzik eser bilgisi"
q54252,ent_games,"Resmî yapım, yayıncı ve eser jeneriği / BFI",https://www.bfi.org.uk/,"Film, dizi, oyun ve müzik eser bilgisi"
q54253,ent_games,"Resmî yapım, yayıncı ve eser jeneriği / BFI",https://www.bfi.org.uk/,"Film, dizi, oyun ve müzik eser bilgisi"
q54254,ent_games,"Resmî yapım, yayıncı ve eser jeneriği / BFI",https://www.bfi.org.uk/,"Film, dizi, oyun ve müzik eser bilgisi"
q54255,hist_britannica,Encyclopaedia Britannica / ilgili resmî arşiv,https://www.britannica.com/,Tarihsel bilgi
q54256,hist_britannica,Encyclopaedia Britannica / ilgili resmî arşiv,https://www.britannica.com/,Tarihsel bilgi
q54257,hist_britannica,Encyclopaedia Britannica / ilgili resmî arşiv,https://www.britannica.com/,Tarihsel bilgi
q54258,hist_britannica,Encyclopaedia Britannica / ilgili resmî arşiv,https://www.britannica.com/,Tarihsel bilgi
q54259,hist_britannica,Encyclopaedia Britannica / ilgili resmî arşiv,https://www.britannica.com/,Tarihsel bilgi
q54260,hist_britannica,Encyclopaedia Britannica / ilgili resmî arşiv,https://www.britannica.com/,Tarihsel bilgi
q54261,hist_unesco,UNESCO,https://www.unesco.org/,"Kültürel miras, tarih ve gelenek"
q54262,hist_britannica,Encyclopaedia Britannica / ilgili resmî arşiv,https://www.britannica.com/,Tarihsel bilgi
q54263,hist_medicine,NIH / NLM,https://www.nih.gov/,İnsan biyolojisi ve tıp tarihi
q54264,hist_britannica,Encyclopaedia Britannica / ilgili resmî arşiv,https://www.britannica.com/,Tarihsel bilgi
q54265,hist_britannica,Encyclopaedia Britannica / ilgili resmî arşiv,https://www.britannica.com/,Tarihsel bilgi
q54266,hist_japan,Encyclopaedia Britannica / ilgili resmî arşiv,https://www.britannica.com/,Tarihsel bilgi
q54267,hist_japan,Encyclopaedia Britannica / ilgili resmî arşiv,https://www.britannica.com/,Tarihsel bilgi
q54268,hist_ottoman,T.C. Kültür ve Turizm Bakanlığı / ilgili resmî arşiv,https://www.ktb.gov.tr/,"Türkiye kültürü, coğrafyası, sanat ve tarih"
q54269,hist_ottoman,T.C. Kültür ve Turizm Bakanlığı / ilgili resmî arşiv,https://www.ktb.gov.tr/,"Türkiye kültürü, coğrafyası, sanat ve tarih"
q54270,hist_turkish_republic,T.C. Kültür ve Turizm Bakanlığı / ilgili resmî arşiv,https://www.ktb.gov.tr/,"Türkiye kültürü, coğrafyası, sanat ve tarih"
q54271,hist_turkish_republic,T.C. Kültür ve Turizm Bakanlığı / ilgili resmî arşiv,https://www.ktb.gov.tr/,"Türkiye kültürü, coğrafyası, sanat ve tarih"
q54272,art_music,"Britannica / ilgili müze, yayıncı veya eser kaydı",https://www.britannica.com/,Sanat ve edebiyat
q54273,art_music,"Britannica / ilgili müze, yayıncı veya eser kaydı",https://www.britannica.com/,Sanat ve edebiyat
q54274,art_music,"Britannica / ilgili müze, yayıncı veya eser kaydı",https://www.britannica.com/,Sanat ve edebiyat
q54275,art_music,"Britannica / ilgili müze, yayıncı veya eser kaydı",https://www.britannica.com/,Sanat ve edebiyat
q54276,art_music,"Britannica / ilgili müze, yayıncı veya eser kaydı",https://www.britannica.com/,Sanat ve edebiyat
q54277,art_music,"Britannica / ilgili müze, yayıncı veya eser kaydı",https://www.britannica.com/,Sanat ve edebiyat
q54278,art_music,"Britannica / ilgili müze, yayıncı veya eser kaydı",https://www.britannica.com/,Sanat ve edebiyat
q54279,art_music,"Britannica / ilgili müze, yayıncı veya eser kaydı",https://www.britannica.com/,Sanat ve edebiyat
q54280,art_britannica,"Britannica / ilgili müze, yayıncı veya eser kaydı",https://www.britannica.com/,Sanat ve edebiyat
q54281,art_louvre,"Britannica / ilgili müze, yayıncı veya eser kaydı",https://www.britannica.com/,Sanat ve edebiyat
q54282,art_museum,"Britannica / ilgili müze, yayıncı veya eser kaydı",https://www.britannica.com/,Sanat ve edebiyat
q54283,art_britannica,"Britannica / ilgili müze, yayıncı veya eser kaydı",https://www.britannica.com/,Sanat ve edebiyat
q54284,art_britannica,"Britannica / ilgili müze, yayıncı veya eser kaydı",https://www.britannica.com/,Sanat ve edebiyat
q54285,lit_britannica,"Britannica / ilgili müze, yayıncı veya eser kaydı",https://www.britannica.com/,Sanat ve edebiyat
q54286,lit_britannica,"Britannica / ilgili müze, yayıncı veya eser kaydı",https://www.britannica.com/,Sanat ve edebiyat
q54287,lit_britannica,"Britannica / ilgili müze, yayıncı veya eser kaydı",https://www.britannica.com/,Sanat ve edebiyat
q54288,lit_britannica,"Britannica / ilgili müze, yayıncı veya eser kaydı",https://www.britannica.com/,Sanat ve edebiyat
q54289,sci_smithsonian,Smithsonian Institution,https://www.si.edu/,"Doğa tarihi, kültür ve tarih"
q54290,sci_ocean,NOAA,https://www.noaa.gov/,"Okyanus, atmosfer ve deniz yaşamı"
q54291,sci_birds,Britannica / ilgili bilim kurumu,https://www.britannica.com/science,Bilimsel genel bilgi
q54292,sci_smithsonian,Smithsonian Institution,https://www.si.edu/,"Doğa tarihi, kültür ve tarih"
q54293,sci_smithsonian,Smithsonian Institution,https://www.si.edu/,"Doğa tarihi, kültür ve tarih"
q54294,sci_smithsonian,Smithsonian Institution,https://www.si.edu/,"Doğa tarihi, kültür ve tarih"
q54295,sci_smithsonian,Smithsonian Institution,https://www.si.edu/,"Doğa tarihi, kültür ve tarih"
q54296,sci_smithsonian,Smithsonian Institution,https://www.si.edu/,"Doğa tarihi, kültür ve tarih"
q54297,sci_nature,Britannica / ilgili bilim kurumu,https://www.britannica.com/science,Bilimsel genel bilgi
q54298,sci_nasa,NASA,https://science.nasa.gov/,"Uzay, astronomi ve görev tarihi"
q54299,sci_nasa,NASA,https://science.nasa.gov/,"Uzay, astronomi ve görev tarihi"
q54300,sci_nasa,NASA,https://science.nasa.gov/,"Uzay, astronomi ve görev tarihi"
q54301,sci_nasa,NASA,https://science.nasa.gov/,"Uzay, astronomi ve görev tarihi"
q54302,sci_nasa,NASA,https://science.nasa.gov/,"Uzay, astronomi ve görev tarihi"
q54303,sci_nih,NIH / NLM,https://www.nih.gov/,İnsan biyolojisi ve tıp tarihi
q54304,sci_nih,NIH / NLM,https://www.nih.gov/,İnsan biyolojisi ve tıp tarihi
q54305,sport_fifa,FIFA,https://www.fifa.com/,Futbol tarihi ve turnuvalar
q54306,sport_fifa,FIFA,https://www.fifa.com/,Futbol tarihi ve turnuvalar
q54307,sport_fifa,FIFA,https://www.fifa.com/,Futbol tarihi ve turnuvalar
q54308,sport_nba_rules,NBA,https://www.nba.com/,Basketbol kuralları ve tarihi
q54309,sport_nba_rules,NBA,https://www.nba.com/,Basketbol kuralları ve tarihi
q54310,sport_nba_rules,NBA,https://www.nba.com/,Basketbol kuralları ve tarihi
q54311,sport_itf,International Tennis Federation,https://www.itftennis.com/,Tenis kuralları ve tarihi
q54312,sport_itf,International Tennis Federation,https://www.itftennis.com/,Tenis kuralları ve tarihi
q54313,sport_fivb,FIVB,https://www.fivb.com/,Voleybol kuralları
q54314,sport_fivb,FIVB,https://www.fivb.com/,Voleybol kuralları
q54315,sport_fide,FIDE,https://www.fide.com/,Satranç kuralları
q54316,sport_fide,FIDE,https://www.fide.com/,Satranç kuralları
q54317,sport_fia,FIA,https://www.fia.com/,Motor sporları kuralları
q54318,sport_fia,FIA,https://www.fia.com/,Motor sporları kuralları
q54319,sport_boxing,İlgili uluslararası spor federasyonu,https://www.olympics.com/,Spor kuralı ve tarih kaydı
q54320,sport_boxing,İlgili uluslararası spor federasyonu,https://www.olympics.com/,Spor kuralı ve tarih kaydı
q54321,geo_britannica,Encyclopaedia Britannica / ilgili resmî coğrafya kurumu,https://www.britannica.com/,Coğrafya ve yer bilgisi
q54322,geo_volcano,USGS,https://www.usgs.gov/,"Jeoloji, yanardağ ve doğal oluşumlar"
q54323,geo_britannica,Encyclopaedia Britannica / ilgili resmî coğrafya kurumu,https://www.britannica.com/,Coğrafya ve yer bilgisi
q54324,geo_unesco,UNESCO,https://www.unesco.org/,"Kültürel miras, tarih ve gelenek"
q54325,geo_usgs,USGS,https://www.usgs.gov/,"Jeoloji, yanardağ ve doğal oluşumlar"
q54326,geo_volcano,USGS,https://www.usgs.gov/,"Jeoloji, yanardağ ve doğal oluşumlar"
q54327,geo_britannica,Encyclopaedia Britannica / ilgili resmî coğrafya kurumu,https://www.britannica.com/,Coğrafya ve yer bilgisi
q54328,geo_volcano,USGS,https://www.usgs.gov/,"Jeoloji, yanardağ ve doğal oluşumlar"
q54329,geo_usgs,USGS,https://www.usgs.gov/,"Jeoloji, yanardağ ve doğal oluşumlar"
q54330,geo_iceland,Encyclopaedia Britannica / ilgili resmî coğrafya kurumu,https://www.britannica.com/,Coğrafya ve yer bilgisi
q54331,geo_nps,U.S. National Park Service,https://www.nps.gov/,Millî parklar ve tarihî alanlar
q54332,geo_unesco,UNESCO,https://www.unesco.org/,"Kültürel miras, tarih ve gelenek"
q54333,geo_noaa,NOAA,https://www.noaa.gov/,"Okyanus, atmosfer ve deniz yaşamı"
q54334,geo_noaa,NOAA,https://www.noaa.gov/,"Okyanus, atmosfer ve deniz yaşamı"
q54335,geo_unep,Encyclopaedia Britannica / ilgili resmî coğrafya kurumu,https://www.britannica.com/,Coğrafya ve yer bilgisi
q54336,geo_britannica,Encyclopaedia Britannica / ilgili resmî coğrafya kurumu,https://www.britannica.com/,Coğrafya ve yer bilgisi
q54337,geo_noaa,NOAA,https://www.noaa.gov/,"Okyanus, atmosfer ve deniz yaşamı"
q54338,ent_turkish_cinema,T.C. Kültür ve Turizm Bakanlığı / ilgili resmî arşiv,https://www.ktb.gov.tr/,"Türkiye kültürü, coğrafyası, sanat ve tarih"
q54339,ent_turkish_cinema,T.C. Kültür ve Turizm Bakanlığı / ilgili resmî arşiv,https://www.ktb.gov.tr/,"Türkiye kültürü, coğrafyası, sanat ve tarih"
q54340,ent_turkish_cinema,T.C. Kültür ve Turizm Bakanlığı / ilgili resmî arşiv,https://www.ktb.gov.tr/,"Türkiye kültürü, coğrafyası, sanat ve tarih"
q54341,ent_turkish_cinema,T.C. Kültür ve Turizm Bakanlığı / ilgili resmî arşiv,https://www.ktb.gov.tr/,"Türkiye kültürü, coğrafyası, sanat ve tarih"
q54342,ent_turkish_cinema,T.C. Kültür ve Turizm Bakanlığı / ilgili resmî arşiv,https://www.ktb.gov.tr/,"Türkiye kültürü, coğrafyası, sanat ve tarih"
q54343,ent_turkish_cinema,T.C. Kültür ve Turizm Bakanlığı / ilgili resmî arşiv,https://www.ktb.gov.tr/,"Türkiye kültürü, coğrafyası, sanat ve tarih"
q54344,ent_turkish_tv,T.C. Kültür ve Turizm Bakanlığı / ilgili resmî arşiv,https://www.ktb.gov.tr/,"Türkiye kültürü, coğrafyası, sanat ve tarih"
q54345,ent_turkish_tv,T.C. Kültür ve Turizm Bakanlığı / ilgili resmî arşiv,https://www.ktb.gov.tr/,"Türkiye kültürü, coğrafyası, sanat ve tarih"
q54346,ent_turkish_tv,T.C. Kültür ve Turizm Bakanlığı / ilgili resmî arşiv,https://www.ktb.gov.tr/,"Türkiye kültürü, coğrafyası, sanat ve tarih"
q54347,ent_classic_film,"Resmî yapım, yayıncı ve eser jeneriği / BFI",https://www.bfi.org.uk/,"Film, dizi, oyun ve müzik eser bilgisi"
q54348,ent_classic_film,"Resmî yapım, yayıncı ve eser jeneriği / BFI",https://www.bfi.org.uk/,"Film, dizi, oyun ve müzik eser bilgisi"
q54349,ent_thriller,"Resmî yapım, yayıncı ve eser jeneriği / BFI",https://www.bfi.org.uk/,"Film, dizi, oyun ve müzik eser bilgisi"
q54350,ent_thriller,"Resmî yapım, yayıncı ve eser jeneriği / BFI",https://www.bfi.org.uk/,"Film, dizi, oyun ve müzik eser bilgisi"
q54351,ent_classic_film,"Resmî yapım, yayıncı ve eser jeneriği / BFI",https://www.bfi.org.uk/,"Film, dizi, oyun ve müzik eser bilgisi"
q54352,ent_games,"Resmî yapım, yayıncı ve eser jeneriği / BFI",https://www.bfi.org.uk/,"Film, dizi, oyun ve müzik eser bilgisi"
q54353,ent_games,"Resmî yapım, yayıncı ve eser jeneriği / BFI",https://www.bfi.org.uk/,"Film, dizi, oyun ve müzik eser bilgisi"
q54354,ent_games,"Resmî yapım, yayıncı ve eser jeneriği / BFI",https://www.bfi.org.uk/,"Film, dizi, oyun ve müzik eser bilgisi"
q54355,hist_britannica,Encyclopaedia Britannica / ilgili resmî arşiv,https://www.britannica.com/,Tarihsel bilgi
q54356,hist_britannica,Encyclopaedia Britannica / ilgili resmî arşiv,https://www.britannica.com/,Tarihsel bilgi
q54357,hist_britishmuseum,Encyclopaedia Britannica / ilgili resmî arşiv,https://www.britannica.com/,Tarihsel bilgi
q54358,hist_britannica,Encyclopaedia Britannica / ilgili resmî arşiv,https://www.britannica.com/,Tarihsel bilgi
q54359,hist_britannica,Encyclopaedia Britannica / ilgili resmî arşiv,https://www.britannica.com/,Tarihsel bilgi
q54360,hist_britannica,Encyclopaedia Britannica / ilgili resmî arşiv,https://www.britannica.com/,Tarihsel bilgi
q54361,hist_britannica,Encyclopaedia Britannica / ilgili resmî arşiv,https://www.britannica.com/,Tarihsel bilgi
q54362,hist_britannica,Encyclopaedia Britannica / ilgili resmî arşiv,https://www.britannica.com/,Tarihsel bilgi
q54363,hist_britannica,Encyclopaedia Britannica / ilgili resmî arşiv,https://www.britannica.com/,Tarihsel bilgi
q54364,hist_unesco,UNESCO,https://www.unesco.org/,"Kültürel miras, tarih ve gelenek"
q54365,hist_britannica,Encyclopaedia Britannica / ilgili resmî arşiv,https://www.britannica.com/,Tarihsel bilgi
q54366,hist_britannica,Encyclopaedia Britannica / ilgili resmî arşiv,https://www.britannica.com/,Tarihsel bilgi
q54367,hist_britannica,Encyclopaedia Britannica / ilgili resmî arşiv,https://www.britannica.com/,Tarihsel bilgi
q54368,hist_britannica,Encyclopaedia Britannica / ilgili resmî arşiv,https://www.britannica.com/,Tarihsel bilgi
q54369,hist_istanbul,Encyclopaedia Britannica / ilgili resmî arşiv,https://www.britannica.com/,Tarihsel bilgi
q54370,hist_ottoman,T.C. Kültür ve Turizm Bakanlığı / ilgili resmî arşiv,https://www.ktb.gov.tr/,"Türkiye kültürü, coğrafyası, sanat ve tarih"
q54371,hist_turkish_republic,T.C. Kültür ve Turizm Bakanlığı / ilgili resmî arşiv,https://www.ktb.gov.tr/,"Türkiye kültürü, coğrafyası, sanat ve tarih"
q54372,art_technique,"Britannica / ilgili müze, yayıncı veya eser kaydı",https://www.britannica.com/,Sanat ve edebiyat
q54373,art_technique,"Britannica / ilgili müze, yayıncı veya eser kaydı",https://www.britannica.com/,Sanat ve edebiyat
q54374,art_technique,"Britannica / ilgili müze, yayıncı veya eser kaydı",https://www.britannica.com/,Sanat ve edebiyat
q54375,art_technique,"Britannica / ilgili müze, yayıncı veya eser kaydı",https://www.britannica.com/,Sanat ve edebiyat
q54376,art_technique,"Britannica / ilgili müze, yayıncı veya eser kaydı",https://www.britannica.com/,Sanat ve edebiyat
q54377,art_technique,"Britannica / ilgili müze, yayıncı veya eser kaydı",https://www.britannica.com/,Sanat ve edebiyat
q54378,art_technique,"Britannica / ilgili müze, yayıncı veya eser kaydı",https://www.britannica.com/,Sanat ve edebiyat
q54379,art_technique,"Britannica / ilgili müze, yayıncı veya eser kaydı",https://www.britannica.com/,Sanat ve edebiyat
q54380,art_technique,"Britannica / ilgili müze, yayıncı veya eser kaydı",https://www.britannica.com/,Sanat ve edebiyat
q54381,art_technique,"Britannica / ilgili müze, yayıncı veya eser kaydı",https://www.britannica.com/,Sanat ve edebiyat
q54382,art_technique,"Britannica / ilgili müze, yayıncı veya eser kaydı",https://www.britannica.com/,Sanat ve edebiyat
q54383,art_technique,"Britannica / ilgili müze, yayıncı veya eser kaydı",https://www.britannica.com/,Sanat ve edebiyat
q54384,art_technique,"Britannica / ilgili müze, yayıncı veya eser kaydı",https://www.britannica.com/,Sanat ve edebiyat
q54385,art_technique,"Britannica / ilgili müze, yayıncı veya eser kaydı",https://www.britannica.com/,Sanat ve edebiyat
q54386,lit_britannica,"Britannica / ilgili müze, yayıncı veya eser kaydı",https://www.britannica.com/,Sanat ve edebiyat
q54387,lit_britannica,"Britannica / ilgili müze, yayıncı veya eser kaydı",https://www.britannica.com/,Sanat ve edebiyat
q54388,lit_britannica,"Britannica / ilgili müze, yayıncı veya eser kaydı",https://www.britannica.com/,Sanat ve edebiyat
q54389,sci_ocean,NOAA,https://www.noaa.gov/,"Okyanus, atmosfer ve deniz yaşamı"
q54390,sci_ocean,NOAA,https://www.noaa.gov/,"Okyanus, atmosfer ve deniz yaşamı"
q54391,sci_noaa,NOAA,https://www.noaa.gov/,"Okyanus, atmosfer ve deniz yaşamı"
q54392,sci_noaa,NOAA,https://www.noaa.gov/,"Okyanus, atmosfer ve deniz yaşamı"
q54393,sci_smithsonian,Smithsonian Institution,https://www.si.edu/,"Doğa tarihi, kültür ve tarih"
q54394,sci_smithsonian,Smithsonian Institution,https://www.si.edu/,"Doğa tarihi, kültür ve tarih"
q54395,sci_entomology,Britannica / ilgili bilim kurumu,https://www.britannica.com/science,Bilimsel genel bilgi
q54396,sci_smithsonian,Smithsonian Institution,https://www.si.edu/,"Doğa tarihi, kültür ve tarih"
q54397,sci_kew,"Royal Botanic Gardens, Kew",https://www.kew.org/,Bitki bilimi
q54398,sci_noaa,NOAA,https://www.noaa.gov/,"Okyanus, atmosfer ve deniz yaşamı"
q54399,sci_noaa,NOAA,https://www.noaa.gov/,"Okyanus, atmosfer ve deniz yaşamı"
q54400,sci_noaa,NOAA,https://www.noaa.gov/,"Okyanus, atmosfer ve deniz yaşamı"
q54401,sci_nasa,NASA,https://science.nasa.gov/,"Uzay, astronomi ve görev tarihi"
q54402,sci_nasa,NASA,https://science.nasa.gov/,"Uzay, astronomi ve görev tarihi"
q54403,sci_nasa,NASA,https://science.nasa.gov/,"Uzay, astronomi ve görev tarihi"
q54404,sci_nasa,NASA,https://science.nasa.gov/,"Uzay, astronomi ve görev tarihi"
q54405,sport_fifa,FIFA,https://www.fifa.com/,Futbol tarihi ve turnuvalar
q54406,sport_uefa,UEFA,https://www.uefa.com/,Avrupa futbolu
q54407,sport_uefa,UEFA,https://www.uefa.com/,Avrupa futbolu
q54408,sport_nba_rules,NBA,https://www.nba.com/,Basketbol kuralları ve tarihi
q54409,sport_nba_rules,NBA,https://www.nba.com/,Basketbol kuralları ve tarihi
q54410,sport_nba_rules,NBA,https://www.nba.com/,Basketbol kuralları ve tarihi
q54411,sport_itf,International Tennis Federation,https://www.itftennis.com/,Tenis kuralları ve tarihi
q54412,sport_itf,International Tennis Federation,https://www.itftennis.com/,Tenis kuralları ve tarihi
q54413,sport_fivb,FIVB,https://www.fivb.com/,Voleybol kuralları
q54414,sport_fivb,FIVB,https://www.fivb.com/,Voleybol kuralları
q54415,sport_fide,FIDE,https://www.fide.com/,Satranç kuralları
q54416,sport_fide,FIDE,https://www.fide.com/,Satranç kuralları
q54417,sport_fia,FIA,https://www.fia.com/,Motor sporları kuralları
q54418,sport_fia,FIA,https://www.fia.com/,Motor sporları kuralları
q54419,sport_boxing,İlgili uluslararası spor federasyonu,https://www.olympics.com/,Spor kuralı ve tarih kaydı
q54420,sport_boxing,İlgili uluslararası spor federasyonu,https://www.olympics.com/,Spor kuralı ve tarih kaydı
q54421,geo_britannica,Encyclopaedia Britannica / ilgili resmî coğrafya kurumu,https://www.britannica.com/,Coğrafya ve yer bilgisi
q54422,geo_britannica,Encyclopaedia Britannica / ilgili resmî coğrafya kurumu,https://www.britannica.com/,Coğrafya ve yer bilgisi
q54423,geo_worldfactbook,CIA World Factbook,https://www.cia.gov/the-world-factbook/,Ülke ve sınır bilgileri
q54424,geo_britannica,Encyclopaedia Britannica / ilgili resmî coğrafya kurumu,https://www.britannica.com/,Coğrafya ve yer bilgisi
q54425,geo_worldfactbook,CIA World Factbook,https://www.cia.gov/the-world-factbook/,Ülke ve sınır bilgileri
q54426,geo_britannica,Encyclopaedia Britannica / ilgili resmî coğrafya kurumu,https://www.britannica.com/,Coğrafya ve yer bilgisi
q54427,geo_britannica,Encyclopaedia Britannica / ilgili resmî coğrafya kurumu,https://www.britannica.com/,Coğrafya ve yer bilgisi
q54428,geo_britannica,Encyclopaedia Britannica / ilgili resmî coğrafya kurumu,https://www.britannica.com/,Coğrafya ve yer bilgisi
q54429,geo_britannica,Encyclopaedia Britannica / ilgili resmî coğrafya kurumu,https://www.britannica.com/,Coğrafya ve yer bilgisi
q54430,geo_worldfactbook,CIA World Factbook,https://www.cia.gov/the-world-factbook/,Ülke ve sınır bilgileri
q54431,geo_timezones,Encyclopaedia Britannica / ilgili resmî coğrafya kurumu,https://www.britannica.com/,Coğrafya ve yer bilgisi
q54432,geo_worldfactbook,CIA World Factbook,https://www.cia.gov/the-world-factbook/,Ülke ve sınır bilgileri
q54433,geo_worldfactbook,CIA World Factbook,https://www.cia.gov/the-world-factbook/,Ülke ve sınır bilgileri
q54434,geo_britannica,Encyclopaedia Britannica / ilgili resmî coğrafya kurumu,https://www.britannica.com/,Coğrafya ve yer bilgisi
q54435,geo_worldfactbook,CIA World Factbook,https://www.cia.gov/the-world-factbook/,Ülke ve sınır bilgileri
q54436,geo_worldfactbook,CIA World Factbook,https://www.cia.gov/the-world-factbook/,Ülke ve sınır bilgileri
q54437,geo_britannica,Encyclopaedia Britannica / ilgili resmî coğrafya kurumu,https://www.britannica.com/,Coğrafya ve yer bilgisi
q54438,ent_animation,"Resmî yapım, yayıncı ve eser jeneriği / BFI",https://www.bfi.org.uk/,"Film, dizi, oyun ve müzik eser bilgisi"
q54439,ent_animation,"Resmî yapım, yayıncı ve eser jeneriği / BFI",https://www.bfi.org.uk/,"Film, dizi, oyun ve müzik eser bilgisi"
q54440,ent_animation,"Resmî yapım, yayıncı ve eser jeneriği / BFI",https://www.bfi.org.uk/,"Film, dizi, oyun ve müzik eser bilgisi"
q54441,ent_animation,"Resmî yapım, yayıncı ve eser jeneriği / BFI",https://www.bfi.org.uk/,"Film, dizi, oyun ve müzik eser bilgisi"
q54442,ent_animation,"Resmî yapım, yayıncı ve eser jeneriği / BFI",https://www.bfi.org.uk/,"Film, dizi, oyun ve müzik eser bilgisi"
q54443,ent_animation,"Resmî yapım, yayıncı ve eser jeneriği / BFI",https://www.bfi.org.uk/,"Film, dizi, oyun ve müzik eser bilgisi"
q54444,ent_animation,"Resmî yapım, yayıncı ve eser jeneriği / BFI",https://www.bfi.org.uk/,"Film, dizi, oyun ve müzik eser bilgisi"
q54445,ent_animation,"Resmî yapım, yayıncı ve eser jeneriği / BFI",https://www.bfi.org.uk/,"Film, dizi, oyun ve müzik eser bilgisi"
q54446,ent_animation,"Resmî yapım, yayıncı ve eser jeneriği / BFI",https://www.bfi.org.uk/,"Film, dizi, oyun ve müzik eser bilgisi"
q54447,ent_animation,"Resmî yapım, yayıncı ve eser jeneriği / BFI",https://www.bfi.org.uk/,"Film, dizi, oyun ve müzik eser bilgisi"
q54448,ent_anime,"Resmî yapım, yayıncı ve eser jeneriği / BFI",https://www.bfi.org.uk/,"Film, dizi, oyun ve müzik eser bilgisi"
q54449,ent_anime,"Resmî yapım, yayıncı ve eser jeneriği / BFI",https://www.bfi.org.uk/,"Film, dizi, oyun ve müzik eser bilgisi"
q54450,ent_anime,"Resmî yapım, yayıncı ve eser jeneriği / BFI",https://www.bfi.org.uk/,"Film, dizi, oyun ve müzik eser bilgisi"
q54451,ent_anime,"Resmî yapım, yayıncı ve eser jeneriği / BFI",https://www.bfi.org.uk/,"Film, dizi, oyun ve müzik eser bilgisi"
q54452,ent_anime,"Resmî yapım, yayıncı ve eser jeneriği / BFI",https://www.bfi.org.uk/,"Film, dizi, oyun ve müzik eser bilgisi"
q54453,ent_anime,"Resmî yapım, yayıncı ve eser jeneriği / BFI",https://www.bfi.org.uk/,"Film, dizi, oyun ve müzik eser bilgisi"
q54454,ent_anime,"Resmî yapım, yayıncı ve eser jeneriği / BFI",https://www.bfi.org.uk/,"Film, dizi, oyun ve müzik eser bilgisi"
q54455,hist_britannica,Encyclopaedia Britannica / ilgili resmî arşiv,https://www.britannica.com/,Tarihsel bilgi
q54456,hist_britannica,Encyclopaedia Britannica / ilgili resmî arşiv,https://www.britannica.com/,Tarihsel bilgi
q54457,hist_britannica,Encyclopaedia Britannica / ilgili resmî arşiv,https://www.britannica.com/,Tarihsel bilgi
q54458,hist_britannica,Encyclopaedia Britannica / ilgili resmî arşiv,https://www.britannica.com/,Tarihsel bilgi
q54459,hist_britannica,Encyclopaedia Britannica / ilgili resmî arşiv,https://www.britannica.com/,Tarihsel bilgi
q54460,hist_britannica,Encyclopaedia Britannica / ilgili resmî arşiv,https://www.britannica.com/,Tarihsel bilgi
q54461,hist_britannica,Encyclopaedia Britannica / ilgili resmî arşiv,https://www.britannica.com/,Tarihsel bilgi
q54462,hist_britannica,Encyclopaedia Britannica / ilgili resmî arşiv,https://www.britannica.com/,Tarihsel bilgi
q54463,hist_nobel,Encyclopaedia Britannica / ilgili resmî arşiv,https://www.britannica.com/,Tarihsel bilgi
q54464,hist_nobel,Encyclopaedia Britannica / ilgili resmî arşiv,https://www.britannica.com/,Tarihsel bilgi
q54465,hist_britannica,Encyclopaedia Britannica / ilgili resmî arşiv,https://www.britannica.com/,Tarihsel bilgi
q54466,hist_britannica,Encyclopaedia Britannica / ilgili resmî arşiv,https://www.britannica.com/,Tarihsel bilgi
q54467,hist_britannica,Encyclopaedia Britannica / ilgili resmî arşiv,https://www.britannica.com/,Tarihsel bilgi
q54468,hist_britannica,Encyclopaedia Britannica / ilgili resmî arşiv,https://www.britannica.com/,Tarihsel bilgi
q54469,hist_redcross,Encyclopaedia Britannica / ilgili resmî arşiv,https://www.britannica.com/,Tarihsel bilgi
q54470,hist_smithsonian,Smithsonian Institution,https://www.si.edu/,"Doğa tarihi, kültür ve tarih"
q54471,hist_nps,U.S. National Park Service,https://www.nps.gov/,Millî parklar ve tarihî alanlar
q54472,lit_terms,"Britannica / ilgili müze, yayıncı veya eser kaydı",https://www.britannica.com/,Sanat ve edebiyat
q54473,lit_terms,"Britannica / ilgili müze, yayıncı veya eser kaydı",https://www.britannica.com/,Sanat ve edebiyat
q54474,lit_terms,"Britannica / ilgili müze, yayıncı veya eser kaydı",https://www.britannica.com/,Sanat ve edebiyat
q54475,lit_terms,"Britannica / ilgili müze, yayıncı veya eser kaydı",https://www.britannica.com/,Sanat ve edebiyat
q54476,lit_terms,"Britannica / ilgili müze, yayıncı veya eser kaydı",https://www.britannica.com/,Sanat ve edebiyat
q54477,lit_terms,"Britannica / ilgili müze, yayıncı veya eser kaydı",https://www.britannica.com/,Sanat ve edebiyat
q54478,lit_terms,"Britannica / ilgili müze, yayıncı veya eser kaydı",https://www.britannica.com/,Sanat ve edebiyat
q54479,lit_terms,"Britannica / ilgili müze, yayıncı veya eser kaydı",https://www.britannica.com/,Sanat ve edebiyat
q54480,lit_terms,"Britannica / ilgili müze, yayıncı veya eser kaydı",https://www.britannica.com/,Sanat ve edebiyat
q54481,lit_terms,"Britannica / ilgili müze, yayıncı veya eser kaydı",https://www.britannica.com/,Sanat ve edebiyat
q54482,lit_terms,"Britannica / ilgili müze, yayıncı veya eser kaydı",https://www.britannica.com/,Sanat ve edebiyat
q54483,lit_terms,"Britannica / ilgili müze, yayıncı veya eser kaydı",https://www.britannica.com/,Sanat ve edebiyat
q54484,lit_terms,"Britannica / ilgili müze, yayıncı veya eser kaydı",https://www.britannica.com/,Sanat ve edebiyat
q54485,lit_terms,"Britannica / ilgili müze, yayıncı veya eser kaydı",https://www.britannica.com/,Sanat ve edebiyat
q54486,lit_terms,"Britannica / ilgili müze, yayıncı veya eser kaydı",https://www.britannica.com/,Sanat ve edebiyat
q54487,lit_terms,"Britannica / ilgili müze, yayıncı veya eser kaydı",https://www.britannica.com/,Sanat ve edebiyat
q54488,lit_terms,"Britannica / ilgili müze, yayıncı veya eser kaydı",https://www.britannica.com/,Sanat ve edebiyat
q54489,sci_nih,NIH / NLM,https://www.nih.gov/,İnsan biyolojisi ve tıp tarihi
q54490,sci_nih,NIH / NLM,https://www.nih.gov/,İnsan biyolojisi ve tıp tarihi
q54491,sci_nih,NIH / NLM,https://www.nih.gov/,İnsan biyolojisi ve tıp tarihi
q54492,sci_nih,NIH / NLM,https://www.nih.gov/,İnsan biyolojisi ve tıp tarihi
q54493,sci_nih,NIH / NLM,https://www.nih.gov/,İnsan biyolojisi ve tıp tarihi
q54494,sci_nih,NIH / NLM,https://www.nih.gov/,İnsan biyolojisi ve tıp tarihi
q54495,sci_nih,NIH / NLM,https://www.nih.gov/,İnsan biyolojisi ve tıp tarihi
q54496,sci_nih,NIH / NLM,https://www.nih.gov/,İnsan biyolojisi ve tıp tarihi
q54497,sci_nih,NIH / NLM,https://www.nih.gov/,İnsan biyolojisi ve tıp tarihi
q54498,sci_nih,NIH / NLM,https://www.nih.gov/,İnsan biyolojisi ve tıp tarihi
q54499,sci_nih,NIH / NLM,https://www.nih.gov/,İnsan biyolojisi ve tıp tarihi
q54500,sci_nih,NIH / NLM,https://www.nih.gov/,İnsan biyolojisi ve tıp tarihi
q54501,sci_nih,NIH / NLM,https://www.nih.gov/,İnsan biyolojisi ve tıp tarihi
q54502,sci_nih,NIH / NLM,https://www.nih.gov/,İnsan biyolojisi ve tıp tarihi
q54503,sci_nih,NIH / NLM,https://www.nih.gov/,İnsan biyolojisi ve tıp tarihi
q54504,sci_nih,NIH / NLM,https://www.nih.gov/,İnsan biyolojisi ve tıp tarihi
q54505,sport_worldathletics,World Athletics,https://worldathletics.org/,Atletizm kuralları ve tarihi
q54506,sport_worldathletics,World Athletics,https://worldathletics.org/,Atletizm kuralları ve tarihi
q54507,sport_worldathletics,World Athletics,https://worldathletics.org/,Atletizm kuralları ve tarihi
q54508,sport_worldathletics,World Athletics,https://worldathletics.org/,Atletizm kuralları ve tarihi
q54509,sport_worldathletics,World Athletics,https://worldathletics.org/,Atletizm kuralları ve tarihi
q54510,sport_worldathletics,World Athletics,https://worldathletics.org/,Atletizm kuralları ve tarihi
q54511,sport_worldathletics,World Athletics,https://worldathletics.org/,Atletizm kuralları ve tarihi
q54512,sport_worldathletics,World Athletics,https://worldathletics.org/,Atletizm kuralları ve tarihi
q54513,sport_worldathletics,World Athletics,https://worldathletics.org/,Atletizm kuralları ve tarihi
q54514,sport_worldathletics,World Athletics,https://worldathletics.org/,Atletizm kuralları ve tarihi
q54515,sport_worldathletics,World Athletics,https://worldathletics.org/,Atletizm kuralları ve tarihi
q54516,sport_worldathletics,World Athletics,https://worldathletics.org/,Atletizm kuralları ve tarihi
q54517,sport_worldathletics,World Athletics,https://worldathletics.org/,Atletizm kuralları ve tarihi
q54518,sport_worldathletics,World Athletics,https://worldathletics.org/,Atletizm kuralları ve tarihi
q54519,sport_worldathletics,World Athletics,https://worldathletics.org/,Atletizm kuralları ve tarihi
q54520,sport_olympics,Olympics,https://www.olympics.com/,Olimpiyat tarihi ve sporcular
q54521,geo_britannica,Encyclopaedia Britannica / ilgili resmî coğrafya kurumu,https://www.britannica.com/,Coğrafya ve yer bilgisi
q54522,geo_unep,Encyclopaedia Britannica / ilgili resmî coğrafya kurumu,https://www.britannica.com/,Coğrafya ve yer bilgisi
q54523,geo_britannica,Encyclopaedia Britannica / ilgili resmî coğrafya kurumu,https://www.britannica.com/,Coğrafya ve yer bilgisi
q54524,geo_britannica,Encyclopaedia Britannica / ilgili resmî coğrafya kurumu,https://www.britannica.com/,Coğrafya ve yer bilgisi
q54525,geo_britannica,Encyclopaedia Britannica / ilgili resmî coğrafya kurumu,https://www.britannica.com/,Coğrafya ve yer bilgisi
q54526,geo_britannica,Encyclopaedia Britannica / ilgili resmî coğrafya kurumu,https://www.britannica.com/,Coğrafya ve yer bilgisi
q54527,geo_britannica,Encyclopaedia Britannica / ilgili resmî coğrafya kurumu,https://www.britannica.com/,Coğrafya ve yer bilgisi
q54528,geo_britannica,Encyclopaedia Britannica / ilgili resmî coğrafya kurumu,https://www.britannica.com/,Coğrafya ve yer bilgisi
q54529,geo_britannica,Encyclopaedia Britannica / ilgili resmî coğrafya kurumu,https://www.britannica.com/,Coğrafya ve yer bilgisi
q54530,geo_britannica,Encyclopaedia Britannica / ilgili resmî coğrafya kurumu,https://www.britannica.com/,Coğrafya ve yer bilgisi
q54531,geo_britannica,Encyclopaedia Britannica / ilgili resmî coğrafya kurumu,https://www.britannica.com/,Coğrafya ve yer bilgisi
q54532,geo_eurotunnel,Encyclopaedia Britannica / ilgili resmî coğrafya kurumu,https://www.britannica.com/,Coğrafya ve yer bilgisi
q54533,geo_britannica,Encyclopaedia Britannica / ilgili resmî coğrafya kurumu,https://www.britannica.com/,Coğrafya ve yer bilgisi
q54534,geo_britannica,Encyclopaedia Britannica / ilgili resmî coğrafya kurumu,https://www.britannica.com/,Coğrafya ve yer bilgisi
q54535,geo_turkey,T.C. Kültür ve Turizm Bakanlığı / ilgili resmî arşiv,https://www.ktb.gov.tr/,"Türkiye kültürü, coğrafyası, sanat ve tarih"
q54536,geo_britannica,Encyclopaedia Britannica / ilgili resmî coğrafya kurumu,https://www.britannica.com/,Coğrafya ve yer bilgisi
q54537,geo_britannica,Encyclopaedia Britannica / ilgili resmî coğrafya kurumu,https://www.britannica.com/,Coğrafya ve yer bilgisi
q54538,ent_music,"Resmî yapım, yayıncı ve eser jeneriği / BFI",https://www.bfi.org.uk/,"Film, dizi, oyun ve müzik eser bilgisi"
q54539,ent_music,"Resmî yapım, yayıncı ve eser jeneriği / BFI",https://www.bfi.org.uk/,"Film, dizi, oyun ve müzik eser bilgisi"
q54540,ent_music,"Resmî yapım, yayıncı ve eser jeneriği / BFI",https://www.bfi.org.uk/,"Film, dizi, oyun ve müzik eser bilgisi"
q54541,ent_music,"Resmî yapım, yayıncı ve eser jeneriği / BFI",https://www.bfi.org.uk/,"Film, dizi, oyun ve müzik eser bilgisi"
q54542,ent_music,"Resmî yapım, yayıncı ve eser jeneriği / BFI",https://www.bfi.org.uk/,"Film, dizi, oyun ve müzik eser bilgisi"
q54543,ent_music,"Resmî yapım, yayıncı ve eser jeneriği / BFI",https://www.bfi.org.uk/,"Film, dizi, oyun ve müzik eser bilgisi"
q54544,ent_music,"Resmî yapım, yayıncı ve eser jeneriği / BFI",https://www.bfi.org.uk/,"Film, dizi, oyun ve müzik eser bilgisi"
q54545,ent_music,"Resmî yapım, yayıncı ve eser jeneriği / BFI",https://www.bfi.org.uk/,"Film, dizi, oyun ve müzik eser bilgisi"
q54546,ent_music,"Resmî yapım, yayıncı ve eser jeneriği / BFI",https://www.bfi.org.uk/,"Film, dizi, oyun ve müzik eser bilgisi"
q54547,ent_music,"Resmî yapım, yayıncı ve eser jeneriği / BFI",https://www.bfi.org.uk/,"Film, dizi, oyun ve müzik eser bilgisi"
q54548,ent_music,"Resmî yapım, yayıncı ve eser jeneriği / BFI",https://www.bfi.org.uk/,"Film, dizi, oyun ve müzik eser bilgisi"
q54549,ent_turkish_music,T.C. Kültür ve Turizm Bakanlığı / ilgili resmî arşiv,https://www.ktb.gov.tr/,"Türkiye kültürü, coğrafyası, sanat ve tarih"
q54550,ent_turkish_music,T.C. Kültür ve Turizm Bakanlığı / ilgili resmî arşiv,https://www.ktb.gov.tr/,"Türkiye kültürü, coğrafyası, sanat ve tarih"
q54551,ent_turkish_music,T.C. Kültür ve Turizm Bakanlığı / ilgili resmî arşiv,https://www.ktb.gov.tr/,"Türkiye kültürü, coğrafyası, sanat ve tarih"
q54552,ent_turkish_music,T.C. Kültür ve Turizm Bakanlığı / ilgili resmî arşiv,https://www.ktb.gov.tr/,"Türkiye kültürü, coğrafyası, sanat ve tarih"
q54553,ent_turkish_music,T.C. Kültür ve Turizm Bakanlığı / ilgili resmî arşiv,https://www.ktb.gov.tr/,"Türkiye kültürü, coğrafyası, sanat ve tarih"
q54554,ent_turkish_music,T.C. Kültür ve Turizm Bakanlığı / ilgili resmî arşiv,https://www.ktb.gov.tr/,"Türkiye kültürü, coğrafyası, sanat ve tarih"
q54555,hist_britannica,Encyclopaedia Britannica / ilgili resmî arşiv,https://www.britannica.com/,Tarihsel bilgi
q54556,hist_britannica,Encyclopaedia Britannica / ilgili resmî arşiv,https://www.britannica.com/,Tarihsel bilgi
q54557,hist_britannica,Encyclopaedia Britannica / ilgili resmî arşiv,https://www.britannica.com/,Tarihsel bilgi
q54558,hist_unesco,UNESCO,https://www.unesco.org/,"Kültürel miras, tarih ve gelenek"
q54559,hist_vatican,Encyclopaedia Britannica / ilgili resmî arşiv,https://www.britannica.com/,Tarihsel bilgi
q54560,hist_britannica,Encyclopaedia Britannica / ilgili resmî arşiv,https://www.britannica.com/,Tarihsel bilgi
q54561,hist_britannica,Encyclopaedia Britannica / ilgili resmî arşiv,https://www.britannica.com/,Tarihsel bilgi
q54562,hist_britannica,Encyclopaedia Britannica / ilgili resmî arşiv,https://www.britannica.com/,Tarihsel bilgi
q54563,hist_unesco,UNESCO,https://www.unesco.org/,"Kültürel miras, tarih ve gelenek"
q54564,hist_ottoman,T.C. Kültür ve Turizm Bakanlığı / ilgili resmî arşiv,https://www.ktb.gov.tr/,"Türkiye kültürü, coğrafyası, sanat ve tarih"
q54565,hist_ottoman,T.C. Kültür ve Turizm Bakanlığı / ilgili resmî arşiv,https://www.ktb.gov.tr/,"Türkiye kültürü, coğrafyası, sanat ve tarih"
q54566,hist_ottoman,T.C. Kültür ve Turizm Bakanlığı / ilgili resmî arşiv,https://www.ktb.gov.tr/,"Türkiye kültürü, coğrafyası, sanat ve tarih"
q54567,hist_ottoman,T.C. Kültür ve Turizm Bakanlığı / ilgili resmî arşiv,https://www.ktb.gov.tr/,"Türkiye kültürü, coğrafyası, sanat ve tarih"
q54568,hist_ottoman,T.C. Kültür ve Turizm Bakanlığı / ilgili resmî arşiv,https://www.ktb.gov.tr/,"Türkiye kültürü, coğrafyası, sanat ve tarih"
q54569,hist_ottoman,T.C. Kültür ve Turizm Bakanlığı / ilgili resmî arşiv,https://www.ktb.gov.tr/,"Türkiye kültürü, coğrafyası, sanat ve tarih"
q54570,hist_turkish_republic,T.C. Kültür ve Turizm Bakanlığı / ilgili resmî arşiv,https://www.ktb.gov.tr/,"Türkiye kültürü, coğrafyası, sanat ve tarih"
q54571,hist_turkish_republic,T.C. Kültür ve Turizm Bakanlığı / ilgili resmî arşiv,https://www.ktb.gov.tr/,"Türkiye kültürü, coğrafyası, sanat ve tarih"
q54572,art_music,"Britannica / ilgili müze, yayıncı veya eser kaydı",https://www.britannica.com/,Sanat ve edebiyat
q54573,art_music,"Britannica / ilgili müze, yayıncı veya eser kaydı",https://www.britannica.com/,Sanat ve edebiyat
q54574,art_music,"Britannica / ilgili müze, yayıncı veya eser kaydı",https://www.britannica.com/,Sanat ve edebiyat
q54575,art_music,"Britannica / ilgili müze, yayıncı veya eser kaydı",https://www.britannica.com/,Sanat ve edebiyat
q54576,art_music,"Britannica / ilgili müze, yayıncı veya eser kaydı",https://www.britannica.com/,Sanat ve edebiyat
q54577,art_music,"Britannica / ilgili müze, yayıncı veya eser kaydı",https://www.britannica.com/,Sanat ve edebiyat
q54578,art_music,"Britannica / ilgili müze, yayıncı veya eser kaydı",https://www.britannica.com/,Sanat ve edebiyat
q54579,art_music,"Britannica / ilgili müze, yayıncı veya eser kaydı",https://www.britannica.com/,Sanat ve edebiyat
q54580,art_music,"Britannica / ilgili müze, yayıncı veya eser kaydı",https://www.britannica.com/,Sanat ve edebiyat
q54581,art_music,"Britannica / ilgili müze, yayıncı veya eser kaydı",https://www.britannica.com/,Sanat ve edebiyat
q54582,art_music,"Britannica / ilgili müze, yayıncı veya eser kaydı",https://www.britannica.com/,Sanat ve edebiyat
q54583,art_music,"Britannica / ilgili müze, yayıncı veya eser kaydı",https://www.britannica.com/,Sanat ve edebiyat
q54584,art_music,"Britannica / ilgili müze, yayıncı veya eser kaydı",https://www.britannica.com/,Sanat ve edebiyat
q54585,art_music,"Britannica / ilgili müze, yayıncı veya eser kaydı",https://www.britannica.com/,Sanat ve edebiyat
q54586,lit_turkish,T.C. Kültür ve Turizm Bakanlığı / ilgili resmî arşiv,https://www.ktb.gov.tr/,"Türkiye kültürü, coğrafyası, sanat ve tarih"
q54587,lit_turkish,T.C. Kültür ve Turizm Bakanlığı / ilgili resmî arşiv,https://www.ktb.gov.tr/,"Türkiye kültürü, coğrafyası, sanat ve tarih"
q54588,lit_turkish,T.C. Kültür ve Turizm Bakanlığı / ilgili resmî arşiv,https://www.ktb.gov.tr/,"Türkiye kültürü, coğrafyası, sanat ve tarih"
q54589,sci_noaa,NOAA,https://www.noaa.gov/,"Okyanus, atmosfer ve deniz yaşamı"
q54590,sci_nasa,NASA,https://science.nasa.gov/,"Uzay, astronomi ve görev tarihi"
q54591,sci_noaa,NOAA,https://www.noaa.gov/,"Okyanus, atmosfer ve deniz yaşamı"
q54592,sci_noaa,NOAA,https://www.noaa.gov/,"Okyanus, atmosfer ve deniz yaşamı"
q54593,sci_noaa,NOAA,https://www.noaa.gov/,"Okyanus, atmosfer ve deniz yaşamı"
q54594,sci_noaa,NOAA,https://www.noaa.gov/,"Okyanus, atmosfer ve deniz yaşamı"
q54595,sci_noaa,NOAA,https://www.noaa.gov/,"Okyanus, atmosfer ve deniz yaşamı"
q54596,sci_britannica,Britannica / ilgili bilim kurumu,https://www.britannica.com/science,Bilimsel genel bilgi
q54597,sci_britannica,Britannica / ilgili bilim kurumu,https://www.britannica.com/science,Bilimsel genel bilgi
q54598,sci_britannica,Britannica / ilgili bilim kurumu,https://www.britannica.com/science,Bilimsel genel bilgi
q54599,sci_fda,U.S. FDA,https://www.fda.gov/,Gıda ve günlük bilim
q54600,sci_britannica,Britannica / ilgili bilim kurumu,https://www.britannica.com/science,Bilimsel genel bilgi
q54601,sci_britannica,Britannica / ilgili bilim kurumu,https://www.britannica.com/science,Bilimsel genel bilgi
q54602,sci_britannica,Britannica / ilgili bilim kurumu,https://www.britannica.com/science,Bilimsel genel bilgi
q54603,sci_chemistry,Britannica / ilgili bilim kurumu,https://www.britannica.com/science,Bilimsel genel bilgi
q54604,sci_chemistry,Britannica / ilgili bilim kurumu,https://www.britannica.com/science,Bilimsel genel bilgi
q54605,sport_uefa,UEFA,https://www.uefa.com/,Avrupa futbolu
q54606,sport_uefa,UEFA,https://www.uefa.com/,Avrupa futbolu
q54607,sport_uefa,UEFA,https://www.uefa.com/,Avrupa futbolu
q54608,sport_fifa,FIFA,https://www.fifa.com/,Futbol tarihi ve turnuvalar
q54609,sport_fifa,FIFA,https://www.fifa.com/,Futbol tarihi ve turnuvalar
q54610,sport_nba_rules,NBA,https://www.nba.com/,Basketbol kuralları ve tarihi
q54611,sport_nba_rules,NBA,https://www.nba.com/,Basketbol kuralları ve tarihi
q54612,sport_nba_rules,NBA,https://www.nba.com/,Basketbol kuralları ve tarihi
q54613,sport_itf,International Tennis Federation,https://www.itftennis.com/,Tenis kuralları ve tarihi
q54614,sport_itf,International Tennis Federation,https://www.itftennis.com/,Tenis kuralları ve tarihi
q54615,sport_itf,International Tennis Federation,https://www.itftennis.com/,Tenis kuralları ve tarihi
q54616,sport_fivb,FIVB,https://www.fivb.com/,Voleybol kuralları
q54617,sport_fivb,FIVB,https://www.fivb.com/,Voleybol kuralları
q54618,sport_fide,FIDE,https://www.fide.com/,Satranç kuralları
q54619,sport_fide,FIDE,https://www.fide.com/,Satranç kuralları
q54620,sport_fide,FIDE,https://www.fide.com/,Satranç kuralları
q54621,geo_britannica,Encyclopaedia Britannica / ilgili resmî coğrafya kurumu,https://www.britannica.com/,Coğrafya ve yer bilgisi
q54622,geo_norway,Encyclopaedia Britannica / ilgili resmî coğrafya kurumu,https://www.britannica.com/,Coğrafya ve yer bilgisi
q54623,geo_britannica,Encyclopaedia Britannica / ilgili resmî coğrafya kurumu,https://www.britannica.com/,Coğrafya ve yer bilgisi
q54624,geo_noaa,NOAA,https://www.noaa.gov/,"Okyanus, atmosfer ve deniz yaşamı"
q54625,geo_britannica,Encyclopaedia Britannica / ilgili resmî coğrafya kurumu,https://www.britannica.com/,Coğrafya ve yer bilgisi
q54626,geo_britannica,Encyclopaedia Britannica / ilgili resmî coğrafya kurumu,https://www.britannica.com/,Coğrafya ve yer bilgisi
q54627,geo_noaa,NOAA,https://www.noaa.gov/,"Okyanus, atmosfer ve deniz yaşamı"
q54628,geo_namibia,Encyclopaedia Britannica / ilgili resmî coğrafya kurumu,https://www.britannica.com/,Coğrafya ve yer bilgisi
q54629,geo_france,Encyclopaedia Britannica / ilgili resmî coğrafya kurumu,https://www.britannica.com/,Coğrafya ve yer bilgisi
q54630,geo_peru,Encyclopaedia Britannica / ilgili resmî coğrafya kurumu,https://www.britannica.com/,Coğrafya ve yer bilgisi
q54631,geo_hawaii,Encyclopaedia Britannica / ilgili resmî coğrafya kurumu,https://www.britannica.com/,Coğrafya ve yer bilgisi
q54632,geo_turkey,T.C. Kültür ve Turizm Bakanlığı / ilgili resmî arşiv,https://www.ktb.gov.tr/,"Türkiye kültürü, coğrafyası, sanat ve tarih"
q54633,geo_turkey,T.C. Kültür ve Turizm Bakanlığı / ilgili resmî arşiv,https://www.ktb.gov.tr/,"Türkiye kültürü, coğrafyası, sanat ve tarih"
q54634,geo_turkey,T.C. Kültür ve Turizm Bakanlığı / ilgili resmî arşiv,https://www.ktb.gov.tr/,"Türkiye kültürü, coğrafyası, sanat ve tarih"
q54635,geo_turkey,T.C. Kültür ve Turizm Bakanlığı / ilgili resmî arşiv,https://www.ktb.gov.tr/,"Türkiye kültürü, coğrafyası, sanat ve tarih"
q54636,geo_unesco,UNESCO,https://www.unesco.org/,"Kültürel miras, tarih ve gelenek"
q54637,geo_turkey,T.C. Kültür ve Turizm Bakanlığı / ilgili resmî arşiv,https://www.ktb.gov.tr/,"Türkiye kültürü, coğrafyası, sanat ve tarih"
q54638,ent_tv,"Resmî yapım, yayıncı ve eser jeneriği / BFI",https://www.bfi.org.uk/,"Film, dizi, oyun ve müzik eser bilgisi"
q54639,ent_tv,"Resmî yapım, yayıncı ve eser jeneriği / BFI",https://www.bfi.org.uk/,"Film, dizi, oyun ve müzik eser bilgisi"
q54640,ent_tv,"Resmî yapım, yayıncı ve eser jeneriği / BFI",https://www.bfi.org.uk/,"Film, dizi, oyun ve müzik eser bilgisi"
q54641,ent_tv,"Resmî yapım, yayıncı ve eser jeneriği / BFI",https://www.bfi.org.uk/,"Film, dizi, oyun ve müzik eser bilgisi"
q54642,ent_tv,"Resmî yapım, yayıncı ve eser jeneriği / BFI",https://www.bfi.org.uk/,"Film, dizi, oyun ve müzik eser bilgisi"
q54643,ent_tv,"Resmî yapım, yayıncı ve eser jeneriği / BFI",https://www.bfi.org.uk/,"Film, dizi, oyun ve müzik eser bilgisi"
q54644,ent_tv,"Resmî yapım, yayıncı ve eser jeneriği / BFI",https://www.bfi.org.uk/,"Film, dizi, oyun ve müzik eser bilgisi"
q54645,ent_tv,"Resmî yapım, yayıncı ve eser jeneriği / BFI",https://www.bfi.org.uk/,"Film, dizi, oyun ve müzik eser bilgisi"
q54646,ent_tv,"Resmî yapım, yayıncı ve eser jeneriği / BFI",https://www.bfi.org.uk/,"Film, dizi, oyun ve müzik eser bilgisi"
q54647,ent_tv,"Resmî yapım, yayıncı ve eser jeneriği / BFI",https://www.bfi.org.uk/,"Film, dizi, oyun ve müzik eser bilgisi"
q54648,ent_tv,"Resmî yapım, yayıncı ve eser jeneriği / BFI",https://www.bfi.org.uk/,"Film, dizi, oyun ve müzik eser bilgisi"
q54649,ent_tv,"Resmî yapım, yayıncı ve eser jeneriği / BFI",https://www.bfi.org.uk/,"Film, dizi, oyun ve müzik eser bilgisi"
q54650,ent_tv,"Resmî yapım, yayıncı ve eser jeneriği / BFI",https://www.bfi.org.uk/,"Film, dizi, oyun ve müzik eser bilgisi"
q54651,ent_tv,"Resmî yapım, yayıncı ve eser jeneriği / BFI",https://www.bfi.org.uk/,"Film, dizi, oyun ve müzik eser bilgisi"
q54652,ent_tv,"Resmî yapım, yayıncı ve eser jeneriği / BFI",https://www.bfi.org.uk/,"Film, dizi, oyun ve müzik eser bilgisi"
q54653,ent_tv,"Resmî yapım, yayıncı ve eser jeneriği / BFI",https://www.bfi.org.uk/,"Film, dizi, oyun ve müzik eser bilgisi"
q54654,ent_tv,"Resmî yapım, yayıncı ve eser jeneriği / BFI",https://www.bfi.org.uk/,"Film, dizi, oyun ve müzik eser bilgisi"
q54655,hist_medicine,NIH / NLM,https://www.nih.gov/,İnsan biyolojisi ve tıp tarihi
q54656,hist_nobel,Encyclopaedia Britannica / ilgili resmî arşiv,https://www.britannica.com/,Tarihsel bilgi
q54657,hist_nobel,Encyclopaedia Britannica / ilgili resmî arşiv,https://www.britannica.com/,Tarihsel bilgi
q54658,hist_britannica,Encyclopaedia Britannica / ilgili resmî arşiv,https://www.britannica.com/,Tarihsel bilgi
q54659,hist_britannica,Encyclopaedia Britannica / ilgili resmî arşiv,https://www.britannica.com/,Tarihsel bilgi
q54660,hist_nobel,Encyclopaedia Britannica / ilgili resmî arşiv,https://www.britannica.com/,Tarihsel bilgi
q54661,hist_nobel,Encyclopaedia Britannica / ilgili resmî arşiv,https://www.britannica.com/,Tarihsel bilgi
q54662,hist_britannica,Encyclopaedia Britannica / ilgili resmî arşiv,https://www.britannica.com/,Tarihsel bilgi
q54663,hist_britannica,Encyclopaedia Britannica / ilgili resmî arşiv,https://www.britannica.com/,Tarihsel bilgi
q54664,hist_britannica,Encyclopaedia Britannica / ilgili resmî arşiv,https://www.britannica.com/,Tarihsel bilgi
q54665,hist_britannica,Encyclopaedia Britannica / ilgili resmî arşiv,https://www.britannica.com/,Tarihsel bilgi
q54666,hist_britannica,Encyclopaedia Britannica / ilgili resmî arşiv,https://www.britannica.com/,Tarihsel bilgi
q54667,hist_britannica,Encyclopaedia Britannica / ilgili resmî arşiv,https://www.britannica.com/,Tarihsel bilgi
q54668,hist_britannica,Encyclopaedia Britannica / ilgili resmî arşiv,https://www.britannica.com/,Tarihsel bilgi
q54669,hist_britannica,Encyclopaedia Britannica / ilgili resmî arşiv,https://www.britannica.com/,Tarihsel bilgi
q54670,hist_britannica,Encyclopaedia Britannica / ilgili resmî arşiv,https://www.britannica.com/,Tarihsel bilgi
q54671,hist_britannica,Encyclopaedia Britannica / ilgili resmî arşiv,https://www.britannica.com/,Tarihsel bilgi
q54672,art_architecture,"Britannica / ilgili müze, yayıncı veya eser kaydı",https://www.britannica.com/,Sanat ve edebiyat
q54673,art_architecture,"Britannica / ilgili müze, yayıncı veya eser kaydı",https://www.britannica.com/,Sanat ve edebiyat
q54674,art_architecture,"Britannica / ilgili müze, yayıncı veya eser kaydı",https://www.britannica.com/,Sanat ve edebiyat
q54675,art_architecture,"Britannica / ilgili müze, yayıncı veya eser kaydı",https://www.britannica.com/,Sanat ve edebiyat
q54676,art_architecture,"Britannica / ilgili müze, yayıncı veya eser kaydı",https://www.britannica.com/,Sanat ve edebiyat
q54677,art_architecture,"Britannica / ilgili müze, yayıncı veya eser kaydı",https://www.britannica.com/,Sanat ve edebiyat
q54678,art_architecture,"Britannica / ilgili müze, yayıncı veya eser kaydı",https://www.britannica.com/,Sanat ve edebiyat
q54679,art_architecture,"Britannica / ilgili müze, yayıncı veya eser kaydı",https://www.britannica.com/,Sanat ve edebiyat
q54680,art_architecture,"Britannica / ilgili müze, yayıncı veya eser kaydı",https://www.britannica.com/,Sanat ve edebiyat
q54681,art_architecture,"Britannica / ilgili müze, yayıncı veya eser kaydı",https://www.britannica.com/,Sanat ve edebiyat
q54682,art_architecture,"Britannica / ilgili müze, yayıncı veya eser kaydı",https://www.britannica.com/,Sanat ve edebiyat
q54683,art_architecture,"Britannica / ilgili müze, yayıncı veya eser kaydı",https://www.britannica.com/,Sanat ve edebiyat
q54684,art_architecture,"Britannica / ilgili müze, yayıncı veya eser kaydı",https://www.britannica.com/,Sanat ve edebiyat
q54685,art_architecture,"Britannica / ilgili müze, yayıncı veya eser kaydı",https://www.britannica.com/,Sanat ve edebiyat
q54686,art_architecture,"Britannica / ilgili müze, yayıncı veya eser kaydı",https://www.britannica.com/,Sanat ve edebiyat
q54687,art_architecture,"Britannica / ilgili müze, yayıncı veya eser kaydı",https://www.britannica.com/,Sanat ve edebiyat
q54688,art_architecture,"Britannica / ilgili müze, yayıncı veya eser kaydı",https://www.britannica.com/,Sanat ve edebiyat
q54689,sci_chemistry,Britannica / ilgili bilim kurumu,https://www.britannica.com/science,Bilimsel genel bilgi
q54690,sci_chemistry,Britannica / ilgili bilim kurumu,https://www.britannica.com/science,Bilimsel genel bilgi
q54691,sci_chemistry,Britannica / ilgili bilim kurumu,https://www.britannica.com/science,Bilimsel genel bilgi
q54692,sci_nasa,NASA,https://science.nasa.gov/,"Uzay, astronomi ve görev tarihi"
q54693,sci_usgs,USGS,https://www.usgs.gov/,"Jeoloji, yanardağ ve doğal oluşumlar"
q54694,sci_nih,NIH / NLM,https://www.nih.gov/,İnsan biyolojisi ve tıp tarihi
q54695,sci_chemistry,Britannica / ilgili bilim kurumu,https://www.britannica.com/science,Bilimsel genel bilgi
q54696,sci_chemistry,Britannica / ilgili bilim kurumu,https://www.britannica.com/science,Bilimsel genel bilgi
q54697,sci_chemistry,Britannica / ilgili bilim kurumu,https://www.britannica.com/science,Bilimsel genel bilgi
q54698,sci_chemistry,Britannica / ilgili bilim kurumu,https://www.britannica.com/science,Bilimsel genel bilgi
q54699,sci_chemistry,Britannica / ilgili bilim kurumu,https://www.britannica.com/science,Bilimsel genel bilgi
q54700,sci_chemistry,Britannica / ilgili bilim kurumu,https://www.britannica.com/science,Bilimsel genel bilgi
q54701,sci_chemistry,Britannica / ilgili bilim kurumu,https://www.britannica.com/science,Bilimsel genel bilgi
q54702,sci_chemistry,Britannica / ilgili bilim kurumu,https://www.britannica.com/science,Bilimsel genel bilgi
q54703,sci_chemistry,Britannica / ilgili bilim kurumu,https://www.britannica.com/science,Bilimsel genel bilgi
q54704,sci_chemistry,Britannica / ilgili bilim kurumu,https://www.britannica.com/science,Bilimsel genel bilgi
q54705,sport_worldaquatics,World Aquatics,https://www.worldaquatics.com/,Yüzme ve su sporları
q54706,sport_worldaquatics,World Aquatics,https://www.worldaquatics.com/,Yüzme ve su sporları
q54707,sport_worldaquatics,World Aquatics,https://www.worldaquatics.com/,Yüzme ve su sporları
q54708,sport_worldaquatics,World Aquatics,https://www.worldaquatics.com/,Yüzme ve su sporları
q54709,sport_worldaquatics,World Aquatics,https://www.worldaquatics.com/,Yüzme ve su sporları
q54710,sport_worldaquatics,World Aquatics,https://www.worldaquatics.com/,Yüzme ve su sporları
q54711,sport_worldaquatics,World Aquatics,https://www.worldaquatics.com/,Yüzme ve su sporları
q54712,sport_worldaquatics,World Aquatics,https://www.worldaquatics.com/,Yüzme ve su sporları
q54713,sport_worldaquatics,World Aquatics,https://www.worldaquatics.com/,Yüzme ve su sporları
q54714,sport_worldaquatics,World Aquatics,https://www.worldaquatics.com/,Yüzme ve su sporları
q54715,sport_worldrowing,World Rowing,https://worldrowing.com/,Kürek sporu
q54716,sport_canoe,International Canoe Federation,https://www.canoeicf.com/,Kano ve kayak
q54717,sport_canoe,International Canoe Federation,https://www.canoeicf.com/,Kano ve kayak
q54718,sport_sailing,World Sailing,https://www.sailing.org/,Yelken
q54719,sport_surfing,İlgili uluslararası spor federasyonu,https://www.olympics.com/,Spor kuralı ve tarih kaydı
q54720,sport_diving,İlgili uluslararası spor federasyonu,https://www.olympics.com/,Spor kuralı ve tarih kaydı
q54721,geo_unesco,UNESCO,https://www.unesco.org/,"Kültürel miras, tarih ve gelenek"
q54722,geo_unesco,UNESCO,https://www.unesco.org/,"Kültürel miras, tarih ve gelenek"
q54723,geo_unesco,UNESCO,https://www.unesco.org/,"Kültürel miras, tarih ve gelenek"
q54724,geo_unesco,UNESCO,https://www.unesco.org/,"Kültürel miras, tarih ve gelenek"
q54725,geo_unesco,UNESCO,https://www.unesco.org/,"Kültürel miras, tarih ve gelenek"
q54726,geo_unesco,UNESCO,https://www.unesco.org/,"Kültürel miras, tarih ve gelenek"
q54727,geo_unesco,UNESCO,https://www.unesco.org/,"Kültürel miras, tarih ve gelenek"
q54728,geo_unesco,UNESCO,https://www.unesco.org/,"Kültürel miras, tarih ve gelenek"
q54729,geo_unesco,UNESCO,https://www.unesco.org/,"Kültürel miras, tarih ve gelenek"
q54730,geo_turkey,T.C. Kültür ve Turizm Bakanlığı / ilgili resmî arşiv,https://www.ktb.gov.tr/,"Türkiye kültürü, coğrafyası, sanat ve tarih"
q54731,geo_turkey,T.C. Kültür ve Turizm Bakanlığı / ilgili resmî arşiv,https://www.ktb.gov.tr/,"Türkiye kültürü, coğrafyası, sanat ve tarih"
q54732,geo_turkey,T.C. Kültür ve Turizm Bakanlığı / ilgili resmî arşiv,https://www.ktb.gov.tr/,"Türkiye kültürü, coğrafyası, sanat ve tarih"
q54733,geo_turkey,T.C. Kültür ve Turizm Bakanlığı / ilgili resmî arşiv,https://www.ktb.gov.tr/,"Türkiye kültürü, coğrafyası, sanat ve tarih"
q54734,geo_turkey,T.C. Kültür ve Turizm Bakanlığı / ilgili resmî arşiv,https://www.ktb.gov.tr/,"Türkiye kültürü, coğrafyası, sanat ve tarih"
q54735,geo_turkey,T.C. Kültür ve Turizm Bakanlığı / ilgili resmî arşiv,https://www.ktb.gov.tr/,"Türkiye kültürü, coğrafyası, sanat ve tarih"
q54736,geo_turkey,T.C. Kültür ve Turizm Bakanlığı / ilgili resmî arşiv,https://www.ktb.gov.tr/,"Türkiye kültürü, coğrafyası, sanat ve tarih"
q54737,geo_turkey,T.C. Kültür ve Turizm Bakanlığı / ilgili resmî arşiv,https://www.ktb.gov.tr/,"Türkiye kültürü, coğrafyası, sanat ve tarih"
q54738,ent_games,"Resmî yapım, yayıncı ve eser jeneriği / BFI",https://www.bfi.org.uk/,"Film, dizi, oyun ve müzik eser bilgisi"
q54739,ent_games,"Resmî yapım, yayıncı ve eser jeneriği / BFI",https://www.bfi.org.uk/,"Film, dizi, oyun ve müzik eser bilgisi"
q54740,ent_games,"Resmî yapım, yayıncı ve eser jeneriği / BFI",https://www.bfi.org.uk/,"Film, dizi, oyun ve müzik eser bilgisi"
q54741,ent_games,"Resmî yapım, yayıncı ve eser jeneriği / BFI",https://www.bfi.org.uk/,"Film, dizi, oyun ve müzik eser bilgisi"
q54742,ent_games,"Resmî yapım, yayıncı ve eser jeneriği / BFI",https://www.bfi.org.uk/,"Film, dizi, oyun ve müzik eser bilgisi"
q54743,ent_games,"Resmî yapım, yayıncı ve eser jeneriği / BFI",https://www.bfi.org.uk/,"Film, dizi, oyun ve müzik eser bilgisi"
q54744,ent_games,"Resmî yapım, yayıncı ve eser jeneriği / BFI",https://www.bfi.org.uk/,"Film, dizi, oyun ve müzik eser bilgisi"
q54745,ent_games,"Resmî yapım, yayıncı ve eser jeneriği / BFI",https://www.bfi.org.uk/,"Film, dizi, oyun ve müzik eser bilgisi"
q54746,ent_games,"Resmî yapım, yayıncı ve eser jeneriği / BFI",https://www.bfi.org.uk/,"Film, dizi, oyun ve müzik eser bilgisi"
q54747,ent_games,"Resmî yapım, yayıncı ve eser jeneriği / BFI",https://www.bfi.org.uk/,"Film, dizi, oyun ve müzik eser bilgisi"
q54748,ent_games,"Resmî yapım, yayıncı ve eser jeneriği / BFI",https://www.bfi.org.uk/,"Film, dizi, oyun ve müzik eser bilgisi"
q54749,ent_games,"Resmî yapım, yayıncı ve eser jeneriği / BFI",https://www.bfi.org.uk/,"Film, dizi, oyun ve müzik eser bilgisi"
q54750,ent_games,"Resmî yapım, yayıncı ve eser jeneriği / BFI",https://www.bfi.org.uk/,"Film, dizi, oyun ve müzik eser bilgisi"
q54751,ent_games,"Resmî yapım, yayıncı ve eser jeneriği / BFI",https://www.bfi.org.uk/,"Film, dizi, oyun ve müzik eser bilgisi"
q54752,ent_games,"Resmî yapım, yayıncı ve eser jeneriği / BFI",https://www.bfi.org.uk/,"Film, dizi, oyun ve müzik eser bilgisi"
q54753,ent_games,"Resmî yapım, yayıncı ve eser jeneriği / BFI",https://www.bfi.org.uk/,"Film, dizi, oyun ve müzik eser bilgisi"
q54754,ent_games,"Resmî yapım, yayıncı ve eser jeneriği / BFI",https://www.bfi.org.uk/,"Film, dizi, oyun ve müzik eser bilgisi"
q54755,hist_britannica,Encyclopaedia Britannica / ilgili resmî arşiv,https://www.britannica.com/,Tarihsel bilgi
q54756,hist_britannica,Encyclopaedia Britannica / ilgili resmî arşiv,https://www.britannica.com/,Tarihsel bilgi
q54757,hist_britannica,Encyclopaedia Britannica / ilgili resmî arşiv,https://www.britannica.com/,Tarihsel bilgi
q54758,hist_britannica,Encyclopaedia Britannica / ilgili resmî arşiv,https://www.britannica.com/,Tarihsel bilgi
q54759,hist_britannica,Encyclopaedia Britannica / ilgili resmî arşiv,https://www.britannica.com/,Tarihsel bilgi
q54760,hist_britannica,Encyclopaedia Britannica / ilgili resmî arşiv,https://www.britannica.com/,Tarihsel bilgi
q54761,hist_britannica,Encyclopaedia Britannica / ilgili resmî arşiv,https://www.britannica.com/,Tarihsel bilgi
q54762,hist_britannica,Encyclopaedia Britannica / ilgili resmî arşiv,https://www.britannica.com/,Tarihsel bilgi
q54763,hist_britannica,Encyclopaedia Britannica / ilgili resmî arşiv,https://www.britannica.com/,Tarihsel bilgi
q54764,hist_britannica,Encyclopaedia Britannica / ilgili resmî arşiv,https://www.britannica.com/,Tarihsel bilgi
q54765,hist_britannica,Encyclopaedia Britannica / ilgili resmî arşiv,https://www.britannica.com/,Tarihsel bilgi
q54766,hist_unesco,UNESCO,https://www.unesco.org/,"Kültürel miras, tarih ve gelenek"
q54767,hist_unesco,UNESCO,https://www.unesco.org/,"Kültürel miras, tarih ve gelenek"
q54768,hist_britannica,Encyclopaedia Britannica / ilgili resmî arşiv,https://www.britannica.com/,Tarihsel bilgi
q54769,hist_unesco,UNESCO,https://www.unesco.org/,"Kültürel miras, tarih ve gelenek"
q54770,hist_unesco,UNESCO,https://www.unesco.org/,"Kültürel miras, tarih ve gelenek"
q54771,hist_britannica,Encyclopaedia Britannica / ilgili resmî arşiv,https://www.britannica.com/,Tarihsel bilgi
q54772,lit_terms,"Britannica / ilgili müze, yayıncı veya eser kaydı",https://www.britannica.com/,Sanat ve edebiyat
q54773,lit_terms,"Britannica / ilgili müze, yayıncı veya eser kaydı",https://www.britannica.com/,Sanat ve edebiyat
q54774,lit_terms,"Britannica / ilgili müze, yayıncı veya eser kaydı",https://www.britannica.com/,Sanat ve edebiyat
q54775,lit_terms,"Britannica / ilgili müze, yayıncı veya eser kaydı",https://www.britannica.com/,Sanat ve edebiyat
q54776,lit_terms,"Britannica / ilgili müze, yayıncı veya eser kaydı",https://www.britannica.com/,Sanat ve edebiyat
q54777,lit_terms,"Britannica / ilgili müze, yayıncı veya eser kaydı",https://www.britannica.com/,Sanat ve edebiyat
q54778,lit_terms,"Britannica / ilgili müze, yayıncı veya eser kaydı",https://www.britannica.com/,Sanat ve edebiyat
q54779,lit_terms,"Britannica / ilgili müze, yayıncı veya eser kaydı",https://www.britannica.com/,Sanat ve edebiyat
q54780,lit_terms,"Britannica / ilgili müze, yayıncı veya eser kaydı",https://www.britannica.com/,Sanat ve edebiyat
q54781,lit_terms,"Britannica / ilgili müze, yayıncı veya eser kaydı",https://www.britannica.com/,Sanat ve edebiyat
q54782,lit_terms,"Britannica / ilgili müze, yayıncı veya eser kaydı",https://www.britannica.com/,Sanat ve edebiyat
q54783,lit_terms,"Britannica / ilgili müze, yayıncı veya eser kaydı",https://www.britannica.com/,Sanat ve edebiyat
q54784,lit_terms,"Britannica / ilgili müze, yayıncı veya eser kaydı",https://www.britannica.com/,Sanat ve edebiyat
q54785,lit_terms,"Britannica / ilgili müze, yayıncı veya eser kaydı",https://www.britannica.com/,Sanat ve edebiyat
q54786,lit_terms,"Britannica / ilgili müze, yayıncı veya eser kaydı",https://www.britannica.com/,Sanat ve edebiyat
q54787,lit_turkish,T.C. Kültür ve Turizm Bakanlığı / ilgili resmî arşiv,https://www.ktb.gov.tr/,"Türkiye kültürü, coğrafyası, sanat ve tarih"
q54788,lit_turkish,T.C. Kültür ve Turizm Bakanlığı / ilgili resmî arşiv,https://www.ktb.gov.tr/,"Türkiye kültürü, coğrafyası, sanat ve tarih"
q54789,sci_ecology,Britannica / ilgili bilim kurumu,https://www.britannica.com/science,Bilimsel genel bilgi
q54790,sci_ecology,Britannica / ilgili bilim kurumu,https://www.britannica.com/science,Bilimsel genel bilgi
q54791,sci_ecology,Britannica / ilgili bilim kurumu,https://www.britannica.com/science,Bilimsel genel bilgi
q54792,sci_ecology,Britannica / ilgili bilim kurumu,https://www.britannica.com/science,Bilimsel genel bilgi
q54793,sci_ecology,Britannica / ilgili bilim kurumu,https://www.britannica.com/science,Bilimsel genel bilgi
q54794,sci_ecology,Britannica / ilgili bilim kurumu,https://www.britannica.com/science,Bilimsel genel bilgi
q54795,sci_ecology,Britannica / ilgili bilim kurumu,https://www.britannica.com/science,Bilimsel genel bilgi
q54796,sci_ecology,Britannica / ilgili bilim kurumu,https://www.britannica.com/science,Bilimsel genel bilgi
q54797,sci_ecology,Britannica / ilgili bilim kurumu,https://www.britannica.com/science,Bilimsel genel bilgi
q54798,sci_ecology,Britannica / ilgili bilim kurumu,https://www.britannica.com/science,Bilimsel genel bilgi
q54799,sci_ecology,Britannica / ilgili bilim kurumu,https://www.britannica.com/science,Bilimsel genel bilgi
q54800,sci_ecology,Britannica / ilgili bilim kurumu,https://www.britannica.com/science,Bilimsel genel bilgi
q54801,sci_ecology,Britannica / ilgili bilim kurumu,https://www.britannica.com/science,Bilimsel genel bilgi
q54802,sci_ecology,Britannica / ilgili bilim kurumu,https://www.britannica.com/science,Bilimsel genel bilgi
q54803,sci_ecology,Britannica / ilgili bilim kurumu,https://www.britannica.com/science,Bilimsel genel bilgi
q54804,sci_ecology,Britannica / ilgili bilim kurumu,https://www.britannica.com/science,Bilimsel genel bilgi
q54805,sport_fis,International Ski and Snowboard Federation,https://www.fis-ski.com/,Kayak disiplinleri
q54806,sport_fis,International Ski and Snowboard Federation,https://www.fis-ski.com/,Kayak disiplinleri
q54807,sport_fis,International Ski and Snowboard Federation,https://www.fis-ski.com/,Kayak disiplinleri
q54808,sport_fis,International Ski and Snowboard Federation,https://www.fis-ski.com/,Kayak disiplinleri
q54809,sport_fis,International Ski and Snowboard Federation,https://www.fis-ski.com/,Kayak disiplinleri
q54810,sport_fis,International Ski and Snowboard Federation,https://www.fis-ski.com/,Kayak disiplinleri
q54811,sport_fis,International Ski and Snowboard Federation,https://www.fis-ski.com/,Kayak disiplinleri
q54812,sport_fis,International Ski and Snowboard Federation,https://www.fis-ski.com/,Kayak disiplinleri
q54813,sport_olympics,Olympics,https://www.olympics.com/,Olimpiyat tarihi ve sporcular
q54814,sport_olympics,Olympics,https://www.olympics.com/,Olimpiyat tarihi ve sporcular
q54815,sport_olympics,Olympics,https://www.olympics.com/,Olimpiyat tarihi ve sporcular
q54816,sport_curling,World Curling,https://worldcurling.org/,Curling kuralları
q54817,sport_curling,World Curling,https://worldcurling.org/,Curling kuralları
q54818,sport_isu,International Skating Union,https://www.isu.org/,Buz pateni
q54819,sport_isu,International Skating Union,https://www.isu.org/,Buz pateni
q54820,sport_isu,International Skating Union,https://www.isu.org/,Buz pateni
q54821,geo_food,Encyclopaedia Britannica / ilgili resmî coğrafya kurumu,https://www.britannica.com/,Coğrafya ve yer bilgisi
q54822,geo_food,Encyclopaedia Britannica / ilgili resmî coğrafya kurumu,https://www.britannica.com/,Coğrafya ve yer bilgisi
q54823,geo_food,Encyclopaedia Britannica / ilgili resmî coğrafya kurumu,https://www.britannica.com/,Coğrafya ve yer bilgisi
q54824,geo_food,Encyclopaedia Britannica / ilgili resmî coğrafya kurumu,https://www.britannica.com/,Coğrafya ve yer bilgisi
q54825,geo_food,Encyclopaedia Britannica / ilgili resmî coğrafya kurumu,https://www.britannica.com/,Coğrafya ve yer bilgisi
q54826,geo_food,Encyclopaedia Britannica / ilgili resmî coğrafya kurumu,https://www.britannica.com/,Coğrafya ve yer bilgisi
q54827,geo_food,Encyclopaedia Britannica / ilgili resmî coğrafya kurumu,https://www.britannica.com/,Coğrafya ve yer bilgisi
q54828,geo_food,Encyclopaedia Britannica / ilgili resmî coğrafya kurumu,https://www.britannica.com/,Coğrafya ve yer bilgisi
q54829,geo_food,Encyclopaedia Britannica / ilgili resmî coğrafya kurumu,https://www.britannica.com/,Coğrafya ve yer bilgisi
q54830,geo_food,Encyclopaedia Britannica / ilgili resmî coğrafya kurumu,https://www.britannica.com/,Coğrafya ve yer bilgisi
q54831,geo_food,Encyclopaedia Britannica / ilgili resmî coğrafya kurumu,https://www.britannica.com/,Coğrafya ve yer bilgisi
q54832,geo_food,Encyclopaedia Britannica / ilgili resmî coğrafya kurumu,https://www.britannica.com/,Coğrafya ve yer bilgisi
q54833,geo_food,Encyclopaedia Britannica / ilgili resmî coğrafya kurumu,https://www.britannica.com/,Coğrafya ve yer bilgisi
q54834,geo_food,Encyclopaedia Britannica / ilgili resmî coğrafya kurumu,https://www.britannica.com/,Coğrafya ve yer bilgisi
q54835,geo_food,Encyclopaedia Britannica / ilgili resmî coğrafya kurumu,https://www.britannica.com/,Coğrafya ve yer bilgisi
q54836,geo_food,Encyclopaedia Britannica / ilgili resmî coğrafya kurumu,https://www.britannica.com/,Coğrafya ve yer bilgisi
q54837,geo_food,Encyclopaedia Britannica / ilgili resmî coğrafya kurumu,https://www.britannica.com/,Coğrafya ve yer bilgisi
q54838,ent_classic_film,"Resmî yapım, yayıncı ve eser jeneriği / BFI",https://www.bfi.org.uk/,"Film, dizi, oyun ve müzik eser bilgisi"
q54839,ent_classic_film,"Resmî yapım, yayıncı ve eser jeneriği / BFI",https://www.bfi.org.uk/,"Film, dizi, oyun ve müzik eser bilgisi"
q54840,ent_classic_film,"Resmî yapım, yayıncı ve eser jeneriği / BFI",https://www.bfi.org.uk/,"Film, dizi, oyun ve müzik eser bilgisi"
q54841,ent_classic_film,"Resmî yapım, yayıncı ve eser jeneriği / BFI",https://www.bfi.org.uk/,"Film, dizi, oyun ve müzik eser bilgisi"
q54842,ent_classic_film,"Resmî yapım, yayıncı ve eser jeneriği / BFI",https://www.bfi.org.uk/,"Film, dizi, oyun ve müzik eser bilgisi"
q54843,ent_classic_film,"Resmî yapım, yayıncı ve eser jeneriği / BFI",https://www.bfi.org.uk/,"Film, dizi, oyun ve müzik eser bilgisi"
q54844,ent_classic_film,"Resmî yapım, yayıncı ve eser jeneriği / BFI",https://www.bfi.org.uk/,"Film, dizi, oyun ve müzik eser bilgisi"
q54845,ent_biopic,"Resmî yapım, yayıncı ve eser jeneriği / BFI",https://www.bfi.org.uk/,"Film, dizi, oyun ve müzik eser bilgisi"
q54846,ent_biopic,"Resmî yapım, yayıncı ve eser jeneriği / BFI",https://www.bfi.org.uk/,"Film, dizi, oyun ve müzik eser bilgisi"
q54847,ent_biopic,"Resmî yapım, yayıncı ve eser jeneriği / BFI",https://www.bfi.org.uk/,"Film, dizi, oyun ve müzik eser bilgisi"
q54848,ent_biopic,"Resmî yapım, yayıncı ve eser jeneriği / BFI",https://www.bfi.org.uk/,"Film, dizi, oyun ve müzik eser bilgisi"
q54849,ent_biopic,"Resmî yapım, yayıncı ve eser jeneriği / BFI",https://www.bfi.org.uk/,"Film, dizi, oyun ve müzik eser bilgisi"
q54850,ent_biopic,"Resmî yapım, yayıncı ve eser jeneriği / BFI",https://www.bfi.org.uk/,"Film, dizi, oyun ve müzik eser bilgisi"
q54851,ent_music_film,"Resmî yapım, yayıncı ve eser jeneriği / BFI",https://www.bfi.org.uk/,"Film, dizi, oyun ve müzik eser bilgisi"
q54852,ent_music_film,"Resmî yapım, yayıncı ve eser jeneriği / BFI",https://www.bfi.org.uk/,"Film, dizi, oyun ve müzik eser bilgisi"
q54853,ent_music_film,"Resmî yapım, yayıncı ve eser jeneriği / BFI",https://www.bfi.org.uk/,"Film, dizi, oyun ve müzik eser bilgisi"
q54854,ent_music_film,"Resmî yapım, yayıncı ve eser jeneriği / BFI",https://www.bfi.org.uk/,"Film, dizi, oyun ve müzik eser bilgisi"
q54855,hist_britannica,Encyclopaedia Britannica / ilgili resmî arşiv,https://www.britannica.com/,Tarihsel bilgi
q54856,hist_ukparliament,Encyclopaedia Britannica / ilgili resmî arşiv,https://www.britannica.com/,Tarihsel bilgi
q54857,hist_usarchives,Encyclopaedia Britannica / ilgili resmî arşiv,https://www.britannica.com/,Tarihsel bilgi
q54858,hist_britannica,Encyclopaedia Britannica / ilgili resmî arşiv,https://www.britannica.com/,Tarihsel bilgi
q54859,hist_britannica,Encyclopaedia Britannica / ilgili resmî arşiv,https://www.britannica.com/,Tarihsel bilgi
q54860,hist_britannica,Encyclopaedia Britannica / ilgili resmî arşiv,https://www.britannica.com/,Tarihsel bilgi
q54861,hist_britannica,Encyclopaedia Britannica / ilgili resmî arşiv,https://www.britannica.com/,Tarihsel bilgi
q54862,hist_britannica,Encyclopaedia Britannica / ilgili resmî arşiv,https://www.britannica.com/,Tarihsel bilgi
q54863,hist_australia,Encyclopaedia Britannica / ilgili resmî arşiv,https://www.britannica.com/,Tarihsel bilgi
q54864,hist_nz,Encyclopaedia Britannica / ilgili resmî arşiv,https://www.britannica.com/,Tarihsel bilgi
q54865,hist_usarchives,Encyclopaedia Britannica / ilgili resmî arşiv,https://www.britannica.com/,Tarihsel bilgi
q54866,hist_usarchives,Encyclopaedia Britannica / ilgili resmî arşiv,https://www.britannica.com/,Tarihsel bilgi
q54867,hist_britannica,Encyclopaedia Britannica / ilgili resmî arşiv,https://www.britannica.com/,Tarihsel bilgi
q54868,hist_britannica,Encyclopaedia Britannica / ilgili resmî arşiv,https://www.britannica.com/,Tarihsel bilgi
q54869,hist_britannica,Encyclopaedia Britannica / ilgili resmî arşiv,https://www.britannica.com/,Tarihsel bilgi
q54870,hist_britannica,Encyclopaedia Britannica / ilgili resmî arşiv,https://www.britannica.com/,Tarihsel bilgi
q54871,hist_britannica,Encyclopaedia Britannica / ilgili resmî arşiv,https://www.britannica.com/,Tarihsel bilgi
q54872,lit_terms,"Britannica / ilgili müze, yayıncı veya eser kaydı",https://www.britannica.com/,Sanat ve edebiyat
q54873,lit_terms,"Britannica / ilgili müze, yayıncı veya eser kaydı",https://www.britannica.com/,Sanat ve edebiyat
q54874,lit_terms,"Britannica / ilgili müze, yayıncı veya eser kaydı",https://www.britannica.com/,Sanat ve edebiyat
q54875,lit_terms,"Britannica / ilgili müze, yayıncı veya eser kaydı",https://www.britannica.com/,Sanat ve edebiyat
q54876,lit_terms,"Britannica / ilgili müze, yayıncı veya eser kaydı",https://www.britannica.com/,Sanat ve edebiyat
q54877,lit_terms,"Britannica / ilgili müze, yayıncı veya eser kaydı",https://www.britannica.com/,Sanat ve edebiyat
q54878,lit_terms,"Britannica / ilgili müze, yayıncı veya eser kaydı",https://www.britannica.com/,Sanat ve edebiyat
q54879,lit_terms,"Britannica / ilgili müze, yayıncı veya eser kaydı",https://www.britannica.com/,Sanat ve edebiyat
q54880,lit_terms,"Britannica / ilgili müze, yayıncı veya eser kaydı",https://www.britannica.com/,Sanat ve edebiyat
q54881,lit_terms,"Britannica / ilgili müze, yayıncı veya eser kaydı",https://www.britannica.com/,Sanat ve edebiyat
q54882,lit_terms,"Britannica / ilgili müze, yayıncı veya eser kaydı",https://www.britannica.com/,Sanat ve edebiyat
q54883,lit_terms,"Britannica / ilgili müze, yayıncı veya eser kaydı",https://www.britannica.com/,Sanat ve edebiyat
q54884,lit_terms,"Britannica / ilgili müze, yayıncı veya eser kaydı",https://www.britannica.com/,Sanat ve edebiyat
q54885,lit_terms,"Britannica / ilgili müze, yayıncı veya eser kaydı",https://www.britannica.com/,Sanat ve edebiyat
q54886,lit_terms,"Britannica / ilgili müze, yayıncı veya eser kaydı",https://www.britannica.com/,Sanat ve edebiyat
q54887,lit_terms,"Britannica / ilgili müze, yayıncı veya eser kaydı",https://www.britannica.com/,Sanat ve edebiyat
q54888,lit_terms,"Britannica / ilgili müze, yayıncı veya eser kaydı",https://www.britannica.com/,Sanat ve edebiyat
q54889,sci_physics,Britannica / ilgili bilim kurumu,https://www.britannica.com/science,Bilimsel genel bilgi
q54890,sci_physics,Britannica / ilgili bilim kurumu,https://www.britannica.com/science,Bilimsel genel bilgi
q54891,sci_physics,Britannica / ilgili bilim kurumu,https://www.britannica.com/science,Bilimsel genel bilgi
q54892,sci_physics,Britannica / ilgili bilim kurumu,https://www.britannica.com/science,Bilimsel genel bilgi
q54893,sci_physics,Britannica / ilgili bilim kurumu,https://www.britannica.com/science,Bilimsel genel bilgi
q54894,sci_physics,Britannica / ilgili bilim kurumu,https://www.britannica.com/science,Bilimsel genel bilgi
q54895,sci_physics,Britannica / ilgili bilim kurumu,https://www.britannica.com/science,Bilimsel genel bilgi
q54896,sci_physics,Britannica / ilgili bilim kurumu,https://www.britannica.com/science,Bilimsel genel bilgi
q54897,sci_physics,Britannica / ilgili bilim kurumu,https://www.britannica.com/science,Bilimsel genel bilgi
q54898,sci_physics,Britannica / ilgili bilim kurumu,https://www.britannica.com/science,Bilimsel genel bilgi
q54899,sci_physics,Britannica / ilgili bilim kurumu,https://www.britannica.com/science,Bilimsel genel bilgi
q54900,sci_physics,Britannica / ilgili bilim kurumu,https://www.britannica.com/science,Bilimsel genel bilgi
q54901,sci_physics,Britannica / ilgili bilim kurumu,https://www.britannica.com/science,Bilimsel genel bilgi
q54902,sci_physics,Britannica / ilgili bilim kurumu,https://www.britannica.com/science,Bilimsel genel bilgi
q54903,sci_physics,Britannica / ilgili bilim kurumu,https://www.britannica.com/science,Bilimsel genel bilgi
q54904,sci_physics,Britannica / ilgili bilim kurumu,https://www.britannica.com/science,Bilimsel genel bilgi
q54905,sport_olympics,Olympics,https://www.olympics.com/,Olimpiyat tarihi ve sporcular
q54906,sport_olympics,Olympics,https://www.olympics.com/,Olimpiyat tarihi ve sporcular
q54907,sport_olympics,Olympics,https://www.olympics.com/,Olimpiyat tarihi ve sporcular
q54908,sport_olympics,Olympics,https://www.olympics.com/,Olimpiyat tarihi ve sporcular
q54909,sport_olympics,Olympics,https://www.olympics.com/,Olimpiyat tarihi ve sporcular
q54910,sport_olympics,Olympics,https://www.olympics.com/,Olimpiyat tarihi ve sporcular
q54911,sport_olympics,Olympics,https://www.olympics.com/,Olimpiyat tarihi ve sporcular
q54912,sport_olympics,Olympics,https://www.olympics.com/,Olimpiyat tarihi ve sporcular
q54913,sport_olympics,Olympics,https://www.olympics.com/,Olimpiyat tarihi ve sporcular
q54914,sport_olympics,Olympics,https://www.olympics.com/,Olimpiyat tarihi ve sporcular
q54915,sport_olympics,Olympics,https://www.olympics.com/,Olimpiyat tarihi ve sporcular
q54916,sport_olympics,Olympics,https://www.olympics.com/,Olimpiyat tarihi ve sporcular
q54917,sport_olympics,Olympics,https://www.olympics.com/,Olimpiyat tarihi ve sporcular
q54918,sport_olympics,Olympics,https://www.olympics.com/,Olimpiyat tarihi ve sporcular
q54919,sport_olympics,Olympics,https://www.olympics.com/,Olimpiyat tarihi ve sporcular
q54920,sport_nba,NBA,https://www.nba.com/,Basketbol kuralları ve tarihi
q54921,geo_flags,Encyclopaedia Britannica / ilgili resmî coğrafya kurumu,https://www.britannica.com/,Coğrafya ve yer bilgisi
q54922,geo_flags,Encyclopaedia Britannica / ilgili resmî coğrafya kurumu,https://www.britannica.com/,Coğrafya ve yer bilgisi
q54923,geo_flags,Encyclopaedia Britannica / ilgili resmî coğrafya kurumu,https://www.britannica.com/,Coğrafya ve yer bilgisi
q54924,geo_flags,Encyclopaedia Britannica / ilgili resmî coğrafya kurumu,https://www.britannica.com/,Coğrafya ve yer bilgisi
q54925,geo_flags,Encyclopaedia Britannica / ilgili resmî coğrafya kurumu,https://www.britannica.com/,Coğrafya ve yer bilgisi
q54926,geo_flags,Encyclopaedia Britannica / ilgili resmî coğrafya kurumu,https://www.britannica.com/,Coğrafya ve yer bilgisi
q54927,geo_flags,Encyclopaedia Britannica / ilgili resmî coğrafya kurumu,https://www.britannica.com/,Coğrafya ve yer bilgisi
q54928,geo_flags,Encyclopaedia Britannica / ilgili resmî coğrafya kurumu,https://www.britannica.com/,Coğrafya ve yer bilgisi
q54929,geo_flags,Encyclopaedia Britannica / ilgili resmî coğrafya kurumu,https://www.britannica.com/,Coğrafya ve yer bilgisi
q54930,geo_languages,Encyclopaedia Britannica / ilgili resmî coğrafya kurumu,https://www.britannica.com/,Coğrafya ve yer bilgisi
q54931,geo_languages,Encyclopaedia Britannica / ilgili resmî coğrafya kurumu,https://www.britannica.com/,Coğrafya ve yer bilgisi
q54932,geo_languages,Encyclopaedia Britannica / ilgili resmî coğrafya kurumu,https://www.britannica.com/,Coğrafya ve yer bilgisi
q54933,geo_languages,Encyclopaedia Britannica / ilgili resmî coğrafya kurumu,https://www.britannica.com/,Coğrafya ve yer bilgisi
q54934,geo_languages,Encyclopaedia Britannica / ilgili resmî coğrafya kurumu,https://www.britannica.com/,Coğrafya ve yer bilgisi
q54935,geo_languages,Encyclopaedia Britannica / ilgili resmî coğrafya kurumu,https://www.britannica.com/,Coğrafya ve yer bilgisi
q54936,geo_languages,Encyclopaedia Britannica / ilgili resmî coğrafya kurumu,https://www.britannica.com/,Coğrafya ve yer bilgisi
q54937,geo_languages,Encyclopaedia Britannica / ilgili resmî coğrafya kurumu,https://www.britannica.com/,Coğrafya ve yer bilgisi
q54938,ent_turkish_music,T.C. Kültür ve Turizm Bakanlığı / ilgili resmî arşiv,https://www.ktb.gov.tr/,"Türkiye kültürü, coğrafyası, sanat ve tarih"
q54939,ent_turkish_music,T.C. Kültür ve Turizm Bakanlığı / ilgili resmî arşiv,https://www.ktb.gov.tr/,"Türkiye kültürü, coğrafyası, sanat ve tarih"
q54940,ent_turkish_music,T.C. Kültür ve Turizm Bakanlığı / ilgili resmî arşiv,https://www.ktb.gov.tr/,"Türkiye kültürü, coğrafyası, sanat ve tarih"
q54941,ent_turkish_music,T.C. Kültür ve Turizm Bakanlığı / ilgili resmî arşiv,https://www.ktb.gov.tr/,"Türkiye kültürü, coğrafyası, sanat ve tarih"
q54942,ent_turkish_music,T.C. Kültür ve Turizm Bakanlığı / ilgili resmî arşiv,https://www.ktb.gov.tr/,"Türkiye kültürü, coğrafyası, sanat ve tarih"
q54943,ent_turkish_music,T.C. Kültür ve Turizm Bakanlığı / ilgili resmî arşiv,https://www.ktb.gov.tr/,"Türkiye kültürü, coğrafyası, sanat ve tarih"
q54944,ent_turkish_music,T.C. Kültür ve Turizm Bakanlığı / ilgili resmî arşiv,https://www.ktb.gov.tr/,"Türkiye kültürü, coğrafyası, sanat ve tarih"
q54945,ent_eurovision,Eurovision,https://eurovision.tv/,Eurovision tarih kaydı
q54946,ent_eurovision,Eurovision,https://eurovision.tv/,Eurovision tarih kaydı
q54947,ent_eurovision,Eurovision,https://eurovision.tv/,Eurovision tarih kaydı
q54948,ent_turkish_tv,T.C. Kültür ve Turizm Bakanlığı / ilgili resmî arşiv,https://www.ktb.gov.tr/,"Türkiye kültürü, coğrafyası, sanat ve tarih"
q54949,ent_turkish_tv,T.C. Kültür ve Turizm Bakanlığı / ilgili resmî arşiv,https://www.ktb.gov.tr/,"Türkiye kültürü, coğrafyası, sanat ve tarih"
q54950,ent_turkish_tv,T.C. Kültür ve Turizm Bakanlığı / ilgili resmî arşiv,https://www.ktb.gov.tr/,"Türkiye kültürü, coğrafyası, sanat ve tarih"
q54951,ent_turkish_tv,T.C. Kültür ve Turizm Bakanlığı / ilgili resmî arşiv,https://www.ktb.gov.tr/,"Türkiye kültürü, coğrafyası, sanat ve tarih"
q54952,ent_turkish_tv,T.C. Kültür ve Turizm Bakanlığı / ilgili resmî arşiv,https://www.ktb.gov.tr/,"Türkiye kültürü, coğrafyası, sanat ve tarih"
q54953,ent_turkish_tv,T.C. Kültür ve Turizm Bakanlığı / ilgili resmî arşiv,https://www.ktb.gov.tr/,"Türkiye kültürü, coğrafyası, sanat ve tarih"
q54954,ent_turkish_tv,T.C. Kültür ve Turizm Bakanlığı / ilgili resmî arşiv,https://www.ktb.gov.tr/,"Türkiye kültürü, coğrafyası, sanat ve tarih"
q54955,hist_ottoman,T.C. Kültür ve Turizm Bakanlığı / ilgili resmî arşiv,https://www.ktb.gov.tr/,"Türkiye kültürü, coğrafyası, sanat ve tarih"
q54956,hist_ottoman,T.C. Kültür ve Turizm Bakanlığı / ilgili resmî arşiv,https://www.ktb.gov.tr/,"Türkiye kültürü, coğrafyası, sanat ve tarih"
q54957,hist_ottoman,T.C. Kültür ve Turizm Bakanlığı / ilgili resmî arşiv,https://www.ktb.gov.tr/,"Türkiye kültürü, coğrafyası, sanat ve tarih"
q54958,hist_ottoman,T.C. Kültür ve Turizm Bakanlığı / ilgili resmî arşiv,https://www.ktb.gov.tr/,"Türkiye kültürü, coğrafyası, sanat ve tarih"
q54959,hist_ottoman,T.C. Kültür ve Turizm Bakanlığı / ilgili resmî arşiv,https://www.ktb.gov.tr/,"Türkiye kültürü, coğrafyası, sanat ve tarih"
q54960,hist_ottoman,T.C. Kültür ve Turizm Bakanlığı / ilgili resmî arşiv,https://www.ktb.gov.tr/,"Türkiye kültürü, coğrafyası, sanat ve tarih"
q54961,hist_ottoman,T.C. Kültür ve Turizm Bakanlığı / ilgili resmî arşiv,https://www.ktb.gov.tr/,"Türkiye kültürü, coğrafyası, sanat ve tarih"
q54962,hist_ottoman,T.C. Kültür ve Turizm Bakanlığı / ilgili resmî arşiv,https://www.ktb.gov.tr/,"Türkiye kültürü, coğrafyası, sanat ve tarih"
q54963,hist_ottoman,T.C. Kültür ve Turizm Bakanlığı / ilgili resmî arşiv,https://www.ktb.gov.tr/,"Türkiye kültürü, coğrafyası, sanat ve tarih"
q54964,hist_ottoman,T.C. Kültür ve Turizm Bakanlığı / ilgili resmî arşiv,https://www.ktb.gov.tr/,"Türkiye kültürü, coğrafyası, sanat ve tarih"
q54965,hist_ottoman,T.C. Kültür ve Turizm Bakanlığı / ilgili resmî arşiv,https://www.ktb.gov.tr/,"Türkiye kültürü, coğrafyası, sanat ve tarih"
q54966,hist_ottoman,T.C. Kültür ve Turizm Bakanlığı / ilgili resmî arşiv,https://www.ktb.gov.tr/,"Türkiye kültürü, coğrafyası, sanat ve tarih"
q54967,hist_ottoman,T.C. Kültür ve Turizm Bakanlığı / ilgili resmî arşiv,https://www.ktb.gov.tr/,"Türkiye kültürü, coğrafyası, sanat ve tarih"
q54968,hist_turkish_republic,T.C. Kültür ve Turizm Bakanlığı / ilgili resmî arşiv,https://www.ktb.gov.tr/,"Türkiye kültürü, coğrafyası, sanat ve tarih"
q54969,hist_turkish_republic,T.C. Kültür ve Turizm Bakanlığı / ilgili resmî arşiv,https://www.ktb.gov.tr/,"Türkiye kültürü, coğrafyası, sanat ve tarih"
q54970,hist_turkish_republic,T.C. Kültür ve Turizm Bakanlığı / ilgili resmî arşiv,https://www.ktb.gov.tr/,"Türkiye kültürü, coğrafyası, sanat ve tarih"
q54971,hist_turkish_republic,T.C. Kültür ve Turizm Bakanlığı / ilgili resmî arşiv,https://www.ktb.gov.tr/,"Türkiye kültürü, coğrafyası, sanat ve tarih"
q54972,lit_turkish,T.C. Kültür ve Turizm Bakanlığı / ilgili resmî arşiv,https://www.ktb.gov.tr/,"Türkiye kültürü, coğrafyası, sanat ve tarih"
q54973,lit_turkish,T.C. Kültür ve Turizm Bakanlığı / ilgili resmî arşiv,https://www.ktb.gov.tr/,"Türkiye kültürü, coğrafyası, sanat ve tarih"
q54974,lit_turkish,T.C. Kültür ve Turizm Bakanlığı / ilgili resmî arşiv,https://www.ktb.gov.tr/,"Türkiye kültürü, coğrafyası, sanat ve tarih"
q54975,lit_turkish,T.C. Kültür ve Turizm Bakanlığı / ilgili resmî arşiv,https://www.ktb.gov.tr/,"Türkiye kültürü, coğrafyası, sanat ve tarih"
q54976,lit_turkish,T.C. Kültür ve Turizm Bakanlığı / ilgili resmî arşiv,https://www.ktb.gov.tr/,"Türkiye kültürü, coğrafyası, sanat ve tarih"
q54977,lit_turkish,T.C. Kültür ve Turizm Bakanlığı / ilgili resmî arşiv,https://www.ktb.gov.tr/,"Türkiye kültürü, coğrafyası, sanat ve tarih"
q54978,lit_turkish,T.C. Kültür ve Turizm Bakanlığı / ilgili resmî arşiv,https://www.ktb.gov.tr/,"Türkiye kültürü, coğrafyası, sanat ve tarih"
q54979,lit_turkish,T.C. Kültür ve Turizm Bakanlığı / ilgili resmî arşiv,https://www.ktb.gov.tr/,"Türkiye kültürü, coğrafyası, sanat ve tarih"
q54980,lit_turkish,T.C. Kültür ve Turizm Bakanlığı / ilgili resmî arşiv,https://www.ktb.gov.tr/,"Türkiye kültürü, coğrafyası, sanat ve tarih"
q54981,lit_turkish,T.C. Kültür ve Turizm Bakanlığı / ilgili resmî arşiv,https://www.ktb.gov.tr/,"Türkiye kültürü, coğrafyası, sanat ve tarih"
q54982,lit_turkish,T.C. Kültür ve Turizm Bakanlığı / ilgili resmî arşiv,https://www.ktb.gov.tr/,"Türkiye kültürü, coğrafyası, sanat ve tarih"
q54983,lit_turkish,T.C. Kültür ve Turizm Bakanlığı / ilgili resmî arşiv,https://www.ktb.gov.tr/,"Türkiye kültürü, coğrafyası, sanat ve tarih"
q54984,lit_turkish,T.C. Kültür ve Turizm Bakanlığı / ilgili resmî arşiv,https://www.ktb.gov.tr/,"Türkiye kültürü, coğrafyası, sanat ve tarih"
q54985,lit_turkish,T.C. Kültür ve Turizm Bakanlığı / ilgili resmî arşiv,https://www.ktb.gov.tr/,"Türkiye kültürü, coğrafyası, sanat ve tarih"
q54986,lit_turkish,T.C. Kültür ve Turizm Bakanlığı / ilgili resmî arşiv,https://www.ktb.gov.tr/,"Türkiye kültürü, coğrafyası, sanat ve tarih"
q54987,lit_turkish,T.C. Kültür ve Turizm Bakanlığı / ilgili resmî arşiv,https://www.ktb.gov.tr/,"Türkiye kültürü, coğrafyası, sanat ve tarih"
q54988,lit_turkish,T.C. Kültür ve Turizm Bakanlığı / ilgili resmî arşiv,https://www.ktb.gov.tr/,"Türkiye kültürü, coğrafyası, sanat ve tarih"
q54989,sci_smithsonian,Smithsonian Institution,https://www.si.edu/,"Doğa tarihi, kültür ve tarih"
q54990,sci_smithsonian,Smithsonian Institution,https://www.si.edu/,"Doğa tarihi, kültür ve tarih"
q54991,sci_smithsonian,Smithsonian Institution,https://www.si.edu/,"Doğa tarihi, kültür ve tarih"
q54992,sci_smithsonian,Smithsonian Institution,https://www.si.edu/,"Doğa tarihi, kültür ve tarih"
q54993,sci_smithsonian,Smithsonian Institution,https://www.si.edu/,"Doğa tarihi, kültür ve tarih"
q54994,sci_smithsonian,Smithsonian Institution,https://www.si.edu/,"Doğa tarihi, kültür ve tarih"
q54995,sci_smithsonian,Smithsonian Institution,https://www.si.edu/,"Doğa tarihi, kültür ve tarih"
q54996,sci_smithsonian,Smithsonian Institution,https://www.si.edu/,"Doğa tarihi, kültür ve tarih"
q54997,sci_smithsonian,Smithsonian Institution,https://www.si.edu/,"Doğa tarihi, kültür ve tarih"
q54998,sci_smithsonian,Smithsonian Institution,https://www.si.edu/,"Doğa tarihi, kültür ve tarih"
q54999,sci_noaa,NOAA,https://www.noaa.gov/,"Okyanus, atmosfer ve deniz yaşamı"
q55000,sci_noaa,NOAA,https://www.noaa.gov/,"Okyanus, atmosfer ve deniz yaşamı"
q55001,sci_noaa,NOAA,https://www.noaa.gov/,"Okyanus, atmosfer ve deniz yaşamı"
q55002,sci_smithsonian,Smithsonian Institution,https://www.si.edu/,"Doğa tarihi, kültür ve tarih"
q55003,sci_smithsonian,Smithsonian Institution,https://www.si.edu/,"Doğa tarihi, kültür ve tarih"
q55004,sci_noaa,NOAA,https://www.noaa.gov/,"Okyanus, atmosfer ve deniz yaşamı"
q55005,sport_fifa,FIFA,https://www.fifa.com/,Futbol tarihi ve turnuvalar
q55006,sport_fifa,FIFA,https://www.fifa.com/,Futbol tarihi ve turnuvalar
q55007,sport_fifa,FIFA,https://www.fifa.com/,Futbol tarihi ve turnuvalar
q55008,sport_fifa,FIFA,https://www.fifa.com/,Futbol tarihi ve turnuvalar
q55009,sport_fifa,FIFA,https://www.fifa.com/,Futbol tarihi ve turnuvalar
q55010,sport_uefa,UEFA,https://www.uefa.com/,Avrupa futbolu
q55011,sport_fifa,FIFA,https://www.fifa.com/,Futbol tarihi ve turnuvalar
q55012,sport_fifa,FIFA,https://www.fifa.com/,Futbol tarihi ve turnuvalar
q55013,sport_fifa,FIFA,https://www.fifa.com/,Futbol tarihi ve turnuvalar
q55014,sport_nba,NBA,https://www.nba.com/,Basketbol kuralları ve tarihi
q55015,sport_nba,NBA,https://www.nba.com/,Basketbol kuralları ve tarihi
q55016,sport_nba,NBA,https://www.nba.com/,Basketbol kuralları ve tarihi
q55017,sport_nba,NBA,https://www.nba.com/,Basketbol kuralları ve tarihi
q55018,sport_nba,NBA,https://www.nba.com/,Basketbol kuralları ve tarihi
q55019,sport_nba,NBA,https://www.nba.com/,Basketbol kuralları ve tarihi
q55020,sport_nba,NBA,https://www.nba.com/,Basketbol kuralları ve tarihi
q55021,geo_nps,U.S. National Park Service,https://www.nps.gov/,Millî parklar ve tarihî alanlar
q55022,geo_nps,U.S. National Park Service,https://www.nps.gov/,Millî parklar ve tarihî alanlar
q55023,geo_britannica,Encyclopaedia Britannica / ilgili resmî coğrafya kurumu,https://www.britannica.com/,Coğrafya ve yer bilgisi
q55024,geo_britannica,Encyclopaedia Britannica / ilgili resmî coğrafya kurumu,https://www.britannica.com/,Coğrafya ve yer bilgisi
q55025,geo_britannica,Encyclopaedia Britannica / ilgili resmî coğrafya kurumu,https://www.britannica.com/,Coğrafya ve yer bilgisi
q55026,geo_singapore,Encyclopaedia Britannica / ilgili resmî coğrafya kurumu,https://www.britannica.com/,Coğrafya ve yer bilgisi
q55027,geo_australia,Encyclopaedia Britannica / ilgili resmî coğrafya kurumu,https://www.britannica.com/,Coğrafya ve yer bilgisi
q55028,geo_canada,Encyclopaedia Britannica / ilgili resmî coğrafya kurumu,https://www.britannica.com/,Coğrafya ve yer bilgisi
q55029,geo_seattle,Encyclopaedia Britannica / ilgili resmî coğrafya kurumu,https://www.britannica.com/,Coğrafya ve yer bilgisi
q55030,geo_nps,U.S. National Park Service,https://www.nps.gov/,Millî parklar ve tarihî alanlar
q55031,geo_belgium,Encyclopaedia Britannica / ilgili resmî coğrafya kurumu,https://www.britannica.com/,Coğrafya ve yer bilgisi
q55032,geo_germany,Encyclopaedia Britannica / ilgili resmî coğrafya kurumu,https://www.britannica.com/,Coğrafya ve yer bilgisi
q55033,geo_czech,Encyclopaedia Britannica / ilgili resmî coğrafya kurumu,https://www.britannica.com/,Coğrafya ve yer bilgisi
q55034,geo_hungary,Encyclopaedia Britannica / ilgili resmî coğrafya kurumu,https://www.britannica.com/,Coğrafya ve yer bilgisi
q55035,geo_denmark,Encyclopaedia Britannica / ilgili resmî coğrafya kurumu,https://www.britannica.com/,Coğrafya ve yer bilgisi
q55036,geo_belgium,Encyclopaedia Britannica / ilgili resmî coğrafya kurumu,https://www.britannica.com/,Coğrafya ve yer bilgisi
q55037,geo_italy,Encyclopaedia Britannica / ilgili resmî coğrafya kurumu,https://www.britannica.com/,Coğrafya ve yer bilgisi
q55038,ent_superhero,"Resmî yapım, yayıncı ve eser jeneriği / BFI",https://www.bfi.org.uk/,"Film, dizi, oyun ve müzik eser bilgisi"
q55039,ent_superhero,"Resmî yapım, yayıncı ve eser jeneriği / BFI",https://www.bfi.org.uk/,"Film, dizi, oyun ve müzik eser bilgisi"
q55040,ent_superhero,"Resmî yapım, yayıncı ve eser jeneriği / BFI",https://www.bfi.org.uk/,"Film, dizi, oyun ve müzik eser bilgisi"
q55041,ent_superhero,"Resmî yapım, yayıncı ve eser jeneriği / BFI",https://www.bfi.org.uk/,"Film, dizi, oyun ve müzik eser bilgisi"
q55042,ent_superhero,"Resmî yapım, yayıncı ve eser jeneriği / BFI",https://www.bfi.org.uk/,"Film, dizi, oyun ve müzik eser bilgisi"
q55043,ent_superhero,"Resmî yapım, yayıncı ve eser jeneriği / BFI",https://www.bfi.org.uk/,"Film, dizi, oyun ve müzik eser bilgisi"
q55044,ent_superhero,"Resmî yapım, yayıncı ve eser jeneriği / BFI",https://www.bfi.org.uk/,"Film, dizi, oyun ve müzik eser bilgisi"
q55045,ent_scifi_tv,"Resmî yapım, yayıncı ve eser jeneriği / BFI",https://www.bfi.org.uk/,"Film, dizi, oyun ve müzik eser bilgisi"
q55046,ent_scifi_tv,"Resmî yapım, yayıncı ve eser jeneriği / BFI",https://www.bfi.org.uk/,"Film, dizi, oyun ve müzik eser bilgisi"
q55047,ent_scifi_tv,"Resmî yapım, yayıncı ve eser jeneriği / BFI",https://www.bfi.org.uk/,"Film, dizi, oyun ve müzik eser bilgisi"
q55048,ent_scifi_tv,"Resmî yapım, yayıncı ve eser jeneriği / BFI",https://www.bfi.org.uk/,"Film, dizi, oyun ve müzik eser bilgisi"
q55049,ent_scifi_tv,"Resmî yapım, yayıncı ve eser jeneriği / BFI",https://www.bfi.org.uk/,"Film, dizi, oyun ve müzik eser bilgisi"
q55050,ent_scifi_tv,"Resmî yapım, yayıncı ve eser jeneriği / BFI",https://www.bfi.org.uk/,"Film, dizi, oyun ve müzik eser bilgisi"
q55051,ent_tv,"Resmî yapım, yayıncı ve eser jeneriği / BFI",https://www.bfi.org.uk/,"Film, dizi, oyun ve müzik eser bilgisi"
q55052,ent_tv,"Resmî yapım, yayıncı ve eser jeneriği / BFI",https://www.bfi.org.uk/,"Film, dizi, oyun ve müzik eser bilgisi"
q55053,ent_tv,"Resmî yapım, yayıncı ve eser jeneriği / BFI",https://www.bfi.org.uk/,"Film, dizi, oyun ve müzik eser bilgisi"
q55054,ent_tv,"Resmî yapım, yayıncı ve eser jeneriği / BFI",https://www.bfi.org.uk/,"Film, dizi, oyun ve müzik eser bilgisi"
q55055,hist_nasa,NASA,https://science.nasa.gov/,"Uzay, astronomi ve görev tarihi"
q55056,hist_nasa,NASA,https://science.nasa.gov/,"Uzay, astronomi ve görev tarihi"
q55057,hist_nasa,NASA,https://science.nasa.gov/,"Uzay, astronomi ve görev tarihi"
q55058,hist_nasa,NASA,https://science.nasa.gov/,"Uzay, astronomi ve görev tarihi"
q55059,hist_nasa,NASA,https://science.nasa.gov/,"Uzay, astronomi ve görev tarihi"
q55060,hist_nasa,NASA,https://science.nasa.gov/,"Uzay, astronomi ve görev tarihi"
q55061,hist_nasa,NASA,https://science.nasa.gov/,"Uzay, astronomi ve görev tarihi"
q55062,hist_nasa,NASA,https://science.nasa.gov/,"Uzay, astronomi ve görev tarihi"
q55063,hist_nasa,NASA,https://science.nasa.gov/,"Uzay, astronomi ve görev tarihi"
q55064,hist_nasa,NASA,https://science.nasa.gov/,"Uzay, astronomi ve görev tarihi"
q55065,hist_nasa,NASA,https://science.nasa.gov/,"Uzay, astronomi ve görev tarihi"
q55066,hist_nasa,NASA,https://science.nasa.gov/,"Uzay, astronomi ve görev tarihi"
q55067,hist_nasa,NASA,https://science.nasa.gov/,"Uzay, astronomi ve görev tarihi"
q55068,hist_nasa,NASA,https://science.nasa.gov/,"Uzay, astronomi ve görev tarihi"
q55069,hist_nasa,NASA,https://science.nasa.gov/,"Uzay, astronomi ve görev tarihi"
q55070,hist_nasa,NASA,https://science.nasa.gov/,"Uzay, astronomi ve görev tarihi"
q55071,hist_nasa,NASA,https://science.nasa.gov/,"Uzay, astronomi ve görev tarihi"
q55072,art_mythology,"Britannica / ilgili müze, yayıncı veya eser kaydı",https://www.britannica.com/,Sanat ve edebiyat
q55073,art_mythology,"Britannica / ilgili müze, yayıncı veya eser kaydı",https://www.britannica.com/,Sanat ve edebiyat
q55074,art_mythology,"Britannica / ilgili müze, yayıncı veya eser kaydı",https://www.britannica.com/,Sanat ve edebiyat
q55075,art_mythology,"Britannica / ilgili müze, yayıncı veya eser kaydı",https://www.britannica.com/,Sanat ve edebiyat
q55076,art_mythology,"Britannica / ilgili müze, yayıncı veya eser kaydı",https://www.britannica.com/,Sanat ve edebiyat
q55077,art_mythology,"Britannica / ilgili müze, yayıncı veya eser kaydı",https://www.britannica.com/,Sanat ve edebiyat
q55078,art_mythology,"Britannica / ilgili müze, yayıncı veya eser kaydı",https://www.britannica.com/,Sanat ve edebiyat
q55079,art_mythology,"Britannica / ilgili müze, yayıncı veya eser kaydı",https://www.britannica.com/,Sanat ve edebiyat
q55080,art_mythology,"Britannica / ilgili müze, yayıncı veya eser kaydı",https://www.britannica.com/,Sanat ve edebiyat
q55081,art_mythology,"Britannica / ilgili müze, yayıncı veya eser kaydı",https://www.britannica.com/,Sanat ve edebiyat
q55082,art_mythology,"Britannica / ilgili müze, yayıncı veya eser kaydı",https://www.britannica.com/,Sanat ve edebiyat
q55083,art_mythology,"Britannica / ilgili müze, yayıncı veya eser kaydı",https://www.britannica.com/,Sanat ve edebiyat
q55084,art_mythology,"Britannica / ilgili müze, yayıncı veya eser kaydı",https://www.britannica.com/,Sanat ve edebiyat
q55085,art_mythology,"Britannica / ilgili müze, yayıncı veya eser kaydı",https://www.britannica.com/,Sanat ve edebiyat
q55086,art_mythology,"Britannica / ilgili müze, yayıncı veya eser kaydı",https://www.britannica.com/,Sanat ve edebiyat
q55087,art_mythology,"Britannica / ilgili müze, yayıncı veya eser kaydı",https://www.britannica.com/,Sanat ve edebiyat
q55088,art_mythology,"Britannica / ilgili müze, yayıncı veya eser kaydı",https://www.britannica.com/,Sanat ve edebiyat
q55089,sci_nih,NIH / NLM,https://www.nih.gov/,İnsan biyolojisi ve tıp tarihi
q55090,sci_nih,NIH / NLM,https://www.nih.gov/,İnsan biyolojisi ve tıp tarihi
q55091,sci_chemistry,Britannica / ilgili bilim kurumu,https://www.britannica.com/science,Bilimsel genel bilgi
q55092,sci_nih,NIH / NLM,https://www.nih.gov/,İnsan biyolojisi ve tıp tarihi
q55093,sci_chemistry,Britannica / ilgili bilim kurumu,https://www.britannica.com/science,Bilimsel genel bilgi
q55094,sci_chemistry,Britannica / ilgili bilim kurumu,https://www.britannica.com/science,Bilimsel genel bilgi
q55095,sci_food,Britannica / ilgili bilim kurumu,https://www.britannica.com/science,Bilimsel genel bilgi
q55096,sci_food,Britannica / ilgili bilim kurumu,https://www.britannica.com/science,Bilimsel genel bilgi
q55097,sci_food,Britannica / ilgili bilim kurumu,https://www.britannica.com/science,Bilimsel genel bilgi
q55098,sci_food,Britannica / ilgili bilim kurumu,https://www.britannica.com/science,Bilimsel genel bilgi
q55099,sci_food,Britannica / ilgili bilim kurumu,https://www.britannica.com/science,Bilimsel genel bilgi
q55100,sci_food,Britannica / ilgili bilim kurumu,https://www.britannica.com/science,Bilimsel genel bilgi
q55101,sci_food,Britannica / ilgili bilim kurumu,https://www.britannica.com/science,Bilimsel genel bilgi
q55102,sci_food,Britannica / ilgili bilim kurumu,https://www.britannica.com/science,Bilimsel genel bilgi
q55103,sci_food,Britannica / ilgili bilim kurumu,https://www.britannica.com/science,Bilimsel genel bilgi
q55104,sci_food,Britannica / ilgili bilim kurumu,https://www.britannica.com/science,Bilimsel genel bilgi
q55105,sport_fifa,FIFA,https://www.fifa.com/,Futbol tarihi ve turnuvalar
q55106,sport_fifa,FIFA,https://www.fifa.com/,Futbol tarihi ve turnuvalar
q55107,sport_fifa,FIFA,https://www.fifa.com/,Futbol tarihi ve turnuvalar
q55108,sport_fifa,FIFA,https://www.fifa.com/,Futbol tarihi ve turnuvalar
q55109,sport_fifa,FIFA,https://www.fifa.com/,Futbol tarihi ve turnuvalar
q55110,sport_fifa,FIFA,https://www.fifa.com/,Futbol tarihi ve turnuvalar
q55111,sport_nba,NBA,https://www.nba.com/,Basketbol kuralları ve tarihi
q55112,sport_nfl,NFL,https://www.nfl.com/,Amerikan futbolu
q55113,sport_nhl,NHL,https://www.nhl.com/,Buz hokeyi
q55114,sport_mlb,MLB,https://www.mlb.com/,Beyzbol
q55115,sport_rugby,İlgili uluslararası spor federasyonu,https://www.olympics.com/,Spor kuralı ve tarih kaydı
q55116,sport_itf,International Tennis Federation,https://www.itftennis.com/,Tenis kuralları ve tarihi
q55117,sport_itf,International Tennis Federation,https://www.itftennis.com/,Tenis kuralları ve tarihi
q55118,sport_golf,İlgili uluslararası spor federasyonu,https://www.olympics.com/,Spor kuralı ve tarih kaydı
q55119,sport_sailing,World Sailing,https://www.sailing.org/,Yelken
q55120,sport_cricket,İlgili uluslararası spor federasyonu,https://www.olympics.com/,Spor kuralı ve tarih kaydı
